filename,k,freq_hz,magnitude,width_hz,noise_floor,snr
B_S2_D1_067-bebop_000_.wav,1,45.6471,3.88E+02,21.4844,9.29E+01,4.1732
B_S2_D1_067-bebop_000_.wav,2,92.3435,1.91E+02,38.0859,1.17E+02,1.6317
B_S2_D1_067-bebop_000_.wav,3,138.8027,1.32E+02,35.1562,7.76E+01,1.6969
B_S2_D1_067-bebop_000_.wav,4,183.8542,7.36E+01,35.1562,5.24E+01,1.4056
B_S2_D1_067-bebop_000_.wav,5,226.5625,5.23E+01,15.625,4.23E+01,1.2365
B_S2_D1_067-bebop_000_.wav,6,275.0641,3.89E+01,34.1797,3.19E+01,1.2196
B_S2_D1_067-bebop_000_.wav,7,324.2188,1.87E+01,36.1328,2.59E+01,0.72
B_S2_D1_067-bebop_000_.wav,8,366.1141,2.69E+01,34.1797,2.42E+01,1.1123
B_S2_D1_067-bebop_000_.wav,9,411.5983,6.86E+01,38.0859,2.55E+01,2.6947
B_S2_D1_067-bebop_000_.wav,10,456.0547,2.54E+01,7.8125,1.57E+01,1.6134
B_S2_D1_067-bebop_001_.wav,1,48.8579,2.40E+02,0.9766,2.20E+01,10.905
B_S2_D1_067-bebop_001_.wav,2,100.5859,6.86E+01,19.5312,2.06E+01,3.3205
B_S2_D1_067-bebop_001_.wav,3,149.4141,8.86E+00,38.0859,6.27E+00,1.413
B_S2_D1_067-bebop_001_.wav,4,197.6856,5.31E+00,38.0859,3.18E+00,1.6695
B_S2_D1_067-bebop_001_.wav,5,247.0703,9.52E+00,5.8594,2.89E+00,3.2972
B_S2_D1_067-bebop_001_.wav,6,295.8984,2.37E+01,4.8828,3.80E+00,6.2439
B_S2_D1_067-bebop_001_.wav,7,344.7266,2.55E+01,14.6484,1.40E+01,1.8187
B_S2_D1_067-bebop_001_.wav,8,393.5547,7.84E+01,26.3672,2.51E+01,3.1219
B_S2_D1_067-bebop_001_.wav,9,438.8568,3.31E+01,15.625,1.22E+01,2.7217
B_S2_D1_067-bebop_001_.wav,10,488.0496,5.88E+00,31.25,3.61E+00,1.6292
B_S2_D1_067-bebop_002_.wav,1,49.8529,2.90E+02,21.4844,5.78E+01,5.0199
B_S2_D1_067-bebop_002_.wav,2,102.5391,6.06E+01,37.1094,6.87E+01,0.8822
B_S2_D1_067-bebop_002_.wav,3,147.5816,8.53E+01,37.1094,4.55E+01,1.8738
B_S2_D1_067-bebop_002_.wav,4,197.0341,2.82E+01,38.0859,2.64E+01,1.0708
B_S2_D1_067-bebop_002_.wav,5,248.1212,1.99E+01,39.0625,1.34E+01,1.4832
B_S2_D1_067-bebop_002_.wav,6,295.8984,1.32E+01,31.25,6.00E+00,2.1998
B_S2_D1_067-bebop_002_.wav,7,350.24,1.13E+01,19.5312,6.89E+00,1.6448
B_S2_D1_067-bebop_002_.wav,8,396.3488,7.80E+00,38.0859,1.16E+01,0.6714
B_S2_D1_067-bebop_002_.wav,9,445.8023,5.67E+00,10.7422,4.12E+00,1.3773
B_S2_D1_067-bebop_002_.wav,10,500.1881,4.69E+00,37.1094,2.97E+00,1.5785
B_S2_D1_067-bebop_003_.wav,1,68.3437,2.90E+02,33.2031,8.98E+01,3.2291
B_S2_D1_067-bebop_003_.wav,2,139.6484,1.16E+02,37.1094,5.56E+01,2.0905
B_S2_D1_067-bebop_003_.wav,3,206.0713,9.26E+01,33.2031,4.62E+01,2.0028
B_S2_D1_067-bebop_003_.wav,4,270.5078,2.96E+01,26.3672,2.33E+01,1.27
B_S2_D1_067-bebop_003_.wav,5,340.3956,2.56E+01,37.1094,2.10E+01,1.2151
B_S2_D1_067-bebop_003_.wav,6,413.0859,2.55E+01,0.9766,1.34E+01,1.9086
B_S2_D1_067-bebop_003_.wav,7,476.7651,2.46E+00,38.0859,2.97E+00,0.8274
B_S2_D1_067-bebop_003_.wav,8,543.9453,4.38E+00,1.9531,3.18E+00,1.3755
B_S2_D1_067-bebop_003_.wav,9,617.1718,3.12E+00,36.1328,2.18E+00,1.4262
B_S2_D1_067-bebop_003_.wav,10,680.6641,6.98E+00,23.4375,3.23E+00,2.157
B_S2_D1_067-bebop_004_.wav,1,48.3539,2.13E+02,1.1161,1.60E+01,13.3283
B_S2_D1_067-bebop_004_.wav,2,97.1535,3.59E+01,18.9732,1.80E+01,1.9957
B_S2_D1_067-bebop_004_.wav,3,143.0376,9.29E+00,14.5089,7.43E+00,1.2504
B_S2_D1_067-bebop_004_.wav,4,194.6373,4.78E+00,30.1339,3.11E+00,1.5378
B_S2_D1_067-bebop_004_.wav,5,240.7363,4.23E+00,12.2768,2.59E+00,1.6312
B_S2_D1_067-bebop_004_.wav,6,287.3168,2.44E+00,30.1339,1.83E+00,1.3327
B_S2_D1_067-bebop_004_.wav,7,339.2857,2.24E+00,13.3929,2.25E+00,0.9937
B_S2_D1_067-bebop_004_.wav,8,382.9605,5.02E+01,13.3929,1.47E+01,3.4244
B_S2_D1_067-bebop_004_.wav,9,430.7244,1.28E+01,4.4643,6.67E+00,1.9121
B_S2_D1_067-bebop_004_.wav,10,481.0255,3.86E+00,18.9732,2.42E+00,1.5992
B_S2_D1_068-bebop_000_.wav,1,43.0776,7.30E+02,20.5078,1.53E+02,4.7731
B_S2_D1_068-bebop_000_.wav,2,88.8672,1.94E+02,37.1094,2.34E+02,0.8301
B_S2_D1_068-bebop_000_.wav,3,125.9766,3.85E+02,39.0625,1.86E+02,2.0641
B_S2_D1_068-bebop_000_.wav,4,174.8047,2.46E+02,36.1328,1.54E+02,1.5983
B_S2_D1_068-bebop_000_.wav,5,215.7629,3.02E+02,36.1328,1.15E+02,2.6182
B_S2_D1_068-bebop_000_.wav,6,259.279,1.41E+02,34.1797,8.32E+01,1.7012
B_S2_D1_068-bebop_000_.wav,7,299.3118,1.14E+02,35.1562,7.70E+01,1.4867
B_S2_D1_068-bebop_000_.wav,8,344.9769,1.10E+02,37.1094,7.29E+01,1.5117
B_S2_D1_068-bebop_000_.wav,9,383.7891,9.94E+01,27.3438,6.10E+01,1.6301
B_S2_D1_068-bebop_000_.wav,10,430.34,1.07E+02,33.2031,4.21E+01,2.5516
B_S2_D1_068-bebop_001_.wav,1,69.0708,5.12E+02,20.5078,1.27E+02,4.0489
B_S2_D1_068-bebop_001_.wav,2,140.2888,1.02E+02,37.1094,7.20E+01,1.4127
B_S2_D1_068-bebop_001_.wav,3,208.8018,1.30E+02,37.1094,5.07E+01,2.5625
B_S2_D1_068-bebop_001_.wav,4,278.4879,2.98E+01,32.2266,2.57E+01,1.1588
B_S2_D1_068-bebop_001_.wav,5,345.487,2.35E+01,2.9297,1.73E+01,1.3618
B_S2_D1_068-bebop_001_.wav,6,416.9567,4.77E+01,1.9531,1.79E+01,2.6616
B_S2_D1_068-bebop_001_.wav,7,486.5048,6.21E+00,33.2031,5.82E+00,1.0677
B_S2_D1_068-bebop_001_.wav,8,551.7578,6.41E+00,32.2266,4.76E+00,1.3462
B_S2_D1_068-bebop_001_.wav,9,624.7638,9.47E+00,36.1328,3.74E+00,2.5357
B_S2_D1_068-bebop_001_.wav,10,693.5173,4.49E+00,0.9766,3.83E+00,1.1713
B_S2_D1_068-bebop_002_.wav,1,62.6816,2.02E+02,22.4609,4.19E+01,4.8273
B_S2_D1_068-bebop_002_.wav,2,125.1099,5.70E+01,39.0625,4.00E+01,1.4252
B_S2_D1_068-bebop_002_.wav,3,186.7361,3.56E+01,39.0625,2.80E+01,1.2704
B_S2_D1_068-bebop_002_.wav,4,250.5971,1.65E+01,29.2969,1.16E+01,1.4225
B_S2_D1_068-bebop_002_.wav,5,315.4297,8.58E+00,35.1562,8.62E+00,0.9959
B_S2_D1_068-bebop_002_.wav,6,377.9297,5.72E+01,14.6484,1.30E+01,4.4001
B_S2_D1_068-bebop_002_.wav,7,437.3827,1.21E+01,24.4141,6.60E+00,1.8282
B_S2_D1_068-bebop_002_.wav,8,501.7985,7.33E+00,37.1094,3.25E+00,2.2529
B_S2_D1_068-bebop_002_.wav,9,561.6567,8.78E+00,22.4609,2.93E+00,2.9958
B_S2_D1_068-bebop_002_.wav,10,627.9297,4.01E+00,6.8359,2.81E+00,1.4272
B_S2_D1_068-bebop_003_.wav,1,48.6077,1.92E+02,1.9531,1.91E+01,10.0601
B_S2_D1_068-bebop_003_.wav,2,98.4619,2.53E+01,8.7891,1.94E+01,1.3041
B_S2_D1_068-bebop_003_.wav,3,143.5547,2.94E+01,8.7891,8.98E+00,3.2714
B_S2_D1_068-bebop_003_.wav,4,196.1956,9.82E+00,17.5781,4.48E+00,2.1936
B_S2_D1_068-bebop_003_.wav,5,245.0593,8.00E+00,27.3438,3.55E+00,2.2553
B_S2_D1_068-bebop_003_.wav,6,290.0391,6.59E+00,15.625,2.32E+00,2.8422
B_S2_D1_068-bebop_003_.wav,7,342.3802,2.39E+00,21.4844,2.09E+00,1.1434
B_S2_D1_068-bebop_003_.wav,8,387.6953,2.18E+01,2.9297,1.22E+01,1.7908
B_S2_D1_068-bebop_003_.wav,9,437.4831,2.36E+01,6.8359,4.80E+00,4.9221
B_S2_D1_068-bebop_003_.wav,10,487.112,3.85E+00,35.1562,2.20E+00,1.7532
B_S2_D1_068-bebop_004_.wav,1,48.7777,1.84E+02,1.1161,1.44E+01,12.7493
B_S2_D1_068-bebop_004_.wav,2,99.7628,3.73E+01,17.8571,1.12E+01,3.3353
B_S2_D1_068-bebop_004_.wav,3,148.2246,5.83E+00,14.5089,3.98E+00,1.4653
B_S2_D1_068-bebop_004_.wav,4,199.7768,4.63E+00,31.25,2.05E+00,2.2563
B_S2_D1_068-bebop_004_.wav,5,248.8839,6.05E+00,18.9732,2.03E+00,2.9784
B_S2_D1_068-bebop_004_.wav,6,297.9911,6.09E+00,18.9732,2.03E+00,3.0041
B_S2_D1_068-bebop_004_.wav,7,341.4757,5.30E+00,22.3214,2.73E+00,1.9396
B_S2_D1_068-bebop_004_.wav,8,396.2054,2.14E+02,4.4643,1.08E+01,19.7931
B_S2_D1_068-bebop_004_.wav,9,439.7321,5.82E+00,3.3482,3.30E+00,1.7627
B_S2_D1_068-bebop_004_.wav,10,492.0271,4.33E+00,35.7143,2.48E+00,1.7453
B_S2_D1_069-bebop_000_.wav,1,48.7156,2.51E+02,5.8594,1.57E+01,15.955
B_S2_D1_069-bebop_000_.wav,2,99.913,4.56E+01,38.0859,1.88E+01,2.4317
B_S2_D1_069-bebop_000_.wav,3,149.4141,3.95E+01,3.9062,5.86E+00,6.7313
B_S2_D1_069-bebop_000_.wav,4,192.951,4.35E+00,39.0625,3.18E+00,1.3678
B_S2_D1_069-bebop_000_.wav,5,243.1901,1.62E+01,5.8594,2.26E+00,7.1634
B_S2_D1_069-bebop_000_.wav,6,295.8984,1.46E+01,4.8828,2.08E+00,7.0019
B_S2_D1_069-bebop_000_.wav,7,341.8456,8.12E+00,4.8828,3.94E+00,2.063
B_S2_D1_069-bebop_000_.wav,8,389.8596,6.63E+00,38.0859,7.87E+00,0.8425
B_S2_D1_069-bebop_000_.wav,9,437.7117,2.37E+01,32.2266,6.57E+00,3.6145
B_S2_D1_069-bebop_000_.wav,10,491.2109,4.60E+00,32.2266,3.07E+00,1.5007
B_S2_D1_069-bebop_001_.wav,1,48.9632,8.11E+01,0.9766,5.48E+00,14.8007
B_S2_D1_069-bebop_001_.wav,2,100.0367,4.18E+01,36.1328,7.12E+00,5.8659
B_S2_D1_069-bebop_001_.wav,3,147.5526,2.68E+01,1.9531,2.76E+00,9.7286
B_S2_D1_069-bebop_001_.wav,4,193.3846,2.63E+00,23.4375,1.65E+00,1.5969
B_S2_D1_069-bebop_001_.wav,5,244.2666,1.69E+00,4.8828,1.58E+00,1.0674
B_S2_D1_069-bebop_001_.wav,6,295.345,1.63E+01,5.8594,2.34E+00,6.9825
B_S2_D1_069-bebop_001_.wav,7,344.7266,5.56E+01,20.5078,4.43E+00,12.5638
B_S2_D1_069-bebop_001_.wav,8,391.2697,4.56E+00,33.2031,6.40E+00,0.713
B_S2_D1_069-bebop_001_.wav,9,442.3828,5.76E+01,23.4375,6.22E+00,9.2576
B_S2_D1_069-bebop_001_.wav,10,485.3516,3.03E+00,34.1797,2.77E+00,1.0917
B_S2_D1_069-bebop_002_.wav,1,57.2276,2.96E+02,26.3672,6.28E+01,4.7182
B_S2_D1_069-bebop_002_.wav,2,116.5091,6.94E+01,33.2031,4.88E+01,1.4224
B_S2_D1_069-bebop_002_.wav,3,175.7812,5.22E+01,35.1562,2.80E+01,1.8622
B_S2_D1_069-bebop_002_.wav,4,227.5391,3.47E+01,29.2969,1.69E+01,2.0575
B_S2_D1_069-bebop_002_.wav,5,289.3982,1.25E+01,37.1094,1.03E+01,1.2111
B_S2_D1_069-bebop_002_.wav,6,344.9893,2.86E+01,31.25,1.02E+01,2.8216
B_S2_D1_069-bebop_002_.wav,7,401.0535,1.12E+01,38.0859,6.90E+00,1.63
B_S2_D1_069-bebop_002_.wav,8,458.0078,1.89E+01,4.8828,5.97E+00,3.1663
B_S2_D1_069-bebop_002_.wav,9,519.5018,4.63E+00,39.0625,2.97E+00,1.5583
B_S2_D1_069-bebop_002_.wav,10,573.2422,3.92E+00,30.2734,3.45E+00,1.1374
B_S2_D1_069-bebop_003_.wav,1,49.0189,1.06E+02,20.5078,1.72E+01,6.1766
B_S2_D1_069-bebop_003_.wav,2,99.6458,3.62E+01,30.2734,1.62E+01,2.2372
B_S2_D1_069-bebop_003_.wav,3,143.5547,1.67E+01,32.2266,9.20E+00,1.8132
B_S2_D1_069-bebop_003_.wav,4,198.2422,6.06E+00,31.25,3.73E+00,1.6241
B_S2_D1_069-bebop_003_.wav,5,247.0703,7.68E+00,19.5312,3.46E+00,2.2187
B_S2_D1_069-bebop_003_.wav,6,292.8891,6.92E+00,19.5312,2.48E+00,2.7934
B_S2_D1_069-bebop_003_.wav,7,339.7776,2.82E+00,34.1797,2.42E+00,1.1669
B_S2_D1_069-bebop_003_.wav,8,393.5547,6.69E+01,29.2969,1.01E+01,6.6443
B_S2_D1_069-bebop_003_.wav,9,436.5234,9.29E+00,3.9062,4.59E+00,2.0239
B_S2_D1_069-bebop_003_.wav,10,491.2109,2.00E+00,13.6719,2.73E+00,0.7343
B_S2_D1_069-bebop_004_.wav,1,53.864,1.48E+02,10.0446,2.16E+01,6.8381
B_S2_D1_069-bebop_004_.wav,2,110.4911,3.39E+01,20.0893,1.96E+01,1.7262
B_S2_D1_069-bebop_004_.wav,3,157.3661,1.99E+01,12.2768,6.39E+00,3.1077
B_S2_D1_069-bebop_004_.wav,4,210.9375,2.87E+00,31.25,2.71E+00,1.059
B_S2_D1_069-bebop_004_.wav,5,270.0893,1.26E+01,18.9732,3.89E+00,3.2381
B_S2_D1_069-bebop_004_.wav,6,322.9136,6.96E+00,35.7143,9.79E+00,0.7108
B_S2_D1_069-bebop_004_.wav,7,371.6518,2.79E+01,18.9732,1.03E+01,2.7241
B_S2_D1_069-bebop_004_.wav,8,430.8036,3.73E+01,27.9018,1.24E+01,2.9955
B_S2_D1_069-bebop_004_.wav,9,482.9947,8.58E+00,17.8571,5.60E+00,1.5334
B_S2_D1_069-bebop_004_.wav,10,537.7445,9.46E+00,37.9464,4.25E+00,2.2257
B_S2_D1_070-bebop_000_.wav,1,48.7478,2.58E+02,20.5078,4.64E+01,5.5597
B_S2_D1_070-bebop_000_.wav,2,100.5859,1.15E+02,18.5547,3.95E+01,2.9035
B_S2_D1_070-bebop_000_.wav,3,146.4637,4.40E+01,30.2734,2.27E+01,1.9415
B_S2_D1_070-bebop_000_.wav,4,194.4002,1.85E+01,22.4609,8.90E+00,2.0774
B_S2_D1_070-bebop_000_.wav,5,241.2109,7.17E+00,19.5312,5.45E+00,1.3163
B_S2_D1_070-bebop_000_.wav,6,292.9826,7.72E+00,10.7422,7.56E+00,1.0214
B_S2_D1_070-bebop_000_.wav,7,338.8672,2.82E+01,6.8359,7.36E+00,3.8274
B_S2_D1_070-bebop_000_.wav,8,393.5547,1.88E+00,38.0859,3.18E+00,0.5921
B_S2_D1_070-bebop_000_.wav,9,437.9546,4.00E+00,4.8828,4.59E+00,0.8709
B_S2_D1_070-bebop_000_.wav,10,491.2109,7.01E+01,11.7188,1.03E+01,6.8261
B_S2_D1_070-bebop_001_.wav,1,48.8459,9.17E+01,31.25,2.20E+01,4.1654
B_S2_D1_070-bebop_001_.wav,2,100.5859,3.71E+01,24.4141,1.81E+01,2.0489
B_S2_D1_070-bebop_001_.wav,3,144.5211,1.80E+01,7.8125,6.18E+00,2.9202
B_S2_D1_070-bebop_001_.wav,4,198.2422,4.85E+00,25.3906,2.39E+00,2.0264
B_S2_D1_070-bebop_001_.wav,5,242.1034,3.86E+00,29.2969,2.18E+00,1.7687
B_S2_D1_070-bebop_001_.wav,6,295.8984,2.59E+00,6.8359,2.09E+00,1.2434
B_S2_D1_070-bebop_001_.wav,7,343.6753,1.88E+01,19.5312,5.74E+00,3.2729
B_S2_D1_070-bebop_001_.wav,8,391.4189,1.04E+01,2.9297,1.91E+01,0.5438
B_S2_D1_070-bebop_001_.wav,9,439.1167,3.35E+01,21.4844,5.29E+00,6.3304
B_S2_D1_070-bebop_001_.wav,10,491.2109,1.57E+00,38.0859,2.31E+00,0.6802
B_S2_D1_070-bebop_002_.wav,1,48.8919,1.70E+02,0.9766,2.14E+00,79.5702
B_S2_D1_070-bebop_002_.wav,2,100.0511,3.47E+01,0.9766,4.04E+00,8.593
B_S2_D1_070-bebop_002_.wav,3,148.6768,9.72E+01,1.9531,2.04E+00,47.6968
B_S2_D1_070-bebop_002_.wav,4,198.2422,1.72E+00,9.7656,1.51E+00,1.1366
B_S2_D1_070-bebop_002_.wav,5,245.9167,3.83E+00,37.1094,1.89E+00,2.0282
B_S2_D1_070-bebop_002_.wav,6,294.9905,1.35E+01,26.3672,2.60E+00,5.2168
B_S2_D1_070-bebop_002_.wav,7,344.7266,1.80E+01,7.8125,6.38E+00,2.8197
B_S2_D1_070-bebop_002_.wav,8,391.6355,8.47E+00,37.1094,1.34E+01,0.6301
B_S2_D1_070-bebop_002_.wav,9,441.494,4.47E+01,20.5078,9.03E+00,4.953
B_S2_D1_070-bebop_002_.wav,10,488.6058,4.28E+00,37.1094,3.17E+00,1.3476
B_S2_D1_070-bebop_003_.wav,1,48.5779,1.93E+02,17.5781,2.23E+01,8.6737
B_S2_D1_070-bebop_003_.wav,2,100.5859,5.72E+01,20.5078,2.31E+01,2.4786
B_S2_D1_070-bebop_003_.wav,3,147.4633,4.44E+01,17.5781,8.61E+00,5.1588
B_S2_D1_070-bebop_003_.wav,4,198.2422,9.32E+00,36.1328,5.17E+00,1.8015
B_S2_D1_070-bebop_003_.wav,5,243.4043,3.28E+00,37.1094,3.28E+00,1
B_S2_D1_070-bebop_003_.wav,6,293.4114,1.04E+01,26.3672,2.74E+00,3.7726
B_S2_D1_070-bebop_003_.wav,7,343.0749,1.99E+00,38.0859,2.86E+00,0.6955
B_S2_D1_070-bebop_003_.wav,8,391.8376,6.14E+01,19.5312,1.66E+01,3.6999
B_S2_D1_070-bebop_003_.wav,9,440.6867,1.55E+01,19.5312,6.90E+00,2.2539
B_S2_D1_070-bebop_003_.wav,10,487.7624,2.14E+00,38.0859,2.64E+00,0.8113
B_S2_D1_070-bebop_004_.wav,1,49.6612,1.74E+02,22.3214,2.78E+01,6.2715
B_S2_D1_070-bebop_004_.wav,2,100.2575,5.08E+01,36.8304,2.63E+01,1.9324
B_S2_D1_070-bebop_004_.wav,3,150.6696,1.32E+01,21.2054,1.01E+01,1.3162
B_S2_D1_070-bebop_004_.wav,4,194.1964,7.15E+00,24.5536,3.98E+00,1.795
B_S2_D1_070-bebop_004_.wav,5,243.9948,5.08E+00,17.8571,2.82E+00,1.8018
B_S2_D1_070-bebop_004_.wav,6,291.2946,3.20E+00,29.0179,2.00E+00,1.5957
B_S2_D1_070-bebop_004_.wav,7,341.8787,4.97E+00,23.4375,2.04E+00,2.4383
B_S2_D1_070-bebop_004_.wav,8,396.2054,2.07E+02,6.6964,6.91E+00,29.9709
B_S2_D1_070-bebop_004_.wav,9,441.9005,4.99E+00,8.9286,2.90E+00,1.7199
B_S2_D1_070-bebop_004_.wav,10,494.4196,2.58E+00,12.2768,2.36E+00,1.0896
B_S2_D1_071-bebop_000_.wav,1,46.7649,5.16E+01,10.7422,6.56E+00,7.8639
B_S2_D1_071-bebop_000_.wav,2,90.8203,1.78E+01,0.9766,7.74E+00,2.2934
B_S2_D1_071-bebop_000_.wav,3,139.4632,1.31E+01,12.6953,2.94E+00,4.4674
B_S2_D1_071-bebop_000_.wav,4,188.761,2.00E+00,37.1094,1.07E+00,1.8666
B_S2_D1_071-bebop_000_.wav,5,233.6335,1.46E+00,8.7891,1.32E+00,1.106
B_S2_D1_071-bebop_000_.wav,6,279.185,6.68E+00,39.0625,1.44E+00,4.6289
B_S2_D1_071-bebop_000_.wav,7,325.1953,3.03E+00,30.2734,1.59E+00,1.908
B_S2_D1_071-bebop_000_.wav,8,377.9297,3.15E+01,10.7422,5.93E+00,5.3134
B_S2_D1_071-bebop_000_.wav,9,420.5605,4.18E+01,6.8359,7.99E+00,5.2266
B_S2_D1_071-bebop_000_.wav,10,465.8203,9.28E-01,39.0625,1.98E+00,0.4696
B_S2_D1_071-bebop_001_.wav,1,54.0437,2.42E+02,23.4375,3.50E+01,6.9231
B_S2_D1_071-bebop_001_.wav,2,108.4613,1.98E+01,32.2266,2.06E+01,0.9609
B_S2_D1_071-bebop_001_.wav,3,158.2031,1.72E+01,19.5312,1.04E+01,1.6488
B_S2_D1_071-bebop_001_.wav,4,217.7734,2.87E+00,31.25,3.34E+00,0.8599
B_S2_D1_071-bebop_001_.wav,5,269.2021,8.61E+00,39.0625,2.56E+00,3.3634
B_S2_D1_071-bebop_001_.wav,6,323.209,1.87E+00,39.0625,1.83E+00,1.0261
B_S2_D1_071-bebop_001_.wav,7,376.5922,8.15E+01,7.8125,7.64E+00,10.6625
B_S2_D1_071-bebop_001_.wav,8,427.7204,2.65E+01,1.9531,9.44E+00,2.8071
B_S2_D1_071-bebop_001_.wav,9,486.3281,2.35E+00,5.8594,2.26E+00,1.039
B_S2_D1_071-bebop_001_.wav,10,538.2266,3.31E+00,37.1094,2.86E+00,1.1579
B_S2_D1_071-bebop_002_.wav,1,65.3514,1.96E+02,29.2969,4.19E+01,4.6755
B_S2_D1_071-bebop_002_.wav,2,130.6507,1.53E+01,39.0625,1.75E+01,0.8775
B_S2_D1_071-bebop_002_.wav,3,195.4789,8.91E+00,36.1328,6.75E+00,1.3192
B_S2_D1_071-bebop_002_.wav,4,258.7891,5.19E+00,32.2266,3.65E+00,1.4205
B_S2_D1_071-bebop_002_.wav,5,324.2188,1.76E+00,31.25,2.52E+00,0.6957
B_S2_D1_071-bebop_002_.wav,6,395.5078,1.29E+01,26.3672,2.14E+01,0.6046
B_S2_D1_071-bebop_002_.wav,7,455.9383,4.73E+00,2.9297,5.26E+00,0.8986
B_S2_D1_071-bebop_002_.wav,8,522.1278,3.98E+00,31.25,2.83E+00,1.4055
B_S2_D1_071-bebop_002_.wav,9,589.8831,1.11E+01,12.6953,3.21E+00,3.4567
B_S2_D1_071-bebop_002_.wav,10,651.3672,2.34E+00,38.0859,2.51E+00,0.9343
B_S2_D1_071-bebop_003_.wav,1,61.9729,3.49E+02,24.4141,7.37E+01,4.7372
B_S2_D1_071-bebop_003_.wav,2,120.1172,9.65E+01,16.6016,5.00E+01,1.9308
B_S2_D1_071-bebop_003_.wav,3,182.1542,3.37E+01,16.6016,1.85E+01,1.8253
B_S2_D1_071-bebop_003_.wav,4,245.05,3.57E+01,33.2031,1.21E+01,2.9518
B_S2_D1_071-bebop_003_.wav,5,304.6875,1.15E+01,37.1094,8.14E+00,1.4149
B_S2_D1_071-bebop_003_.wav,6,372.0703,8.45E+01,2.9297,1.29E+01,6.5311
B_S2_D1_071-bebop_003_.wav,7,432.3753,1.18E+01,7.8125,9.35E+00,1.2671
B_S2_D1_071-bebop_003_.wav,8,492.2172,3.29E+00,36.1328,4.06E+00,0.8109
B_S2_D1_071-bebop_003_.wav,9,553.0471,1.76E+01,24.4141,3.69E+00,4.7655
B_S2_D1_071-bebop_003_.wav,10,614.4276,2.68E+00,25.3906,2.51E+00,1.0671
B_S2_D1_071-bebop_004_.wav,1,61.9295,6.60E+02,17.8571,1.37E+02,4.8273
B_S2_D1_071-bebop_004_.wav,2,124.7541,2.01E+02,36.8304,1.37E+02,1.4717
B_S2_D1_071-bebop_004_.wav,3,184.1012,8.04E+01,27.9018,5.51E+01,1.46
B_S2_D1_071-bebop_004_.wav,4,246.0815,6.50E+01,33.4821,3.15E+01,2.0647
B_S2_D1_071-bebop_004_.wav,5,310.2679,4.01E+01,35.7143,1.38E+01,2.9022
B_S2_D1_071-bebop_004_.wav,6,370.1723,8.19E+01,5.5804,1.39E+01,5.8887
B_S2_D1_071-bebop_004_.wav,7,431.3414,5.78E+01,29.0179,1.39E+01,4.1524
B_S2_D1_071-bebop_004_.wav,8,488.8393,9.74E+00,37.9464,8.15E+00,1.1951
B_S2_D1_071-bebop_004_.wav,9,551.6228,1.24E+01,32.3661,6.21E+00,1.9972
B_S2_D1_071-bebop_004_.wav,10,612.0337,7.42E+00,35.7143,3.84E+00,1.9324
B_S2_D1_072-bebop_000_.wav,1,54.4789,4.59E+02,18.5547,7.44E+01,6.1771
B_S2_D1_072-bebop_000_.wav,2,106.4453,5.43E+01,35.1562,6.15E+01,0.8825
B_S2_D1_072-bebop_000_.wav,3,163.1715,5.38E+01,19.5312,3.03E+01,1.7762
B_S2_D1_072-bebop_000_.wav,4,220.626,2.96E+01,36.1328,2.32E+01,1.278
B_S2_D1_072-bebop_000_.wav,5,275.4227,1.58E+01,36.1328,1.38E+01,1.148
B_S2_D1_072-bebop_000_.wav,6,331.0547,1.06E+01,39.0625,1.12E+01,0.9423
B_S2_D1_072-bebop_000_.wav,7,379.8828,8.43E+00,4.8828,4.88E+00,1.7262
B_S2_D1_072-bebop_000_.wav,8,437.3372,1.63E+02,6.8359,4.02E+00,40.4518
B_S2_D1_072-bebop_000_.wav,9,490.8745,3.80E+00,6.8359,3.30E+00,1.1504
B_S2_D1_072-bebop_000_.wav,10,546.9739,4.00E+00,28.3203,3.22E+00,1.2445
B_S2_D1_072-bebop_001_.wav,1,47.6554,2.61E+02,29.2969,5.26E+01,4.9664
B_S2_D1_072-bebop_001_.wav,2,95.6957,1.23E+02,32.2266,6.70E+01,1.8375
B_S2_D1_072-bebop_001_.wav,3,141.1272,3.09E+01,34.1797,3.07E+01,1.0035
B_S2_D1_072-bebop_001_.wav,4,190.7014,2.94E+01,38.0859,1.57E+01,1.867
B_S2_D1_072-bebop_001_.wav,5,240.968,1.81E+01,38.0859,1.28E+01,1.4151
B_S2_D1_072-bebop_001_.wav,6,290.0391,1.77E+01,37.1094,1.05E+01,1.6762
B_S2_D1_072-bebop_001_.wav,7,334.8017,1.06E+01,9.7656,1.24E+01,0.8538
B_S2_D1_072-bebop_001_.wav,8,379.8828,4.55E+00,9.7656,6.43E+00,0.7081
B_S2_D1_072-bebop_001_.wav,9,429.8889,7.52E+00,1.9531,5.82E+00,1.2932
B_S2_D1_072-bebop_001_.wav,10,479.099,8.63E+00,27.3438,5.58E+00,1.548
B_S2_D1_072-bebop_002_.wav,1,50.5373,3.23E+02,16.6016,4.99E+01,6.4863
B_S2_D1_072-bebop_002_.wav,2,99.2466,1.25E+02,37.1094,6.66E+01,1.8777
B_S2_D1_072-bebop_002_.wav,3,151.773,1.30E+02,24.4141,4.14E+01,3.1414
B_S2_D1_072-bebop_002_.wav,4,206.0547,3.47E+01,28.3203,1.60E+01,2.1637
B_S2_D1_072-bebop_002_.wav,5,256.8359,1.36E+01,13.6719,1.06E+01,1.2758
B_S2_D1_072-bebop_002_.wav,6,301.7578,5.36E+01,6.8359,9.40E+00,5.7033
B_S2_D1_072-bebop_002_.wav,7,354.8795,2.06E+01,6.8359,6.68E+00,3.0865
B_S2_D1_072-bebop_002_.wav,8,403.3203,3.00E+00,34.1797,3.72E+00,0.8061
B_S2_D1_072-bebop_002_.wav,9,459.9609,5.68E+01,12.6953,4.21E+00,13.495
B_S2_D1_072-bebop_002_.wav,10,509.8922,4.85E+00,23.4375,2.49E+00,1.9482
B_S2_D1_072-bebop_003_.wav,1,45.7763,4.03E+02,16.6016,8.10E+01,4.9782
B_S2_D1_072-bebop_003_.wav,2,88.8672,1.79E+02,29.2969,1.12E+02,1.5963
B_S2_D1_072-bebop_003_.wav,3,140.625,5.84E+01,25.3906,4.94E+01,1.1812
B_S2_D1_072-bebop_003_.wav,4,181.7253,5.35E+01,39.0625,3.82E+01,1.4017
B_S2_D1_072-bebop_003_.wav,5,227.5207,6.25E+01,33.2031,2.43E+01,2.5748
B_S2_D1_072-bebop_003_.wav,6,278.3203,2.67E+01,38.0859,1.70E+01,1.5721
B_S2_D1_072-bebop_003_.wav,7,321.323,1.76E+01,11.7188,1.29E+01,1.3639
B_S2_D1_072-bebop_003_.wav,8,368.0582,6.67E+00,38.0859,6.19E+00,1.077
B_S2_D1_072-bebop_003_.wav,9,414.9979,8.61E+00,39.0625,6.19E+00,1.3912
B_S2_D1_072-bebop_003_.wav,10,458.7612,2.91E+01,4.8828,6.28E+00,4.6332
B_S2_D1_072-bebop_004_.wav,1,49.1216,2.41E+02,17.8571,4.09E+01,5.8751
B_S2_D1_072-bebop_004_.wav,2,97.4378,6.14E+01,35.7143,4.54E+01,1.3514
B_S2_D1_072-bebop_004_.wav,3,150.6696,4.85E+01,36.8304,2.64E+01,1.8361
B_S2_D1_072-bebop_004_.wav,4,195.8472,1.67E+01,20.0893,9.09E+00,1.8368
B_S2_D1_072-bebop_004_.wav,5,248.8839,1.00E+01,37.9464,6.40E+00,1.5691
B_S2_D1_072-bebop_004_.wav,6,292.811,3.52E+01,13.3929,7.71E+00,4.5708
B_S2_D1_072-bebop_004_.wav,7,342.0632,2.53E+01,35.7143,1.20E+01,2.1029
B_S2_D1_072-bebop_004_.wav,8,394.5298,5.33E+00,2.2321,9.83E+00,0.5426
B_S2_D1_072-bebop_004_.wav,9,443.4038,6.74E+01,17.8571,9.83E+00,6.8564
B_S2_D1_072-bebop_004_.wav,10,490.6577,3.72E+00,35.7143,2.34E+00,1.5923
B_S2_D1_073-bebop_000_.wav,1,53.4853,1.29E+02,29.2969,2.04E+01,6.3205
B_S2_D1_073-bebop_000_.wav,2,107.6362,3.37E+01,26.3672,1.64E+01,2.0607
B_S2_D1_073-bebop_000_.wav,3,163.0894,1.02E+01,32.2266,8.01E+00,1.2766
B_S2_D1_073-bebop_000_.wav,4,215.521,4.28E+00,32.2266,4.03E+00,1.0615
B_S2_D1_073-bebop_000_.wav,5,271.4844,1.33E+01,3.9062,2.66E+00,5.0014
B_S2_D1_073-bebop_000_.wav,6,322.3476,2.14E+00,35.1562,2.07E+00,1.0349
B_S2_D1_073-bebop_000_.wav,7,378.1052,7.66E+01,23.4375,9.24E+00,8.2949
B_S2_D1_073-bebop_000_.wav,8,427.2616,7.43E+00,5.8594,4.45E+00,1.6692
B_S2_D1_073-bebop_000_.wav,9,484.346,2.20E+00,37.1094,2.27E+00,0.9699
B_S2_D1_073-bebop_000_.wav,10,540.0391,5.59E+00,11.7188,3.29E+00,1.7008
B_S2_D1_073-bebop_001_.wav,1,54.9106,4.61E+02,26.3672,1.08E+02,4.2862
B_S2_D1_073-bebop_001_.wav,2,109.9094,1.51E+02,31.25,9.79E+01,1.5464
B_S2_D1_073-bebop_001_.wav,3,166.9922,7.48E+01,33.2031,5.56E+01,1.3436
B_S2_D1_073-bebop_001_.wav,4,216.4692,5.58E+01,31.25,3.67E+01,1.5195
B_S2_D1_073-bebop_001_.wav,5,272.4835,2.97E+01,12.6953,1.86E+01,1.5992
B_S2_D1_073-bebop_001_.wav,6,331.0547,1.31E+01,33.2031,1.57E+01,0.8331
B_S2_D1_073-bebop_001_.wav,7,381.6215,1.97E+01,29.2969,1.33E+01,1.484
B_S2_D1_073-bebop_001_.wav,8,439.4713,1.04E+02,14.6484,9.54E+00,10.8927
B_S2_D1_073-bebop_001_.wav,9,491.8898,6.24E+00,29.2969,4.90E+00,1.2722
B_S2_D1_073-bebop_001_.wav,10,548.3742,6.83E+00,34.1797,4.81E+00,1.4187
B_S2_D1_073-bebop_002_.wav,1,52.0751,4.23E+02,24.4141,9.26E+01,4.5662
B_S2_D1_073-bebop_002_.wav,2,104.752,1.45E+02,32.2266,9.89E+01,1.4703
B_S2_D1_073-bebop_002_.wav,3,152.3438,1.21E+02,26.3672,5.88E+01,2.0625
B_S2_D1_073-bebop_002_.wav,4,204.1016,5.51E+01,26.3672,3.63E+01,1.516
B_S2_D1_073-bebop_002_.wav,5,261.7188,5.13E+01,33.2031,2.79E+01,1.8362
B_S2_D1_073-bebop_002_.wav,6,313.4766,1.84E+01,1.9531,1.85E+01,0.9995
B_S2_D1_073-bebop_002_.wav,7,363.5225,1.59E+02,2.9297,1.11E+01,14.3327
B_S2_D1_073-bebop_002_.wav,8,416.9922,8.95E+00,1.9531,7.88E+00,1.1365
B_S2_D1_073-bebop_002_.wav,9,466.6019,4.51E+00,2.9297,6.15E+00,0.7332
B_S2_D1_073-bebop_002_.wav,10,514.6484,1.28E+01,14.6484,3.74E+00,3.4309
B_S2_D1_073-bebop_003_.wav,1,58.4676,1.98E+02,26.3672,4.09E+01,4.8463
B_S2_D1_073-bebop_003_.wav,2,117.1048,4.73E+01,32.2266,2.90E+01,1.634
B_S2_D1_073-bebop_003_.wav,3,176.7922,1.83E+01,39.0625,1.51E+01,1.2068
B_S2_D1_073-bebop_003_.wav,4,236.4619,1.29E+01,33.2031,8.76E+00,1.4751
B_S2_D1_073-bebop_003_.wav,5,293.6928,6.35E+01,2.9297,6.12E+00,10.3763
B_S2_D1_073-bebop_003_.wav,6,349.3584,4.03E+01,21.4844,6.02E+00,6.7014
B_S2_D1_073-bebop_003_.wav,7,408.9641,9.22E+00,19.5312,1.33E+01,0.6942
B_S2_D1_073-bebop_003_.wav,8,467.4806,1.00E+01,5.8594,7.73E+00,1.2972
B_S2_D1_073-bebop_003_.wav,9,528.4314,3.56E+00,35.1562,2.53E+00,1.4065
B_S2_D1_073-bebop_003_.wav,10,586.6474,3.53E+01,12.6953,3.77E+00,9.3655
B_S2_D1_073-bebop_004_.wav,1,47.9914,1.97E+02,20.0893,4.19E+01,4.7055
B_S2_D1_073-bebop_004_.wav,2,93.3343,9.06E+01,39.0625,4.64E+01,1.9522
B_S2_D1_073-bebop_004_.wav,3,141.6065,4.25E+01,36.8304,1.99E+01,2.132
B_S2_D1_073-bebop_004_.wav,4,189.4597,1.56E+01,32.3661,8.66E+00,1.7964
B_S2_D1_073-bebop_004_.wav,5,241.2564,9.34E+00,36.8304,6.67E+00,1.4014
B_S2_D1_073-bebop_004_.wav,6,285.9629,8.21E+00,31.25,6.80E+00,1.2081
B_S2_D1_073-bebop_004_.wav,7,339.2857,1.04E+01,15.625,9.48E+00,1.0977
B_S2_D1_073-bebop_004_.wav,8,380.5804,9.06E+00,10.0446,4.77E+00,1.8988
B_S2_D1_073-bebop_004_.wav,9,432.7246,8.64E+00,6.6964,5.04E+00,1.7142
B_S2_D1_073-bebop_004_.wav,10,480.6126,2.15E+01,8.9286,6.12E+00,3.5042
B_S2_D1_074-bebop_000_.wav,1,48.8595,1.66E+02,12.6953,1.56E+01,10.6838
B_S2_D1_074-bebop_000_.wav,2,100.5859,3.01E+01,20.5078,1.57E+01,1.9168
B_S2_D1_074-bebop_000_.wav,3,146.5644,3.61E+01,6.8359,7.11E+00,5.0832
B_S2_D1_074-bebop_000_.wav,4,193.0698,1.05E+01,37.1094,4.45E+00,2.3542
B_S2_D1_074-bebop_000_.wav,5,244.0288,5.88E+00,37.1094,3.06E+00,1.9214
B_S2_D1_074-bebop_000_.wav,6,292.178,5.91E+01,5.8594,3.38E+00,17.4972
B_S2_D1_074-bebop_000_.wav,7,342.8524,3.96E+01,2.9297,4.69E+00,8.4429
B_S2_D1_074-bebop_000_.wav,8,393.5547,4.81E+00,0,4.57E+00,1.0528
B_S2_D1_074-bebop_000_.wav,9,437.6756,5.45E+01,11.7188,3.80E+00,14.3616
B_S2_D1_074-bebop_000_.wav,10,490.1339,8.14E+00,22.4609,3.61E+00,2.2562
B_S2_D1_074-bebop_001_.wav,1,49.747,1.40E+02,26.3672,2.57E+01,5.4518
B_S2_D1_074-bebop_001_.wav,2,100.2451,6.72E+01,28.3203,2.95E+01,2.2744
B_S2_D1_074-bebop_001_.wav,3,151.5374,4.37E+01,7.8125,1.72E+01,2.5469
B_S2_D1_074-bebop_001_.wav,4,198.1983,1.33E+01,37.1094,6.24E+00,2.1396
B_S2_D1_074-bebop_001_.wav,5,251.0119,8.13E+00,38.0859,4.85E+00,1.6768
B_S2_D1_074-bebop_001_.wav,6,301.7578,1.67E+01,2.9297,6.43E+00,2.5982
B_S2_D1_074-bebop_001_.wav,7,350.3498,1.06E+01,26.3672,6.86E+00,1.5419
B_S2_D1_074-bebop_001_.wav,8,398.1751,4.44E+00,31.25,4.21E+00,1.0559
B_S2_D1_074-bebop_001_.wav,9,451.1719,1.95E+01,1.9531,5.95E+00,3.274
B_S2_D1_074-bebop_001_.wav,10,499.8746,7.23E+00,10.7422,6.30E+00,1.1464
B_S2_D1_074-bebop_002_.wav,1,48.052,3.02E+02,16.6016,3.99E+01,7.5698
B_S2_D1_074-bebop_002_.wav,2,92.7734,9.79E+01,39.0625,5.63E+01,1.7381
B_S2_D1_074-bebop_002_.wav,3,144.8105,4.66E+01,36.1328,3.26E+01,1.43
B_S2_D1_074-bebop_002_.wav,4,193.4073,2.60E+01,19.5312,1.75E+01,1.4866
B_S2_D1_074-bebop_002_.wav,5,242.1875,2.45E+01,35.1562,1.36E+01,1.7984
B_S2_D1_074-bebop_002_.wav,6,284.1797,8.56E+00,39.0625,1.47E+01,0.5808
B_S2_D1_074-bebop_002_.wav,7,334.1261,3.36E+01,20.5078,9.78E+00,3.4334
B_S2_D1_074-bebop_002_.wav,8,385.7422,3.96E+00,21.4844,4.56E+00,0.8687
B_S2_D1_074-bebop_002_.wav,9,432.7294,2.06E+01,17.5781,6.17E+00,3.3403
B_S2_D1_074-bebop_002_.wav,10,481.4453,2.82E+01,19.5312,7.04E+00,4.0058
B_S2_D1_074-bebop_003_.wav,1,48.6967,2.45E+02,0.9766,1.37E+01,17.85
B_S2_D1_074-bebop_003_.wav,2,95.8603,3.40E+01,19.5312,1.55E+01,2.1955
B_S2_D1_074-bebop_003_.wav,3,146.0589,3.83E+01,12.6953,7.36E+00,5.207
B_S2_D1_074-bebop_003_.wav,4,197.3807,8.13E+00,36.1328,3.39E+00,2.4014
B_S2_D1_074-bebop_003_.wav,5,243.8195,7.27E+00,20.5078,3.29E+00,2.2095
B_S2_D1_074-bebop_003_.wav,6,295.8984,2.56E+01,15.625,7.18E+00,3.5627
B_S2_D1_074-bebop_003_.wav,7,344.7266,5.79E+01,14.6484,8.36E+00,6.9315
B_S2_D1_074-bebop_003_.wav,8,387.6953,4.75E+00,30.2734,9.22E+00,0.5153
B_S2_D1_074-bebop_003_.wav,9,440.373,5.12E+01,26.3672,1.08E+01,4.7614
B_S2_D1_074-bebop_003_.wav,10,487.3706,1.24E+01,27.3438,4.37E+00,2.8311
B_S2_D1_074-bebop_004_.wav,1,48.6145,3.06E+02,17.8571,3.68E+01,8.3086
B_S2_D1_074-bebop_004_.wav,2,97.0965,7.16E+01,36.8304,3.89E+01,1.84
B_S2_D1_074-bebop_004_.wav,3,150.6696,5.12E+01,25.6696,2.52E+01,2.0271
B_S2_D1_074-bebop_004_.wav,4,199.7768,8.55E+00,11.1607,1.01E+01,0.8485
B_S2_D1_074-bebop_004_.wav,5,243.3036,1.39E+01,30.1339,5.60E+00,2.4793
B_S2_D1_074-bebop_004_.wav,6,296.7666,1.19E+01,11.1607,7.19E+00,1.6491
B_S2_D1_074-bebop_004_.wav,7,344.6802,2.02E+01,35.7143,8.52E+00,2.3693
B_S2_D1_074-bebop_004_.wav,8,394.4809,5.80E+00,36.8304,3.79E+00,1.5301
B_S2_D1_074-bebop_004_.wav,9,441.1298,3.99E+00,2.2321,5.37E+00,0.744
B_S2_D1_074-bebop_004_.wav,10,494.4196,3.27E+01,21.2054,1.23E+01,2.6451
B_S2_D1_075-bebop_000_.wav,1,60.2202,2.06E+02,28.3203,3.00E+01,6.8627
B_S2_D1_075-bebop_000_.wav,2,120.5792,3.12E+01,33.2031,2.10E+01,1.4841
B_S2_D1_075-bebop_000_.wav,3,184.0709,1.58E+01,35.1562,8.83E+00,1.7893
B_S2_D1_075-bebop_000_.wav,4,239.2578,9.49E+00,36.1328,5.58E+00,1.7015
B_S2_D1_075-bebop_000_.wav,5,299.8047,3.18E+01,10.7422,5.63E+00,5.6442
B_S2_D1_075-bebop_000_.wav,6,364.9136,3.80E+01,19.5312,5.74E+00,6.6154
B_S2_D1_075-bebop_000_.wav,7,421.5228,1.61E+01,2.9297,6.70E+00,2.4021
B_S2_D1_075-bebop_000_.wav,8,481.4453,4.08E+00,39.0625,4.04E+00,1.0094
B_S2_D1_075-bebop_000_.wav,9,543.1762,5.14E+00,33.2031,3.04E+00,1.6882
B_S2_D1_075-bebop_000_.wav,10,602.5391,1.36E+01,6.8359,4.23E+00,3.2145
B_S2_D1_075-bebop_001_.wav,1,48.7599,2.80E+02,0.9766,1.24E+01,22.6512
B_S2_D1_075-bebop_001_.wav,2,99.5291,1.63E+01,36.1328,1.05E+01,1.5504
B_S2_D1_075-bebop_001_.wav,3,149.4141,4.54E+01,2.9297,4.20E+00,10.7966
B_S2_D1_075-bebop_001_.wav,4,197.2333,7.67E+00,19.5312,2.28E+00,3.3652
B_S2_D1_075-bebop_001_.wav,5,242.2311,2.25E+00,4.8828,1.83E+00,1.2279
B_S2_D1_075-bebop_001_.wav,6,295.8984,1.52E+01,7.8125,1.68E+00,9.0982
B_S2_D1_075-bebop_001_.wav,7,344.7266,2.41E+01,3.9062,3.06E+00,7.8704
B_S2_D1_075-bebop_001_.wav,8,388.3272,1.75E+00,36.1328,3.58E+00,0.4881
B_S2_D1_075-bebop_001_.wav,9,441.1782,2.63E+01,1.9531,4.23E+00,6.2101
B_S2_D1_075-bebop_001_.wav,10,491.2109,7.17E+00,32.2266,3.41E+00,2.1051
B_S2_D1_075-bebop_002_.wav,1,53.2248,2.12E+02,15.625,2.98E+01,7.1225
B_S2_D1_075-bebop_002_.wav,2,104.4922,3.15E+01,33.2031,2.50E+01,1.2602
B_S2_D1_075-bebop_002_.wav,3,161.3881,1.77E+01,24.4141,1.12E+01,1.5779
B_S2_D1_075-bebop_002_.wav,4,211.9141,1.14E+01,36.1328,4.94E+00,2.3133
B_S2_D1_075-bebop_002_.wav,5,267.4898,1.39E+01,20.5078,3.14E+00,4.4374
B_S2_D1_075-bebop_002_.wav,6,324.2378,6.10E+00,39.0625,5.68E+00,1.0737
B_S2_D1_075-bebop_002_.wav,7,375.6815,3.82E+00,4.8828,4.30E+00,0.8875
B_S2_D1_075-bebop_002_.wav,8,431.1228,4.10E+01,1.9531,7.33E+00,5.5941
B_S2_D1_075-bebop_002_.wav,9,484.1589,6.75E+00,35.1562,3.81E+00,1.7731
B_S2_D1_075-bebop_002_.wav,10,538.0052,3.48E+00,37.1094,3.03E+00,1.1472
B_S2_D1_075-bebop_003_.wav,1,89.0365,9.43E+01,14.6484,2.82E+01,3.3471
B_S2_D1_075-bebop_003_.wav,2,174.8047,1.07E+01,11.7188,6.27E+00,1.7099
B_S2_D1_075-bebop_003_.wav,3,266.5306,1.80E+01,20.5078,3.34E+00,5.3913
B_S2_D1_075-bebop_003_.wav,4,358.3984,9.76E+01,4.8828,5.86E+00,16.661
B_S2_D1_075-bebop_003_.wav,5,441.4062,1.13E+01,10.7422,6.54E+00,1.722
B_S2_D1_075-bebop_003_.wav,6,533.0264,3.80E+00,23.4375,3.14E+00,1.2098
B_S2_D1_075-bebop_003_.wav,7,619.1406,4.02E+00,28.3203,3.13E+00,1.2863
B_S2_D1_075-bebop_003_.wav,8,712.5033,2.61E+01,9.7656,9.78E+00,2.6668
B_S2_D1_075-bebop_003_.wav,9,800.6822,8.59E+00,33.2031,6.07E+00,1.4157
B_S2_D1_075-bebop_003_.wav,10,888.7647,4.45E+01,20.5078,1.20E+01,3.7184
B_S2_D1_075-bebop_004_.wav,1,51.7178,8.55E+01,21.2054,1.99E+01,4.3016
B_S2_D1_075-bebop_004_.wav,2,99.3304,2.74E+01,20.0893,1.56E+01,1.7499
B_S2_D1_075-bebop_004_.wav,3,155.1583,1.05E+01,31.25,6.76E+00,1.5508
B_S2_D1_075-bebop_004_.wav,4,202.0089,4.66E+00,18.9732,3.55E+00,1.3151
B_S2_D1_075-bebop_004_.wav,5,256.226,5.27E+00,3.3482,2.36E+00,2.235
B_S2_D1_075-bebop_004_.wav,6,304.6875,1.46E+00,15.625,1.23E+00,1.1803
B_S2_D1_075-bebop_004_.wav,7,356.6524,3.61E+00,20.0893,1.42E+00,2.5484
B_S2_D1_075-bebop_004_.wav,8,409.3035,8.60E+01,16.7411,8.40E+00,10.2419
B_S2_D1_075-bebop_004_.wav,9,461.2043,5.28E+00,22.3214,2.11E+00,2.5033
B_S2_D1_075-bebop_004_.wav,10,512.5794,2.99E+00,6.6964,2.11E+00,1.4171
B_S2_D1_076-bebop_000_.wav,1,48.5846,2.00E+02,0.9766,3.11E+01,6.4463
B_S2_D1_076-bebop_000_.wav,2,100.5859,3.44E+01,34.1797,2.31E+01,1.4851
B_S2_D1_076-bebop_000_.wav,3,149.4141,2.41E+01,32.2266,1.01E+01,2.3897
B_S2_D1_076-bebop_000_.wav,4,193.1875,8.57E+00,39.0625,6.73E+00,1.2748
B_S2_D1_076-bebop_000_.wav,5,244.1437,1.18E+01,9.7656,4.79E+00,2.4726
B_S2_D1_076-bebop_000_.wav,6,290.0391,5.65E+00,39.0625,3.16E+00,1.786
B_S2_D1_076-bebop_000_.wav,7,343.4792,9.95E+00,30.2734,5.22E+00,1.906
B_S2_D1_076-bebop_000_.wav,8,389.8677,4.31E+01,33.2031,1.94E+01,2.2251
B_S2_D1_076-bebop_000_.wav,9,436.5234,1.19E+01,7.8125,9.17E+00,1.3014
B_S2_D1_076-bebop_000_.wav,10,491.2109,3.48E+00,18.5547,2.49E+00,1.3976
B_S2_D1_076-bebop_001_.wav,1,70.3362,2.42E+02,20.5078,6.47E+01,3.7356
B_S2_D1_076-bebop_001_.wav,2,142.5192,4.18E+01,38.0859,2.56E+01,1.6344
B_S2_D1_076-bebop_001_.wav,3,208.0078,2.13E+01,31.25,9.65E+00,2.2089
B_S2_D1_076-bebop_001_.wav,4,280.4481,3.01E+00,4.8828,3.18E+00,0.947
B_S2_D1_076-bebop_001_.wav,5,349.5943,3.15E+00,37.1094,3.10E+00,1.0151
B_S2_D1_076-bebop_001_.wav,6,423.9072,1.70E+01,8.7891,7.35E+00,2.317
B_S2_D1_076-bebop_001_.wav,7,492.7706,3.49E+00,30.2734,1.90E+00,1.842
B_S2_D1_076-bebop_001_.wav,8,559.5703,3.22E+00,7.8125,1.95E+00,1.6496
B_S2_D1_076-bebop_001_.wav,9,629.8828,3.11E+00,34.1797,1.96E+00,1.5856
B_S2_D1_076-bebop_001_.wav,10,702.907,4.69E+00,33.2031,5.10E+00,0.9198
B_S2_D1_076-bebop_002_.wav,1,48.7385,1.53E+02,8.7891,1.98E+01,7.7152
B_S2_D1_076-bebop_002_.wav,2,97.7239,4.90E+01,20.5078,2.24E+01,2.1876
B_S2_D1_076-bebop_002_.wav,3,145.6693,2.07E+01,23.4375,9.41E+00,2.2043
B_S2_D1_076-bebop_002_.wav,4,192.3828,6.19E+00,34.1797,3.27E+00,1.8957
B_S2_D1_076-bebop_002_.wav,5,244.9704,4.20E+00,1.9531,2.31E+00,1.8187
B_S2_D1_076-bebop_002_.wav,6,292.2425,2.19E+00,27.3438,1.77E+00,1.2382
B_S2_D1_076-bebop_002_.wav,7,342.0097,3.49E+00,28.3203,1.43E+00,2.4388
B_S2_D1_076-bebop_002_.wav,8,393.5547,8.61E+01,8.7891,2.37E+00,36.2814
B_S2_D1_076-bebop_002_.wav,9,440.5423,1.92E+00,1.9531,2.40E+00,0.7997
B_S2_D1_076-bebop_002_.wav,10,487.3372,3.36E+00,22.4609,1.71E+00,1.9713
B_S2_D1_076-bebop_003_.wav,1,48.9609,1.73E+02,3.9062,2.06E+01,8.4028
B_S2_D1_076-bebop_003_.wav,2,96.6578,3.05E+01,31.25,2.11E+01,1.4465
B_S2_D1_076-bebop_003_.wav,3,143.5547,1.29E+01,7.8125,8.99E+00,1.439
B_S2_D1_076-bebop_003_.wav,4,196.8286,6.41E+00,26.3672,4.62E+00,1.3887
B_S2_D1_076-bebop_003_.wav,5,242.321,4.95E+00,35.1562,3.23E+00,1.5313
B_S2_D1_076-bebop_003_.wav,6,291.6749,2.01E+00,32.2266,2.49E+00,0.8063
B_S2_D1_076-bebop_003_.wav,7,342.5447,4.42E+00,35.1562,2.28E+00,1.9395
B_S2_D1_076-bebop_003_.wav,8,387.6953,7.17E+01,20.5078,5.30E+00,13.528
B_S2_D1_076-bebop_003_.wav,9,436.5234,1.08E+00,7.8125,3.75E+00,0.2867
B_S2_D1_076-bebop_003_.wav,10,488.0173,1.74E+00,35.1562,1.88E+00,0.922
B_S2_D1_076-bebop_004_.wav,1,48.8947,1.94E+02,1.1161,1.05E+01,18.5044
B_S2_D1_076-bebop_004_.wav,2,97.1076,2.52E+01,18.9732,1.12E+01,2.2571
B_S2_D1_076-bebop_004_.wav,3,148.8777,5.34E+00,5.5804,3.36E+00,1.5901
B_S2_D1_076-bebop_004_.wav,4,199.7768,2.91E+00,33.4821,1.65E+00,1.7686
B_S2_D1_076-bebop_004_.wav,5,243.3036,5.38E+00,20.0893,2.14E+00,2.5163
B_S2_D1_076-bebop_004_.wav,6,297.9911,1.48E+00,33.4821,1.53E+00,0.9627
B_S2_D1_076-bebop_004_.wav,7,341.1468,1.10E+00,34.5982,1.47E+00,0.7475
B_S2_D1_076-bebop_004_.wav,8,391.8008,1.64E+01,35.7143,8.18E+00,2.0066
B_S2_D1_076-bebop_004_.wav,9,440.8481,2.21E+00,5.5804,2.38E+00,0.9287
B_S2_D1_076-bebop_004_.wav,10,490.316,2.26E+00,34.5982,1.74E+00,1.3029
B_S2_D1_077-bebop_000_.wav,1,48.1709,3.16E+02,4.8828,3.76E+01,8.3899
B_S2_D1_077-bebop_000_.wav,2,93.8629,7.76E+01,13.6719,4.44E+01,1.748
B_S2_D1_077-bebop_000_.wav,3,145.3303,3.73E+01,35.1562,1.74E+01,2.1454
B_S2_D1_077-bebop_000_.wav,4,189.7622,1.70E+01,33.2031,1.04E+01,1.6376
B_S2_D1_077-bebop_000_.wav,5,239.0266,1.39E+01,19.5312,4.97E+00,2.8015
B_S2_D1_077-bebop_000_.wav,6,288.96,1.81E+01,8.7891,2.89E+00,6.2497
B_S2_D1_077-bebop_000_.wav,7,337.8906,3.18E+00,30.2734,3.24E+00,0.9818
B_S2_D1_077-bebop_000_.wav,8,379.8828,5.26E+01,8.7891,5.28E+00,9.961
B_S2_D1_077-bebop_000_.wav,9,433.5938,3.39E+01,8.7891,6.00E+00,5.6525
B_S2_D1_077-bebop_000_.wav,10,477.3913,3.55E+00,35.1562,2.98E+00,1.1888
B_S2_D1_077-bebop_001_.wav,1,71.5399,3.20E+02,16.6016,8.07E+01,3.9709
B_S2_D1_077-bebop_001_.wav,2,143.9732,5.25E+01,6.8359,4.03E+01,1.3021
B_S2_D1_077-bebop_001_.wav,3,211.8245,3.31E+01,34.1797,2.55E+01,1.3002
B_S2_D1_077-bebop_001_.wav,4,288.0859,1.24E+01,39.0625,9.92E+00,1.2476
B_S2_D1_077-bebop_001_.wav,5,353.5156,6.84E+00,38.0859,8.27E+00,0.827
B_S2_D1_077-bebop_001_.wav,6,424.8047,6.69E+01,21.4844,1.58E+01,4.2268
B_S2_D1_077-bebop_001_.wav,7,501.9531,1.92E+00,38.0859,2.33E+00,0.8251
B_S2_D1_077-bebop_001_.wav,8,568.6131,8.02E+00,39.0625,4.59E+00,1.7476
B_S2_D1_077-bebop_001_.wav,9,640.8749,3.80E+00,9.7656,3.12E+00,1.2194
B_S2_D1_077-bebop_001_.wav,10,712.1406,1.53E+01,11.7188,6.51E+00,2.3469
B_S2_D1_077-bebop_002_.wav,1,47.926,2.08E+02,12.6953,2.64E+01,7.8797
B_S2_D1_077-bebop_002_.wav,2,95.7539,5.13E+01,19.5312,2.52E+01,2.0317
B_S2_D1_077-bebop_002_.wav,3,142.3835,1.69E+01,12.6953,5.55E+00,3.0546
B_S2_D1_077-bebop_002_.wav,4,193.8157,6.96E+00,36.1328,2.97E+00,2.3391
B_S2_D1_077-bebop_002_.wav,5,238.5051,7.10E+00,2.9297,2.66E+00,2.6668
B_S2_D1_077-bebop_002_.wav,6,289.359,2.22E+00,8.7891,1.76E+00,1.2601
B_S2_D1_077-bebop_002_.wav,7,334.2523,2.25E+00,11.7188,1.68E+00,1.3338
B_S2_D1_077-bebop_002_.wav,8,384.7729,1.97E+01,10.7422,7.43E+00,2.6493
B_S2_D1_077-bebop_002_.wav,9,431.6242,4.49E+00,2.9297,3.11E+00,1.4421
B_S2_D1_077-bebop_002_.wav,10,477.8951,3.02E+00,33.2031,2.06E+00,1.4689
B_S2_D1_077-bebop_003_.wav,1,67.3607,1.89E+02,37.1094,4.55E+01,4.1559
B_S2_D1_077-bebop_003_.wav,2,131.8359,4.38E+01,29.2969,2.61E+01,1.6799
B_S2_D1_077-bebop_003_.wav,3,205.0781,1.03E+01,28.3203,8.40E+00,1.2223
B_S2_D1_077-bebop_003_.wav,4,266.6016,1.38E+01,21.4844,4.15E+00,3.3137
B_S2_D1_077-bebop_003_.wav,5,336.755,4.40E+00,37.1094,2.68E+00,1.6431
B_S2_D1_077-bebop_003_.wav,6,404.0168,6.87E+01,26.3672,5.75E+00,11.9426
B_S2_D1_077-bebop_003_.wav,7,468.75,2.02E+00,28.3203,1.93E+00,1.0464
B_S2_D1_077-bebop_003_.wav,8,541.5032,1.18E+01,33.2031,3.06E+00,3.8744
B_S2_D1_077-bebop_003_.wav,9,604.7146,2.01E+00,35.1562,2.32E+00,0.8688
B_S2_D1_077-bebop_003_.wav,10,671.6844,1.49E+01,14.6484,5.16E+00,2.8782
B_S2_D1_077-bebop_004_.wav,1,49.1032,3.40E+02,3.3482,4.03E+01,8.4302
B_S2_D1_077-bebop_004_.wav,2,99.5405,8.12E+01,23.4375,3.37E+01,2.4059
B_S2_D1_077-bebop_004_.wav,3,145.0893,2.49E+01,31.25,1.17E+01,2.1235
B_S2_D1_077-bebop_004_.wav,4,196.6221,1.15E+01,35.7143,6.56E+00,1.7585
B_S2_D1_077-bebop_004_.wav,5,248.8839,7.25E+00,1.1161,5.25E+00,1.3808
B_S2_D1_077-bebop_004_.wav,6,291.2946,4.51E+00,1.1161,3.24E+00,1.3941
B_S2_D1_077-bebop_004_.wav,7,343.192,2.38E+00,7.8125,3.08E+00,0.7744
B_S2_D1_077-bebop_004_.wav,8,390.625,1.01E+01,13.3929,6.20E+00,1.6286
B_S2_D1_077-bebop_004_.wav,9,444.5465,1.06E+01,1.1161,3.91E+00,2.7124
B_S2_D1_077-bebop_004_.wav,10,492.3521,3.11E+00,37.9464,1.67E+00,1.8597
B_S2_D1_078-bebop_000_.wav,1,48.6796,2.29E+02,0.9766,1.10E+01,20.7825
B_S2_D1_078-bebop_000_.wav,2,99.4469,2.22E+01,26.3672,1.32E+01,1.6877
B_S2_D1_078-bebop_000_.wav,3,147.9147,6.09E+01,4.8828,8.60E+00,7.0785
B_S2_D1_078-bebop_000_.wav,4,198.2422,2.19E+00,38.0859,3.06E+00,0.7157
B_S2_D1_078-bebop_000_.wav,5,246.0636,4.27E+00,37.1094,2.34E+00,1.825
B_S2_D1_078-bebop_000_.wav,6,293.0552,1.32E+01,8.7891,2.94E+00,4.4877
B_S2_D1_078-bebop_000_.wav,7,343.9003,1.43E+01,10.7422,6.91E+00,2.0659
B_S2_D1_078-bebop_000_.wav,8,388.4958,4.91E+00,5.8594,6.70E+00,0.7321
B_S2_D1_078-bebop_000_.wav,9,437.4192,3.83E+01,12.6953,3.95E+00,9.6779
B_S2_D1_078-bebop_000_.wav,10,491.2109,3.51E+00,8.7891,3.33E+00,1.0554
B_S2_D1_078-bebop_001_.wav,1,49.0733,1.54E+02,16.6016,1.87E+01,8.2018
B_S2_D1_078-bebop_001_.wav,2,100.5859,3.34E+01,12.6953,2.10E+01,1.5904
B_S2_D1_078-bebop_001_.wav,3,146.6991,3.92E+01,6.8359,9.04E+00,4.3324
B_S2_D1_078-bebop_001_.wav,4,195.3913,4.35E+00,38.0859,3.36E+00,1.2924
B_S2_D1_078-bebop_001_.wav,5,244.0555,4.13E+00,35.1562,2.84E+00,1.4541
B_S2_D1_078-bebop_001_.wav,6,295.8984,1.47E+01,6.8359,2.90E+00,5.0514
B_S2_D1_078-bebop_001_.wav,7,342.6789,5.36E+00,3.9062,4.66E+00,1.1501
B_S2_D1_078-bebop_001_.wav,8,393.5547,3.88E+00,34.1797,1.02E+01,0.382
B_S2_D1_078-bebop_001_.wav,9,442.3828,1.94E+01,11.7188,9.10E+00,2.1333
B_S2_D1_078-bebop_001_.wav,10,487.1398,7.06E+00,35.1562,3.24E+00,2.1809
B_S2_D1_078-bebop_002_.wav,1,47.2611,1.20E+02,23.4375,3.04E+01,3.9546
B_S2_D1_078-bebop_002_.wav,2,92.3645,6.16E+01,23.4375,2.98E+01,2.0668
B_S2_D1_078-bebop_002_.wav,3,142.7431,2.27E+01,34.1797,1.07E+01,2.1205
B_S2_D1_078-bebop_002_.wav,4,184.5703,7.54E+00,24.4141,5.03E+00,1.4995
B_S2_D1_078-bebop_002_.wav,5,235.1296,5.70E+00,26.3672,4.08E+00,1.3981
B_S2_D1_078-bebop_002_.wav,6,284.1797,1.62E+01,24.4141,4.09E+00,3.9695
B_S2_D1_078-bebop_002_.wav,7,325.7104,3.15E+00,37.1094,3.91E+00,0.8048
B_S2_D1_078-bebop_002_.wav,8,375.4858,1.36E+01,9.7656,9.48E+00,1.4366
B_S2_D1_078-bebop_002_.wav,9,423.338,7.69E+01,15.625,6.70E+00,11.4774
B_S2_D1_078-bebop_002_.wav,10,468.7496,1.11E+00,39.0625,2.80E+00,0.3943
B_S2_D1_078-bebop_003_.wav,1,76.1844,3.69E+02,37.1094,1.84E+02,2.0097
B_S2_D1_078-bebop_003_.wav,2,155.2734,1.11E+02,23.4375,8.91E+01,1.2402
B_S2_D1_078-bebop_003_.wav,3,225.5859,6.78E+01,39.0625,4.71E+01,1.4396
B_S2_D1_078-bebop_003_.wav,4,304.5777,7.75E+01,21.4844,2.43E+01,3.193
B_S2_D1_078-bebop_003_.wav,5,381.8202,5.65E+01,34.1797,2.47E+01,2.2897
B_S2_D1_078-bebop_003_.wav,6,455.0788,4.25E+01,10.7422,1.72E+01,2.4689
B_S2_D1_078-bebop_003_.wav,7,530.2734,1.14E+01,38.0859,1.10E+01,1.033
B_S2_D1_078-bebop_003_.wav,8,612.3047,1.98E+01,39.0625,1.36E+01,1.4533
B_S2_D1_078-bebop_003_.wav,9,685.3174,1.74E+01,37.1094,1.09E+01,1.5989
B_S2_D1_078-bebop_003_.wav,10,761.2404,2.42E+01,18.5547,1.48E+01,1.6396
B_S2_D1_078-bebop_004_.wav,1,63.7193,7.10E+02,22.3214,1.67E+02,4.2416
B_S2_D1_078-bebop_004_.wav,2,130.0125,2.98E+02,34.5982,1.40E+02,2.1228
B_S2_D1_078-bebop_004_.wav,3,189.3181,1.74E+02,16.7411,8.89E+01,1.9596
B_S2_D1_078-bebop_004_.wav,4,253.5844,1.51E+02,26.7857,6.29E+01,2.4003
B_S2_D1_078-bebop_004_.wav,5,317.9676,5.60E+01,12.2768,4.68E+01,1.1971
B_S2_D1_078-bebop_004_.wav,6,380.3067,8.51E+01,35.7143,3.85E+01,2.2088
B_S2_D1_078-bebop_004_.wav,7,447.1783,4.86E+01,34.5982,2.37E+01,2.0542
B_S2_D1_078-bebop_004_.wav,8,508.7156,2.55E+01,30.1339,1.79E+01,1.4226
B_S2_D1_078-bebop_004_.wav,9,569.1964,3.09E+01,37.9464,1.59E+01,1.9409
B_S2_D1_078-bebop_004_.wav,10,632.8125,3.19E+01,34.5982,1.50E+01,2.124
B_S2_D1_079-bebop_000_.wav,1,49.2265,5.36E+02,25.3906,1.39E+02,3.8679
B_S2_D1_079-bebop_000_.wav,2,94.7266,2.68E+02,37.1094,1.58E+02,1.6933
B_S2_D1_079-bebop_000_.wav,3,143.5547,1.72E+02,36.1328,8.63E+01,1.9954
B_S2_D1_079-bebop_000_.wav,4,196.9577,6.69E+01,39.0625,4.49E+01,1.4893
B_S2_D1_079-bebop_000_.wav,5,242.9795,4.98E+01,37.1094,3.26E+01,1.531
B_S2_D1_079-bebop_000_.wav,6,291.7045,4.40E+01,37.1094,2.32E+01,1.8948
B_S2_D1_079-bebop_000_.wav,7,339.9417,5.11E+01,16.6016,2.04E+01,2.5074
B_S2_D1_079-bebop_000_.wav,8,390.3599,2.59E+01,32.2266,1.48E+01,1.7491
B_S2_D1_079-bebop_000_.wav,9,438.9685,1.94E+01,34.1797,1.35E+01,1.4318
B_S2_D1_079-bebop_000_.wav,10,489.5052,4.19E+01,26.3672,2.10E+01,1.9942
B_S2_D1_079-bebop_001_.wav,1,71.3265,3.75E+02,39.0625,1.30E+02,2.8818
B_S2_D1_079-bebop_001_.wav,2,145.5078,2.02E+02,32.2266,7.42E+01,2.7159
B_S2_D1_079-bebop_001_.wav,3,210.9375,1.02E+02,38.0859,4.76E+01,2.1354
B_S2_D1_079-bebop_001_.wav,4,285.4584,2.80E+01,34.1797,3.28E+01,0.8531
B_S2_D1_079-bebop_001_.wav,5,358.8468,6.42E+01,8.7891,2.60E+01,2.4653
B_S2_D1_079-bebop_001_.wav,6,427.8794,2.29E+01,22.4609,1.28E+01,1.7929
B_S2_D1_079-bebop_001_.wav,7,500.0496,2.07E+01,31.25,1.02E+01,2.0331
B_S2_D1_079-bebop_001_.wav,8,573.2422,7.86E+00,37.1094,9.62E+00,0.8168
B_S2_D1_079-bebop_001_.wav,9,644.5312,1.13E+01,39.0625,7.72E+00,1.4682
B_S2_D1_079-bebop_001_.wav,10,715.8203,4.50E+01,8.7891,8.07E+00,5.5705
B_S2_D1_079-bebop_002_.wav,1,60.4492,6.69E+02,25.3906,1.43E+02,4.6718
B_S2_D1_079-bebop_002_.wav,2,121.9032,1.54E+02,38.0859,1.20E+02,1.282
B_S2_D1_079-bebop_002_.wav,3,178.7109,9.96E+01,34.1797,6.31E+01,1.5785
B_S2_D1_079-bebop_002_.wav,4,239.832,5.34E+01,35.1562,3.22E+01,1.6598
B_S2_D1_079-bebop_002_.wav,5,302.2247,4.83E+01,36.1328,2.19E+01,2.212
B_S2_D1_079-bebop_002_.wav,6,363.5071,2.41E+01,12.6953,1.62E+01,1.4871
B_S2_D1_079-bebop_002_.wav,7,426.7578,1.36E+01,14.6484,1.48E+01,0.9166
B_S2_D1_079-bebop_002_.wav,8,481.4453,1.18E+01,39.0625,1.08E+01,1.1006
B_S2_D1_079-bebop_002_.wav,9,543.8503,9.10E+00,37.1094,7.04E+00,1.2911
B_S2_D1_079-bebop_002_.wav,10,603.3851,5.30E+01,7.8125,7.27E+00,7.294
B_S2_D1_079-bebop_003_.wav,1,54.4374,8.11E+02,29.2969,2.43E+02,3.3299
B_S2_D1_079-bebop_003_.wav,2,108.6388,3.78E+02,20.5078,2.05E+02,1.8418
B_S2_D1_079-bebop_003_.wav,3,162.8682,1.91E+02,32.2266,1.28E+02,1.5005
B_S2_D1_079-bebop_003_.wav,4,220.0606,7.61E+01,36.1328,1.03E+02,0.7396
B_S2_D1_079-bebop_003_.wav,5,270.5078,1.33E+02,32.2266,7.01E+01,1.8919
B_S2_D1_079-bebop_003_.wav,6,327.0089,9.25E+01,38.0859,4.63E+01,1.9964
B_S2_D1_079-bebop_003_.wav,7,382.7442,3.73E+01,10.7422,3.43E+01,1.0869
B_S2_D1_079-bebop_003_.wav,8,440.4297,7.44E+01,28.3203,2.95E+01,2.5255
B_S2_D1_079-bebop_003_.wav,9,492.1854,4.98E+01,31.25,2.12E+01,2.3487
B_S2_D1_079-bebop_003_.wav,10,549.8047,2.57E+01,37.1094,1.77E+01,1.4516
B_S2_D1_079-bebop_004_.wav,1,52.2456,8.21E+02,29.0179,2.17E+02,3.7773
B_S2_D1_079-bebop_004_.wav,2,105.4069,4.40E+02,39.0625,2.51E+02,1.7498
B_S2_D1_079-bebop_004_.wav,3,157.0841,2.03E+02,35.7143,1.46E+02,1.396
B_S2_D1_079-bebop_004_.wav,4,213.1696,1.77E+02,37.9464,8.62E+01,2.0508
B_S2_D1_079-bebop_004_.wav,5,263.1344,8.46E+01,39.0625,6.64E+01,1.2734
B_S2_D1_079-bebop_004_.wav,6,315.1245,6.48E+01,37.9464,4.73E+01,1.3699
B_S2_D1_079-bebop_004_.wav,7,367.4349,5.30E+01,39.0625,4.23E+01,1.2552
B_S2_D1_079-bebop_004_.wav,8,422.063,8.14E+01,33.4821,3.43E+01,2.3747
B_S2_D1_079-bebop_004_.wav,9,474.5942,3.81E+01,33.4821,2.51E+01,1.5162
B_S2_D1_079-bebop_004_.wav,10,522.2493,5.63E+01,30.1339,2.45E+01,2.3013
B_S2_D1_080-bebop_000_.wav,1,52.6617,8.05E+02,23.4375,1.54E+02,5.237
B_S2_D1_080-bebop_000_.wav,2,108.3984,3.48E+02,35.1562,2.12E+02,1.6401
B_S2_D1_080-bebop_000_.wav,3,155.2734,2.03E+02,35.1562,1.40E+02,1.4523
B_S2_D1_080-bebop_000_.wav,4,213.8672,1.83E+02,35.1562,9.61E+01,1.9001
B_S2_D1_080-bebop_000_.wav,5,262.6748,1.01E+02,32.2266,6.78E+01,1.4872
B_S2_D1_080-bebop_000_.wav,6,319.3359,9.29E+01,37.1094,5.27E+01,1.7619
B_S2_D1_080-bebop_000_.wav,7,366.2109,8.58E+01,36.1328,4.53E+01,1.8937
B_S2_D1_080-bebop_000_.wav,8,419.7524,3.80E+01,34.1797,3.48E+01,1.0903
B_S2_D1_080-bebop_000_.wav,9,472.6605,3.70E+01,35.1562,2.50E+01,1.4799
B_S2_D1_080-bebop_000_.wav,10,529.3497,7.46E+01,33.2031,2.47E+01,3.0159
B_S2_D1_080-bebop_001_.wav,1,53.6399,5.82E+02,23.4375,1.00E+02,5.7894
B_S2_D1_080-bebop_001_.wav,2,107.3494,2.05E+02,32.2266,9.29E+01,2.2068
B_S2_D1_080-bebop_001_.wav,3,163.3989,1.55E+02,0.9766,4.21E+01,3.6845
B_S2_D1_080-bebop_001_.wav,4,213.0284,5.35E+01,37.1094,3.75E+01,1.4255
B_S2_D1_080-bebop_001_.wav,5,271.4844,3.41E+01,37.1094,2.99E+01,1.1406
B_S2_D1_080-bebop_001_.wav,6,321.0787,4.25E+01,39.0625,2.15E+01,1.9738
B_S2_D1_080-bebop_001_.wav,7,378.9062,3.17E+01,16.6016,2.01E+01,1.5754
B_S2_D1_080-bebop_001_.wav,8,427.5654,1.75E+01,7.8125,1.08E+01,1.6147
B_S2_D1_080-bebop_001_.wav,9,482.8628,1.23E+01,28.3203,6.42E+00,1.9175
B_S2_D1_080-bebop_001_.wav,10,540.0391,1.19E+01,37.1094,5.45E+00,2.1917
B_S2_D1_080-bebop_002_.wav,1,49.2935,3.64E+02,24.4141,6.25E+01,5.8278
B_S2_D1_080-bebop_002_.wav,2,97.7169,1.27E+02,33.2031,7.75E+01,1.6415
B_S2_D1_080-bebop_002_.wav,3,149.4141,7.96E+01,32.2266,4.98E+01,1.5989
B_S2_D1_080-bebop_002_.wav,4,193.4704,4.95E+01,28.3203,3.24E+01,1.5264
B_S2_D1_080-bebop_002_.wav,5,242.8285,2.51E+01,37.1094,1.94E+01,1.2945
B_S2_D1_080-bebop_002_.wav,6,290.0391,2.98E+01,34.1797,1.40E+01,2.1229
B_S2_D1_080-bebop_002_.wav,7,339.6036,1.35E+01,39.0625,1.61E+01,0.8389
B_S2_D1_080-bebop_002_.wav,8,392.8708,5.99E+01,19.5312,1.79E+01,3.3392
B_S2_D1_080-bebop_002_.wav,9,441.3267,6.08E+00,23.4375,6.42E+00,0.9466
B_S2_D1_080-bebop_002_.wav,10,489.6251,6.86E+00,39.0625,4.65E+00,1.4747
B_S2_D1_080-bebop_003_.wav,1,60.7087,2.49E+02,36.1328,6.66E+01,3.7417
B_S2_D1_080-bebop_003_.wav,2,122.808,5.34E+01,33.2031,4.76E+01,1.1211
B_S2_D1_080-bebop_003_.wav,3,181.7353,4.85E+01,31.25,2.48E+01,1.9571
B_S2_D1_080-bebop_003_.wav,4,242.9092,2.46E+01,35.1562,1.22E+01,2.0203
B_S2_D1_080-bebop_003_.wav,5,300.5589,1.15E+01,30.2734,8.62E+00,1.3358
B_S2_D1_080-bebop_003_.wav,6,360.3516,1.19E+01,25.3906,8.43E+00,1.4079
B_S2_D1_080-bebop_003_.wav,7,420.8984,7.77E+00,3.9062,7.07E+00,1.0994
B_S2_D1_080-bebop_003_.wav,8,487.3047,4.90E+00,18.5547,3.07E+00,1.5976
B_S2_D1_080-bebop_003_.wav,9,543.576,5.89E+00,15.625,2.59E+00,2.2762
B_S2_D1_080-bebop_003_.wav,10,608.3984,3.69E+00,38.0859,1.90E+00,1.9408
B_S2_D1_080-bebop_004_.wav,1,49.3587,3.79E+02,24.4141,6.39E+01,5.9279
B_S2_D1_080-bebop_004_.wav,2,99.3536,1.51E+02,35.1562,8.19E+01,1.8402
B_S2_D1_080-bebop_004_.wav,3,151.5064,4.73E+01,9.7656,3.30E+01,1.4329
B_S2_D1_080-bebop_004_.wav,4,201.4095,3.58E+01,35.1562,2.25E+01,1.5932
B_S2_D1_080-bebop_004_.wav,5,246.0938,3.42E+01,37.1094,1.60E+01,2.1414
B_S2_D1_080-bebop_004_.wav,6,297.8307,1.42E+01,37.1094,9.48E+00,1.4948
B_S2_D1_080-bebop_004_.wav,7,348.2808,1.09E+01,31.25,8.94E+00,1.2143
B_S2_D1_080-bebop_004_.wav,8,396.3035,2.05E+02,10.7422,9.29E+00,22.0358
B_S2_D1_080-bebop_004_.wav,9,451.1719,8.88E+00,35.1562,5.11E+00,1.7385
B_S2_D1_080-bebop_004_.wav,10,500.9766,5.88E+00,36.1328,4.22E+00,1.3934
B_S2_D1_081-bebop_000_.wav,1,62.6917,3.28E+02,30.2734,7.37E+01,4.4425
B_S2_D1_081-bebop_000_.wav,2,127.9297,1.27E+02,38.0859,6.90E+01,1.833
B_S2_D1_081-bebop_000_.wav,3,184.5703,5.49E+01,35.1562,4.18E+01,1.3135
B_S2_D1_081-bebop_000_.wav,4,247.0703,3.54E+01,39.0625,2.22E+01,1.5966
B_S2_D1_081-bebop_000_.wav,5,315.4297,2.06E+01,27.3438,9.57E+00,2.1553
B_S2_D1_081-bebop_000_.wav,6,375.1468,8.31E+00,4.8828,9.32E+00,0.8909
B_S2_D1_081-bebop_000_.wav,7,440.4297,5.38E+00,32.2266,5.00E+00,1.0756
B_S2_D1_081-bebop_000_.wav,8,498.1988,4.03E+00,34.1797,3.62E+00,1.1145
B_S2_D1_081-bebop_000_.wav,9,560.7442,8.16E+00,35.1562,3.11E+00,2.6224
B_S2_D1_081-bebop_000_.wav,10,623.0741,5.99E+00,37.1094,2.73E+00,2.1943
B_S2_D1_081-bebop_001_.wav,1,46.7271,4.41E+02,5.8594,8.82E+01,5.0054
B_S2_D1_081-bebop_001_.wav,2,94.6131,1.92E+02,3.9062,8.75E+01,2.194
B_S2_D1_081-bebop_001_.wav,3,143.5547,6.65E+01,38.0859,4.22E+01,1.5763
B_S2_D1_081-bebop_001_.wav,4,187.511,4.09E+01,29.2969,2.57E+01,1.5941
B_S2_D1_081-bebop_001_.wav,5,234.5069,1.98E+01,39.0625,1.57E+01,1.2613
B_S2_D1_081-bebop_001_.wav,6,284.1797,1.51E+01,38.0859,1.26E+01,1.1933
B_S2_D1_081-bebop_001_.wav,7,326.4839,2.62E+01,22.4609,1.13E+01,2.321
B_S2_D1_081-bebop_001_.wav,8,377.9297,4.57E+01,2.9297,1.29E+01,3.544
B_S2_D1_081-bebop_001_.wav,9,419.656,1.25E+02,6.8359,9.34E+00,13.3981
B_S2_D1_081-bebop_001_.wav,10,467.0443,6.56E+00,8.7891,4.61E+00,1.424
B_S2_D1_081-bebop_002_.wav,1,65.7776,3.15E+02,36.1328,9.88E+01,3.1921
B_S2_D1_081-bebop_002_.wav,2,129.8045,1.12E+02,25.3906,5.96E+01,1.8738
B_S2_D1_081-bebop_002_.wav,3,193.3594,3.79E+01,32.2266,3.94E+01,0.9613
B_S2_D1_081-bebop_002_.wav,4,258.7891,3.37E+01,33.2031,2.84E+01,1.1859
B_S2_D1_081-bebop_002_.wav,5,330.0781,2.09E+01,29.2969,1.49E+01,1.4005
B_S2_D1_081-bebop_002_.wav,6,391.4669,2.49E+01,9.7656,1.27E+01,1.9599
B_S2_D1_081-bebop_002_.wav,7,457.7372,1.40E+01,31.25,7.55E+00,1.8603
B_S2_D1_081-bebop_002_.wav,8,520.5078,1.17E+01,38.0859,5.47E+00,2.1373
B_S2_D1_081-bebop_002_.wav,9,588.9927,8.04E+00,36.1328,4.84E+00,1.662
B_S2_D1_081-bebop_002_.wav,10,656.4781,4.05E+00,32.2266,4.58E+00,0.8833
B_S2_D1_081-bebop_003_.wav,1,62.676,3.58E+02,39.0625,6.33E+01,5.6616
B_S2_D1_081-bebop_003_.wav,2,123.6811,1.12E+02,33.2031,5.65E+01,1.9794
B_S2_D1_081-bebop_003_.wav,3,184.5703,7.09E+01,32.2266,3.79E+01,1.8707
B_S2_D1_081-bebop_003_.wav,4,250.2804,1.42E+01,38.0859,1.77E+01,0.8051
B_S2_D1_081-bebop_003_.wav,5,309.5703,1.67E+01,25.3906,1.03E+01,1.6204
B_S2_D1_081-bebop_003_.wav,6,372.0703,1.15E+01,7.8125,1.09E+01,1.0577
B_S2_D1_081-bebop_003_.wav,7,440.4297,3.62E+00,35.1562,4.48E+00,0.8084
B_S2_D1_081-bebop_003_.wav,8,502.9297,4.29E+00,38.0859,3.17E+00,1.3521
B_S2_D1_081-bebop_003_.wav,9,561.7014,4.24E+00,34.1797,2.70E+00,1.5689
B_S2_D1_081-bebop_003_.wav,10,623.2062,5.32E+00,29.2969,2.26E+00,2.3541
B_S2_D1_081-bebop_004_.wav,1,48.1422,4.67E+02,21.2054,6.84E+01,6.8157
B_S2_D1_081-bebop_004_.wav,2,97.9165,8.96E+01,37.9464,7.72E+01,1.1604
B_S2_D1_081-bebop_004_.wav,3,144.8262,8.60E+01,29.0179,3.94E+01,2.1822
B_S2_D1_081-bebop_004_.wav,4,194.2995,3.53E+01,39.0625,3.46E+01,1.02
B_S2_D1_081-bebop_004_.wav,5,243.3036,3.15E+01,36.8304,2.80E+01,1.125
B_S2_D1_081-bebop_004_.wav,6,290.1786,5.82E+01,20.0893,1.46E+01,3.9872
B_S2_D1_081-bebop_004_.wav,7,337.1869,1.76E+01,35.7143,1.46E+01,1.2085
B_S2_D1_081-bebop_004_.wav,8,380.5804,3.15E+01,10.0446,1.52E+01,2.0765
B_S2_D1_081-bebop_004_.wav,9,430.6411,4.17E+01,25.6696,1.07E+01,3.9026
B_S2_D1_081-bebop_004_.wav,10,477.6786,4.57E+00,37.9464,7.31E+00,0.625
B_S2_D1_082-bebop_000_.wav,1,44.0505,2.88E+02,20.5078,5.05E+01,5.7076
B_S2_D1_082-bebop_000_.wav,2,86.1542,7.88E+01,38.0859,8.17E+01,0.964
B_S2_D1_082-bebop_000_.wav,3,134.7656,9.55E+01,36.1328,5.96E+01,1.6021
B_S2_D1_082-bebop_000_.wav,4,178.0374,7.91E+01,35.1562,4.17E+01,1.8963
B_S2_D1_082-bebop_000_.wav,5,217.727,3.24E+01,33.2031,2.41E+01,1.3438
B_S2_D1_082-bebop_000_.wav,6,266.6016,2.04E+01,35.1562,1.63E+01,1.2478
B_S2_D1_082-bebop_000_.wav,7,310.5469,1.96E+01,33.2031,1.24E+01,1.5772
B_S2_D1_082-bebop_000_.wav,8,348.6328,1.38E+01,2.9297,1.19E+01,1.1645
B_S2_D1_082-bebop_000_.wav,9,392.5781,1.88E+01,7.8125,1.18E+01,1.5966
B_S2_D1_082-bebop_000_.wav,10,439.894,8.80E+00,4.8828,5.67E+00,1.5539
B_S2_D1_082-bebop_001_.wav,1,49.1433,2.05E+02,27.3438,4.29E+01,4.7755
B_S2_D1_082-bebop_001_.wav,2,100.0093,7.89E+01,38.0859,5.05E+01,1.5625
B_S2_D1_082-bebop_001_.wav,3,147.3183,7.98E+01,34.1797,3.57E+01,2.2394
B_S2_D1_082-bebop_001_.wav,4,197.2743,3.57E+01,19.5312,2.19E+01,1.631
B_S2_D1_082-bebop_001_.wav,5,247.0703,2.86E+01,39.0625,1.62E+01,1.7646
B_S2_D1_082-bebop_001_.wav,6,290.9086,3.97E+01,13.6719,1.04E+01,3.8302
B_S2_D1_082-bebop_001_.wav,7,343.5113,4.42E+00,34.1797,6.85E+00,0.6454
B_S2_D1_082-bebop_001_.wav,8,387.6953,2.60E+01,14.6484,1.10E+01,2.3593
B_S2_D1_082-bebop_001_.wav,9,437.3117,1.10E+01,9.7656,4.70E+00,2.3337
B_S2_D1_082-bebop_001_.wav,10,489.7869,5.51E+00,38.0859,2.63E+00,2.0969
B_S2_D1_082-bebop_002_.wav,1,48.6449,3.44E+02,24.4141,7.02E+01,4.9032
B_S2_D1_082-bebop_002_.wav,2,100.5859,1.82E+02,25.3906,6.92E+01,2.6306
B_S2_D1_082-bebop_002_.wav,3,145.7617,4.68E+01,39.0625,3.06E+01,1.5283
B_S2_D1_082-bebop_002_.wav,4,194.8292,2.58E+01,36.1328,1.42E+01,1.8079
B_S2_D1_082-bebop_002_.wav,5,247.0703,2.13E+01,35.1562,1.20E+01,1.7846
B_S2_D1_082-bebop_002_.wav,6,290.8718,1.43E+01,3.9062,7.63E+00,1.8702
B_S2_D1_082-bebop_002_.wav,7,343.8251,8.99E+00,38.0859,5.63E+00,1.5965
B_S2_D1_082-bebop_002_.wav,8,393.5547,2.68E+02,5.8594,7.32E+00,36.5689
B_S2_D1_082-bebop_002_.wav,9,441.4764,6.45E+00,6.8359,3.92E+00,1.6463
B_S2_D1_082-bebop_002_.wav,10,487.2118,5.10E+00,25.3906,2.16E+00,2.3588
B_S2_D1_082-bebop_003_.wav,1,58.4537,3.74E+02,16.6016,7.46E+01,5.0085
B_S2_D1_082-bebop_003_.wav,2,117.5486,8.84E+01,38.0859,5.00E+01,1.7671
B_S2_D1_082-bebop_003_.wav,3,175.7519,7.15E+01,38.0859,2.58E+01,2.7732
B_S2_D1_082-bebop_003_.wav,4,231.4453,3.16E+01,35.1562,1.69E+01,1.8651
B_S2_D1_082-bebop_003_.wav,5,295.8984,2.09E+01,19.5312,1.08E+01,1.9382
B_S2_D1_082-bebop_003_.wav,6,351.8736,1.67E+01,35.1562,1.04E+01,1.6058
B_S2_D1_082-bebop_003_.wav,7,407.2266,9.04E+01,3.9062,9.72E+00,9.2961
B_S2_D1_082-bebop_003_.wav,8,467.8631,4.93E+00,36.1328,4.03E+00,1.2216
B_S2_D1_082-bebop_003_.wav,9,530.2734,7.51E+00,13.6719,3.47E+00,2.1649
B_S2_D1_082-bebop_003_.wav,10,588.8672,3.05E+00,29.2969,3.19E+00,0.9539
B_S2_D1_082-bebop_004_.wav,1,76.2356,2.88E+02,35.7143,9.76E+01,2.9511
B_S2_D1_082-bebop_004_.wav,2,149.544,6.22E+01,37.9464,4.29E+01,1.451
B_S2_D1_082-bebop_004_.wav,3,229.1204,2.22E+01,37.9464,2.52E+01,0.8814
B_S2_D1_082-bebop_004_.wav,4,300.2232,3.01E+01,7.8125,1.29E+01,2.3278
B_S2_D1_082-bebop_004_.wav,5,376.1161,2.53E+01,2.2321,1.00E+01,2.5208
B_S2_D1_082-bebop_004_.wav,6,452.0089,1.63E+01,14.5089,6.62E+00,2.4575
B_S2_D1_082-bebop_004_.wav,7,528.6853,4.05E+00,5.5804,3.25E+00,1.2464
B_S2_D1_082-bebop_004_.wav,8,603.7946,8.37E+00,13.3929,3.33E+00,2.5151
B_S2_D1_082-bebop_004_.wav,9,680.3889,5.65E+00,20.0893,3.09E+00,1.8265
B_S2_D1_082-bebop_004_.wav,10,755.5804,1.92E+01,5.5804,1.04E+01,1.8435
B_S2_D1_083-bebop_000_.wav,1,63.1031,5.17E+02,34.1797,1.04E+02,4.9797
B_S2_D1_083-bebop_000_.wav,2,129.8828,9.23E+01,39.0625,5.93E+01,1.5571
B_S2_D1_083-bebop_000_.wav,3,192.3471,9.47E+01,32.2266,3.92E+01,2.4156
B_S2_D1_083-bebop_000_.wav,4,252.7844,5.15E+01,19.5312,2.32E+01,2.2168
B_S2_D1_083-bebop_000_.wav,5,317.206,3.38E+01,36.1328,1.50E+01,2.2534
B_S2_D1_083-bebop_000_.wav,6,380.8587,2.14E+01,7.8125,1.45E+01,1.4819
B_S2_D1_083-bebop_000_.wav,7,446.41,1.70E+01,11.7188,9.13E+00,1.8563
B_S2_D1_083-bebop_000_.wav,8,505.7317,9.30E+00,36.1328,5.09E+00,1.8282
B_S2_D1_083-bebop_000_.wav,9,569.754,9.58E+00,22.4609,5.65E+00,1.6944
B_S2_D1_083-bebop_000_.wav,10,636.8007,6.76E+00,28.3203,3.99E+00,1.694
B_S2_D1_083-bebop_001_.wav,1,65.2843,3.03E+02,38.0859,9.41E+01,3.2181
B_S2_D1_083-bebop_001_.wav,2,127.9297,1.06E+02,39.0625,6.33E+01,1.6742
B_S2_D1_083-bebop_001_.wav,3,198.5488,4.69E+01,34.1797,3.13E+01,1.4967
B_S2_D1_083-bebop_001_.wav,4,264.6484,4.61E+01,35.1562,1.99E+01,2.3144
B_S2_D1_083-bebop_001_.wav,5,328.8376,2.13E+01,39.0625,1.32E+01,1.6199
B_S2_D1_083-bebop_001_.wav,6,393.809,2.95E+01,12.6953,1.28E+01,2.2926
B_S2_D1_083-bebop_001_.wav,7,455.6127,8.01E+00,25.3906,5.72E+00,1.402
B_S2_D1_083-bebop_001_.wav,8,525.6673,9.41E+00,20.5078,4.75E+00,1.9787
B_S2_D1_083-bebop_001_.wav,9,591.7969,4.48E+00,39.0625,3.77E+00,1.1888
B_S2_D1_083-bebop_001_.wav,10,655.2376,4.05E+00,29.2969,3.48E+00,1.164
B_S2_D1_083-bebop_002_.wav,1,60.9159,4.33E+02,36.1328,1.25E+02,3.4698
B_S2_D1_083-bebop_002_.wav,2,120.5759,1.10E+02,9.7656,8.85E+01,1.2426
B_S2_D1_083-bebop_002_.wav,3,184.5703,1.55E+02,24.4141,4.65E+01,3.3357
B_S2_D1_083-bebop_002_.wav,4,241.0104,3.56E+01,35.1562,3.76E+01,0.9458
B_S2_D1_083-bebop_002_.wav,5,305.6641,2.59E+01,38.0859,2.48E+01,1.0447
B_S2_D1_083-bebop_002_.wav,6,366.2109,1.62E+02,3.9062,1.63E+01,9.9971
B_S2_D1_083-bebop_002_.wav,7,424.0615,5.98E+01,9.7656,1.12E+01,5.3287
B_S2_D1_083-bebop_002_.wav,8,484.3536,1.20E+01,36.1328,6.53E+00,1.844
B_S2_D1_083-bebop_002_.wav,9,547.8516,1.30E+01,30.2734,5.76E+00,2.2634
B_S2_D1_083-bebop_002_.wav,10,602.5391,7.55E+00,39.0625,4.30E+00,1.7531
B_S2_D1_083-bebop_003_.wav,1,49.8416,7.08E+02,7.8125,1.02E+02,6.9497
B_S2_D1_083-bebop_003_.wav,2,101.3328,3.07E+02,31.25,1.18E+02,2.6011
B_S2_D1_083-bebop_003_.wav,3,151.2559,9.25E+01,35.1562,5.97E+01,1.5491
B_S2_D1_083-bebop_003_.wav,4,198.7861,7.45E+01,30.2734,3.70E+01,2.0104
B_S2_D1_083-bebop_003_.wav,5,251.9531,2.92E+01,39.0625,2.77E+01,1.0564
B_S2_D1_083-bebop_003_.wav,6,295.8984,4.35E+01,29.2969,2.09E+01,2.0816
B_S2_D1_083-bebop_003_.wav,7,348.8452,1.93E+01,38.0859,1.78E+01,1.0855
B_S2_D1_083-bebop_003_.wav,8,400.6351,2.53E+01,3.9062,1.62E+01,1.5645
B_S2_D1_083-bebop_003_.wav,9,449.2273,2.33E+01,8.7891,8.56E+00,2.717
B_S2_D1_083-bebop_003_.wav,10,495.9876,1.17E+01,39.0625,6.40E+00,1.8227
B_S2_D1_083-bebop_004_.wav,1,73.6115,5.85E+02,20.0893,1.69E+02,3.4659
B_S2_D1_083-bebop_004_.wav,2,146.1329,1.68E+02,35.7143,9.32E+01,1.8041
B_S2_D1_083-bebop_004_.wav,3,218.75,5.92E+01,27.9018,4.81E+01,1.2318
B_S2_D1_083-bebop_004_.wav,4,293.2452,7.23E+01,39.0625,3.62E+01,1.9955
B_S2_D1_083-bebop_004_.wav,5,369.2865,4.59E+01,16.7411,2.14E+01,2.147
B_S2_D1_083-bebop_004_.wav,6,445.3125,1.94E+01,25.6696,1.16E+01,1.6719
B_S2_D1_083-bebop_004_.wav,7,516.9208,1.06E+01,37.9464,7.16E+00,1.4802
B_S2_D1_083-bebop_004_.wav,8,591.8599,1.30E+01,32.3661,6.38E+00,2.0294
B_S2_D1_083-bebop_004_.wav,9,666.2946,1.03E+01,29.0179,6.23E+00,1.6491
B_S2_D1_083-bebop_004_.wav,10,738.1467,2.59E+01,27.9018,8.04E+00,3.2207
B_S2_D1_084-bebop_000_.wav,1,53.9249,7.76E+02,19.5312,1.33E+02,5.8346
B_S2_D1_084-bebop_000_.wav,2,105.6224,3.51E+02,25.3906,1.25E+02,2.8088
B_S2_D1_084-bebop_000_.wav,3,159.1051,1.32E+02,34.1797,7.47E+01,1.7606
B_S2_D1_084-bebop_000_.wav,4,217.7734,1.44E+02,15.625,4.69E+01,3.0816
B_S2_D1_084-bebop_000_.wav,5,265.625,8.32E+01,30.2734,4.01E+01,2.0777
B_S2_D1_084-bebop_000_.wav,6,322.0746,4.14E+01,30.2734,3.13E+01,1.3233
B_S2_D1_084-bebop_000_.wav,7,376.217,5.10E+01,14.6484,2.06E+01,2.4815
B_S2_D1_084-bebop_000_.wav,8,430.6483,4.26E+01,1.9531,1.77E+01,2.4103
B_S2_D1_084-bebop_000_.wav,9,486.3281,1.59E+01,39.0625,1.53E+01,1.0432
B_S2_D1_084-bebop_000_.wav,10,536.3994,1.82E+01,19.5312,9.03E+00,2.0146
B_S2_D1_084-bebop_001_.wav,1,48.9669,5.73E+02,22.4609,1.25E+02,4.5717
B_S2_D1_084-bebop_001_.wav,2,94.7266,1.98E+02,13.6719,1.21E+02,1.6385
B_S2_D1_084-bebop_001_.wav,3,147.901,1.71E+02,33.2031,5.97E+01,2.8635
B_S2_D1_084-bebop_001_.wav,4,194.23,6.43E+01,34.1797,3.74E+01,1.7171
B_S2_D1_084-bebop_001_.wav,5,242.3027,5.33E+01,38.0859,3.38E+01,1.5779
B_S2_D1_084-bebop_001_.wav,6,295.8984,4.83E+01,39.0625,2.21E+01,2.1858
B_S2_D1_084-bebop_001_.wav,7,339.7026,2.65E+01,38.0859,1.79E+01,1.4821
B_S2_D1_084-bebop_001_.wav,8,389.5897,1.16E+01,38.0859,1.39E+01,0.834
B_S2_D1_084-bebop_001_.wav,9,438.1592,2.90E+01,20.5078,1.18E+01,2.4628
B_S2_D1_084-bebop_001_.wav,10,487.3772,8.61E+00,38.0859,6.78E+00,1.2699
B_S2_D1_084-bebop_002_.wav,1,52.5684,4.66E+02,33.2031,9.60E+01,4.8496
B_S2_D1_084-bebop_002_.wav,2,102.5391,1.93E+02,24.4141,7.48E+01,2.5755
B_S2_D1_084-bebop_002_.wav,3,157.0416,7.44E+01,37.1094,5.43E+01,1.37
B_S2_D1_084-bebop_002_.wav,4,212.6432,4.85E+01,39.0625,3.65E+01,1.3289
B_S2_D1_084-bebop_002_.wav,5,264.584,4.22E+01,33.2031,2.03E+01,2.0787
B_S2_D1_084-bebop_002_.wav,6,319.3359,1.88E+01,36.1328,1.36E+01,1.3806
B_S2_D1_084-bebop_002_.wav,7,370.9601,2.59E+01,5.8594,1.62E+01,1.6025
B_S2_D1_084-bebop_002_.wav,8,418.9453,1.25E+01,14.6484,9.41E+00,1.3323
B_S2_D1_084-bebop_002_.wav,9,474.5716,4.41E+00,36.1328,4.34E+00,1.0155
B_S2_D1_084-bebop_002_.wav,10,526.4356,9.94E+00,22.4609,4.76E+00,2.0884
B_S2_D1_084-bebop_003_.wav,1,65.8134,4.61E+02,28.3203,1.12E+02,4.1334
B_S2_D1_084-bebop_003_.wav,2,132.265,9.49E+01,27.3438,5.53E+01,1.716
B_S2_D1_084-bebop_003_.wav,3,196.8114,5.44E+01,33.2031,2.32E+01,2.3496
B_S2_D1_084-bebop_003_.wav,4,264.6484,2.95E+01,39.0625,1.75E+01,1.6856
B_S2_D1_084-bebop_003_.wav,5,329.3477,1.32E+01,34.1797,1.10E+01,1.1964
B_S2_D1_084-bebop_003_.wav,6,392.0162,5.68E+01,23.4375,2.13E+01,2.669
B_S2_D1_084-bebop_003_.wav,7,459.7165,8.27E+00,36.1328,4.76E+00,1.7397
B_S2_D1_084-bebop_003_.wav,8,524.4847,1.43E+01,16.6016,4.42E+00,3.233
B_S2_D1_084-bebop_003_.wav,9,589.3569,4.79E+00,12.6953,3.57E+00,1.3427
B_S2_D1_084-bebop_003_.wav,10,651.3672,5.96E+00,18.5547,3.98E+00,1.4949
B_S2_D1_084-bebop_004_.wav,1,55.812,5.22E+02,25.6696,1.18E+02,4.4142
B_S2_D1_084-bebop_004_.wav,2,111.6874,1.37E+02,24.5536,8.74E+01,1.5711
B_S2_D1_084-bebop_004_.wav,3,168.654,8.44E+01,33.4821,4.13E+01,2.0423
B_S2_D1_084-bebop_004_.wav,4,219.8661,7.76E+01,6.6964,2.81E+01,2.7562
B_S2_D1_084-bebop_004_.wav,5,275.6696,1.53E+01,37.9464,2.00E+01,0.7687
B_S2_D1_084-bebop_004_.wav,6,333.4692,3.85E+01,18.9732,1.91E+01,2.0094
B_S2_D1_084-bebop_004_.wav,7,389.6828,2.16E+01,39.0625,1.38E+01,1.5657
B_S2_D1_084-bebop_004_.wav,8,443.0804,6.73E+01,10.0446,9.27E+00,7.2636
B_S2_D1_084-bebop_004_.wav,9,501.6777,8.23E+00,35.7143,5.11E+00,1.6106
B_S2_D1_084-bebop_004_.wav,10,558.7968,7.26E+00,39.0625,5.51E+00,1.3183
B_S2_D1_085-bebop_000_.wav,1,87.7609,4.36E+02,22.4609,1.35E+02,3.2262
B_S2_D1_085-bebop_000_.wav,2,172.8516,5.67E+01,38.0859,5.24E+01,1.0816
B_S2_D1_085-bebop_000_.wav,3,260.7422,3.57E+01,36.1328,2.67E+01,1.3396
B_S2_D1_085-bebop_000_.wav,4,353.7894,3.03E+01,4.8828,1.94E+01,1.5646
B_S2_D1_085-bebop_000_.wav,5,437.174,5.74E+01,27.3438,1.24E+01,4.6378
B_S2_D1_085-bebop_000_.wav,6,524.4141,1.61E+01,29.2969,6.18E+00,2.6102
B_S2_D1_085-bebop_000_.wav,7,612.3047,1.90E+01,13.6719,5.88E+00,3.2261
B_S2_D1_085-bebop_000_.wav,8,706.0547,2.87E+01,39.0625,1.03E+01,2.8
B_S2_D1_085-bebop_000_.wav,9,788.0859,7.11E+00,39.0625,7.38E+00,0.964
B_S2_D1_085-bebop_000_.wav,10,877.0973,2.90E+01,4.8828,1.39E+01,2.0819
B_S2_D1_085-bebop_001_.wav,1,49.2116,2.41E+02,11.7188,3.71E+01,6.4885
B_S2_D1_085-bebop_001_.wav,2,95.2889,1.26E+02,20.5078,5.56E+01,2.2652
B_S2_D1_085-bebop_001_.wav,3,145.0813,7.27E+01,35.1562,3.52E+01,2.0653
B_S2_D1_085-bebop_001_.wav,4,196.3348,1.90E+01,37.1094,1.76E+01,1.0805
B_S2_D1_085-bebop_001_.wav,5,246.0859,1.12E+01,37.1094,9.88E+00,1.1327
B_S2_D1_085-bebop_001_.wav,6,292.5929,2.65E+01,18.5547,7.60E+00,3.4912
B_S2_D1_085-bebop_001_.wav,7,341.9541,1.56E+01,4.8828,1.21E+01,1.2838
B_S2_D1_085-bebop_001_.wav,8,390.8311,3.81E+01,33.2031,2.01E+01,1.8947
B_S2_D1_085-bebop_001_.wav,9,442.3828,2.09E+01,31.25,1.34E+01,1.5602
B_S2_D1_085-bebop_001_.wav,10,486.0989,4.75E+00,19.5312,3.54E+00,1.3402
B_S2_D1_085-bebop_002_.wav,1,44.0675,3.11E+02,18.5547,5.63E+01,5.5354
B_S2_D1_085-bebop_002_.wav,2,88.6569,1.07E+02,36.1328,6.37E+01,1.6743
B_S2_D1_085-bebop_002_.wav,3,133.8285,4.84E+01,39.0625,3.50E+01,1.3814
B_S2_D1_085-bebop_002_.wav,4,175.4056,5.38E+01,33.2031,2.23E+01,2.4075
B_S2_D1_085-bebop_002_.wav,5,222.6562,2.36E+01,39.0625,1.63E+01,1.4422
B_S2_D1_085-bebop_002_.wav,6,264.6647,2.74E+01,32.2266,1.04E+01,2.6271
B_S2_D1_085-bebop_002_.wav,7,307.7941,1.72E+01,38.0859,8.11E+00,2.1234
B_S2_D1_085-bebop_002_.wav,8,351.5272,1.27E+01,3.9062,1.04E+01,1.2222
B_S2_D1_085-bebop_002_.wav,9,392.5781,8.20E+01,20.5078,1.53E+01,5.3627
B_S2_D1_085-bebop_002_.wav,10,436.5234,4.70E+00,4.8828,4.56E+00,1.0292
B_S2_D1_085-bebop_003_.wav,1,47.324,2.49E+02,17.5781,5.40E+01,4.6089
B_S2_D1_085-bebop_003_.wav,2,94.9061,9.00E+01,34.1797,5.84E+01,1.5402
B_S2_D1_085-bebop_003_.wav,3,139.0977,4.15E+01,33.2031,2.22E+01,1.8724
B_S2_D1_085-bebop_003_.wav,4,186.3874,1.92E+01,38.0859,1.42E+01,1.3527
B_S2_D1_085-bebop_003_.wav,5,233.5762,1.33E+01,39.0625,1.22E+01,1.0845
B_S2_D1_085-bebop_003_.wav,6,278.3203,1.63E+01,19.5312,7.61E+00,2.1427
B_S2_D1_085-bebop_003_.wav,7,330.2104,6.71E+00,39.0625,4.94E+00,1.3602
B_S2_D1_085-bebop_003_.wav,8,372.0703,1.46E+01,5.8594,7.28E+00,1.9998
B_S2_D1_085-bebop_003_.wav,9,419.5017,1.91E+01,4.8828,7.55E+00,2.5305
B_S2_D1_085-bebop_003_.wav,10,465.8203,3.23E+00,14.6484,2.70E+00,1.1997
B_S2_D1_085-bebop_004_.wav,1,59.8612,3.66E+02,36.8304,8.46E+01,4.3239
B_S2_D1_085-bebop_004_.wav,2,123.8839,8.90E+01,32.3661,4.56E+01,1.9494
B_S2_D1_085-bebop_004_.wav,3,184.1518,3.18E+01,35.7143,2.43E+01,1.3061
B_S2_D1_085-bebop_004_.wav,4,237.7232,1.44E+01,37.9464,1.51E+01,0.9582
B_S2_D1_085-bebop_004_.wav,5,299.2428,1.21E+01,35.7143,7.42E+00,1.6283
B_S2_D1_085-bebop_004_.wav,6,364.1466,1.20E+01,4.4643,7.66E+00,1.5608
B_S2_D1_085-bebop_004_.wav,7,418.5268,1.21E+01,3.3482,6.51E+00,1.8649
B_S2_D1_085-bebop_004_.wav,8,483.4895,2.65E+00,39.0625,2.49E+00,1.0642
B_S2_D1_085-bebop_004_.wav,9,540.1299,1.37E+01,23.4375,2.62E+00,5.2069
B_S2_D1_085-bebop_004_.wav,10,599.3304,2.14E+00,18.9732,1.67E+00,1.2762
B_S2_D1_086-bebop_000_.wav,1,48.8336,3.12E+02,25.3906,6.89E+01,4.5303
B_S2_D1_086-bebop_000_.wav,2,97.9053,1.13E+02,32.2266,7.69E+01,1.47
B_S2_D1_086-bebop_000_.wav,3,145.7924,8.95E+01,37.1094,3.69E+01,2.4271
B_S2_D1_086-bebop_000_.wav,4,192.3828,5.23E+01,37.1094,2.28E+01,2.2906
B_S2_D1_086-bebop_000_.wav,5,245.0977,3.17E+01,36.1328,1.75E+01,1.8142
B_S2_D1_086-bebop_000_.wav,6,293.8347,1.62E+01,31.25,1.10E+01,1.4753
B_S2_D1_086-bebop_000_.wav,7,338.8672,1.55E+01,34.1797,1.21E+01,1.2756
B_S2_D1_086-bebop_000_.wav,8,393.5547,6.43E+01,9.7656,1.65E+01,3.8968
B_S2_D1_086-bebop_000_.wav,9,437.7316,1.13E+01,16.6016,8.90E+00,1.2688
B_S2_D1_086-bebop_000_.wav,10,485.3516,6.18E+00,35.1562,3.87E+00,1.5972
B_S2_D1_086-bebop_001_.wav,1,66.4169,3.06E+02,30.2734,8.60E+01,3.5545
B_S2_D1_086-bebop_001_.wav,2,131.0989,7.70E+01,35.1562,4.94E+01,1.5568
B_S2_D1_086-bebop_001_.wav,3,197.1068,2.57E+01,34.1797,2.03E+01,1.2681
B_S2_D1_086-bebop_001_.wav,4,262.6953,1.86E+01,32.2266,8.64E+00,2.1525
B_S2_D1_086-bebop_001_.wav,5,329.1016,1.12E+01,33.2031,6.03E+00,1.8491
B_S2_D1_086-bebop_001_.wav,6,399.0421,1.18E+02,24.4141,1.07E+01,11.0536
B_S2_D1_086-bebop_001_.wav,7,466.0892,3.25E+00,34.1797,2.67E+00,1.2204
B_S2_D1_086-bebop_001_.wav,8,534.1797,8.86E+00,3.9062,3.37E+00,2.6261
B_S2_D1_086-bebop_001_.wav,9,598.8818,3.72E+00,36.1328,1.99E+00,1.8763
B_S2_D1_086-bebop_001_.wav,10,661.978,1.28E+01,9.7656,3.74E+00,3.4351
B_S2_D1_086-bebop_002_.wav,1,48.964,2.59E+02,24.4141,7.51E+01,3.444
B_S2_D1_086-bebop_002_.wav,2,95.3598,1.38E+02,29.2969,8.34E+01,1.6591
B_S2_D1_086-bebop_002_.wav,3,149.4141,4.33E+01,27.3438,3.46E+01,1.2504
B_S2_D1_086-bebop_002_.wav,4,198.2422,3.22E+01,24.4141,2.05E+01,1.5733
B_S2_D1_086-bebop_002_.wav,5,242.4298,1.46E+01,31.25,1.46E+01,1.0025
B_S2_D1_086-bebop_002_.wav,6,295.0817,3.17E+01,29.2969,1.16E+01,2.7419
B_S2_D1_086-bebop_002_.wav,7,342.0354,1.01E+01,39.0625,1.05E+01,0.9583
B_S2_D1_086-bebop_002_.wav,8,391.6366,4.75E+01,39.0625,2.30E+01,2.0663
B_S2_D1_086-bebop_002_.wav,9,436.5234,4.58E+01,18.5547,1.23E+01,3.7144
B_S2_D1_086-bebop_002_.wav,10,490.2402,3.31E+00,11.7188,3.67E+00,0.9017
B_S2_D1_086-bebop_003_.wav,1,46.8977,2.68E+02,22.4609,7.20E+01,3.726
B_S2_D1_086-bebop_003_.wav,2,91.4819,1.38E+02,28.3203,8.54E+01,1.6118
B_S2_D1_086-bebop_003_.wav,3,142.3861,6.43E+01,39.0625,3.43E+01,1.8733
B_S2_D1_086-bebop_003_.wav,4,188.2683,4.11E+01,30.2734,2.05E+01,2.0076
B_S2_D1_086-bebop_003_.wav,5,235.3964,3.65E+01,39.0625,1.59E+01,2.2948
B_S2_D1_086-bebop_003_.wav,6,278.3203,2.55E+01,27.3438,9.60E+00,2.6576
B_S2_D1_086-bebop_003_.wav,7,327.8655,1.32E+01,32.2266,6.28E+00,2.1037
B_S2_D1_086-bebop_003_.wav,8,372.0703,9.01E+01,7.8125,2.12E+01,4.2483
B_S2_D1_086-bebop_003_.wav,9,418.9453,5.67E+01,29.2969,2.29E+01,2.4794
B_S2_D1_086-bebop_003_.wav,10,465.8203,4.84E+00,37.1094,3.23E+00,1.4957
B_S2_D1_086-bebop_004_.wav,1,56.5567,4.87E+02,27.9018,8.97E+01,5.428
B_S2_D1_086-bebop_004_.wav,2,115.6829,1.66E+02,39.0625,7.43E+01,2.2411
B_S2_D1_086-bebop_004_.wav,3,173.2398,5.96E+01,37.9464,3.18E+01,1.8757
B_S2_D1_086-bebop_004_.wav,4,225.4464,2.08E+01,37.9464,1.82E+01,1.1429
B_S2_D1_086-bebop_004_.wav,5,284.9479,1.01E+01,39.0625,1.09E+01,0.9315
B_S2_D1_086-bebop_004_.wav,6,338.1696,9.39E+00,36.8304,7.99E+00,1.1747
B_S2_D1_086-bebop_004_.wav,7,396.6206,6.97E+01,14.5089,6.03E+00,11.5626
B_S2_D1_086-bebop_004_.wav,8,457.5306,6.79E+00,37.9464,3.07E+00,2.2106
B_S2_D1_086-bebop_004_.wav,9,512.2383,6.38E+00,18.9732,3.10E+00,2.0546
B_S2_D1_086-bebop_004_.wav,10,569.176,3.57E+00,25.6696,3.05E+00,1.171
B_S2_D1_087-bebop_000_.wav,1,45.1731,4.65E+02,24.4141,7.07E+01,6.5731
B_S2_D1_087-bebop_000_.wav,2,89.3508,2.14E+02,32.2266,1.21E+02,1.7683
B_S2_D1_087-bebop_000_.wav,3,134.0614,1.00E+02,28.3203,6.62E+01,1.5102
B_S2_D1_087-bebop_000_.wav,4,178.2332,6.31E+01,34.1797,3.97E+01,1.5887
B_S2_D1_087-bebop_000_.wav,5,223.6655,4.17E+01,38.0859,2.91E+01,1.4344
B_S2_D1_087-bebop_000_.wav,6,266.6016,4.32E+01,35.1562,2.10E+01,2.0597
B_S2_D1_087-bebop_000_.wav,7,313.7115,2.08E+01,19.5312,1.46E+01,1.4248
B_S2_D1_087-bebop_000_.wav,8,362.3047,2.27E+01,31.25,1.49E+01,1.5291
B_S2_D1_087-bebop_000_.wav,9,405.3794,9.93E+01,17.5781,1.38E+01,7.2109
B_S2_D1_087-bebop_000_.wav,10,452.1484,1.32E+01,37.1094,7.30E+00,1.8089
B_S2_D1_087-bebop_001_.wav,1,48.0204,7.14E+02,17.5781,7.96E+01,8.9711
B_S2_D1_087-bebop_001_.wav,2,97.825,2.92E+02,37.1094,1.36E+02,2.1399
B_S2_D1_087-bebop_001_.wav,3,140.625,1.57E+02,37.1094,1.18E+02,1.3331
B_S2_D1_087-bebop_001_.wav,4,191.8244,1.57E+02,39.0625,7.15E+01,2.1982
B_S2_D1_087-bebop_001_.wav,5,241.5709,5.71E+01,38.0859,3.36E+01,1.6992
B_S2_D1_087-bebop_001_.wav,6,286.2722,5.75E+01,35.1562,2.92E+01,1.9686
B_S2_D1_087-bebop_001_.wav,7,334.9815,2.92E+01,39.0625,2.53E+01,1.154
B_S2_D1_087-bebop_001_.wav,8,383.2524,2.81E+01,10.7422,2.61E+01,1.0765
B_S2_D1_087-bebop_001_.wav,9,429.3169,2.12E+01,11.7188,1.92E+01,1.1057
B_S2_D1_087-bebop_001_.wav,10,479.2447,1.20E+01,32.2266,8.16E+00,1.4654
B_S2_D1_087-bebop_002_.wav,1,62.6818,5.78E+02,24.4141,1.22E+02,4.7306
B_S2_D1_087-bebop_002_.wav,2,124.5073,2.14E+02,33.2031,9.54E+01,2.2446
B_S2_D1_087-bebop_002_.wav,3,184.5703,8.30E+01,35.1562,6.23E+01,1.3321
B_S2_D1_087-bebop_002_.wav,4,247.7716,7.00E+01,18.5547,3.65E+01,1.9173
B_S2_D1_087-bebop_002_.wav,5,309.5703,2.62E+01,18.5547,1.69E+01,1.5475
B_S2_D1_087-bebop_002_.wav,6,372.7361,3.46E+01,35.1562,1.68E+01,2.0583
B_S2_D1_087-bebop_002_.wav,7,440.4297,1.88E+01,33.2031,1.06E+01,1.7682
B_S2_D1_087-bebop_002_.wav,8,499.8597,8.82E+00,32.2266,6.46E+00,1.3654
B_S2_D1_087-bebop_002_.wav,9,565.4297,6.28E+00,31.25,4.86E+00,1.291
B_S2_D1_087-bebop_002_.wav,10,625.7359,6.03E+00,39.0625,4.45E+00,1.3564
B_S2_D1_087-bebop_003_.wav,1,54.5176,4.22E+02,19.5312,8.40E+01,5.0283
B_S2_D1_087-bebop_003_.wav,2,106.4453,1.07E+02,39.0625,6.98E+01,1.5261
B_S2_D1_087-bebop_003_.wav,3,161.1328,4.59E+01,8.7891,2.50E+01,1.8336
B_S2_D1_087-bebop_003_.wav,4,218.7804,2.45E+01,37.1094,1.39E+01,1.7643
B_S2_D1_087-bebop_003_.wav,5,275.4025,1.43E+01,34.1797,8.41E+00,1.706
B_S2_D1_087-bebop_003_.wav,6,330.3699,8.47E+00,34.1797,7.45E+00,1.1381
B_S2_D1_087-bebop_003_.wav,7,383.4242,8.07E+00,5.8594,8.21E+00,0.9832
B_S2_D1_087-bebop_003_.wav,8,434.5703,2.31E+01,15.625,5.45E+00,4.2326
B_S2_D1_087-bebop_003_.wav,9,490.2175,8.82E+00,12.6953,2.71E+00,3.2596
B_S2_D1_087-bebop_003_.wav,10,548.6847,8.39E+00,30.2734,2.74E+00,3.0601
B_S2_D1_087-bebop_004_.wav,1,47.7887,2.53E+02,15.625,6.09E+01,4.153
B_S2_D1_087-bebop_004_.wav,2,96.6667,9.49E+01,26.7857,6.69E+01,1.4191
B_S2_D1_087-bebop_004_.wav,3,141.7582,3.96E+01,37.9464,3.46E+01,1.1447
B_S2_D1_087-bebop_004_.wav,4,188.6161,3.51E+01,17.8571,2.29E+01,1.535
B_S2_D1_087-bebop_004_.wav,5,243.3036,3.23E+01,36.8304,1.48E+01,2.1813
B_S2_D1_087-bebop_004_.wav,6,287.0613,2.19E+01,32.3661,1.06E+01,2.0611
B_S2_D1_087-bebop_004_.wav,7,336.5569,1.24E+01,33.4821,1.07E+01,1.1605
B_S2_D1_087-bebop_004_.wav,8,381.9825,2.29E+01,39.0625,1.56E+01,1.4716
B_S2_D1_087-bebop_004_.wav,9,431.8987,1.75E+01,5.5804,8.93E+00,1.9569
B_S2_D1_087-bebop_004_.wav,10,482.2823,7.97E+00,23.4375,3.76E+00,2.1182
B_S2_D1_088-bebop_000_.wav,1,48.0191,4.78E+02,12.6953,1.03E+02,4.6204
B_S2_D1_088-bebop_000_.wav,2,94.9637,2.02E+02,39.0625,1.13E+02,1.7864
B_S2_D1_088-bebop_000_.wav,3,144.2277,1.02E+02,38.0859,8.09E+01,1.2609
B_S2_D1_088-bebop_000_.wav,4,188.4766,1.24E+02,24.4141,4.88E+01,2.5321
B_S2_D1_088-bebop_000_.wav,5,236.3281,5.38E+01,38.0859,3.08E+01,1.7431
B_S2_D1_088-bebop_000_.wav,6,284.1797,2.56E+01,34.1797,1.81E+01,1.4198
B_S2_D1_088-bebop_000_.wav,7,337.8906,2.99E+01,32.2266,1.47E+01,2.0289
B_S2_D1_088-bebop_000_.wav,8,382.517,2.27E+01,15.625,1.57E+01,1.4407
B_S2_D1_088-bebop_000_.wav,9,429.7947,1.37E+02,1.9531,1.12E+01,12.2943
B_S2_D1_088-bebop_000_.wav,10,476.5647,5.77E+00,18.5547,5.25E+00,1.0982
B_S2_D1_088-bebop_001_.wav,1,64.5311,5.18E+02,19.5312,1.04E+02,4.9919
B_S2_D1_088-bebop_001_.wav,2,127.1019,1.14E+02,10.7422,8.06E+01,1.4103
B_S2_D1_088-bebop_001_.wav,3,190.4297,1.10E+02,38.0859,5.00E+01,2.2035
B_S2_D1_088-bebop_001_.wav,4,257.3841,3.13E+01,35.1562,2.16E+01,1.4473
B_S2_D1_088-bebop_001_.wav,5,324.2525,1.60E+01,33.2031,1.12E+01,1.4347
B_S2_D1_088-bebop_001_.wav,6,384.6448,2.08E+01,19.5312,1.02E+01,2.0339
B_S2_D1_088-bebop_001_.wav,7,450.3273,9.74E+00,5.8594,4.74E+00,2.0536
B_S2_D1_088-bebop_001_.wav,8,518.5547,2.36E+00,36.1328,2.97E+00,0.7952
B_S2_D1_088-bebop_001_.wav,9,578.0738,1.29E+01,8.7891,3.18E+00,4.0547
B_S2_D1_088-bebop_001_.wav,10,645.3319,2.97E+00,39.0625,2.53E+00,1.1753
B_S2_D1_088-bebop_002_.wav,1,48.0208,6.37E+02,24.4141,9.85E+01,6.4648
B_S2_D1_088-bebop_002_.wav,2,92.7734,2.79E+02,32.2266,1.47E+02,1.8979
B_S2_D1_088-bebop_002_.wav,3,142.7311,1.51E+02,19.5312,8.20E+01,1.8454
B_S2_D1_088-bebop_002_.wav,4,194.3359,7.94E+01,34.1797,4.69E+01,1.6926
B_S2_D1_088-bebop_002_.wav,5,237.7132,3.34E+01,39.0625,3.52E+01,0.9491
B_S2_D1_088-bebop_002_.wav,6,286.7434,2.65E+01,29.2969,1.93E+01,1.3782
B_S2_D1_088-bebop_002_.wav,7,332.9847,2.13E+01,37.1094,1.22E+01,1.7522
B_S2_D1_088-bebop_002_.wav,8,382.648,1.28E+01,7.8125,1.17E+01,1.0956
B_S2_D1_088-bebop_002_.wav,9,428.817,1.30E+01,3.9062,6.10E+00,2.1262
B_S2_D1_088-bebop_002_.wav,10,478.8174,5.59E+00,38.0859,3.93E+00,1.4226
B_S2_D1_088-bebop_003_.wav,1,57.2325,4.16E+02,25.3906,7.55E+01,5.5174
B_S2_D1_088-bebop_003_.wav,2,113.6288,8.74E+01,7.8125,7.00E+01,1.2501
B_S2_D1_088-bebop_003_.wav,3,169.9219,6.25E+01,37.1094,4.61E+01,1.3568
B_S2_D1_088-bebop_003_.wav,4,230.3319,5.62E+01,32.2266,2.84E+01,1.9799
B_S2_D1_088-bebop_003_.wav,5,286.9186,3.56E+01,38.0859,2.24E+01,1.5872
B_S2_D1_088-bebop_003_.wav,6,345.4364,2.64E+01,5.8594,1.15E+01,2.3049
B_S2_D1_088-bebop_003_.wav,7,404.5082,9.07E+00,39.0625,7.90E+00,1.1478
B_S2_D1_088-bebop_003_.wav,8,458.0078,2.29E+01,17.5781,6.27E+00,3.6494
B_S2_D1_088-bebop_003_.wav,9,520.6456,7.41E+00,33.2031,4.15E+00,1.7877
B_S2_D1_088-bebop_003_.wav,10,579.1016,6.30E+00,11.7188,4.84E+00,1.3017
B_S2_D1_088-bebop_004_.wav,1,53.6065,3.74E+02,15.625,7.28E+01,5.1314
B_S2_D1_088-bebop_004_.wav,2,104.859,1.19E+02,34.5982,6.40E+01,1.8549
B_S2_D1_088-bebop_004_.wav,3,157.3661,5.07E+01,33.4821,3.64E+01,1.3917
B_S2_D1_088-bebop_004_.wav,4,210.9375,3.20E+01,37.9464,1.82E+01,1.7582
B_S2_D1_088-bebop_004_.wav,5,265.6081,2.10E+01,37.9464,9.07E+00,2.312
B_S2_D1_088-bebop_004_.wav,6,324.1161,8.89E+00,31.25,7.23E+00,1.2293
B_S2_D1_088-bebop_004_.wav,7,376.864,2.93E+01,25.6696,1.22E+01,2.3916
B_S2_D1_088-bebop_004_.wav,8,425.2232,1.79E+01,7.8125,6.30E+00,2.8433
B_S2_D1_088-bebop_004_.wav,9,482.1563,4.14E+00,27.9018,2.23E+00,1.8589
B_S2_D1_088-bebop_004_.wav,10,537.6947,9.48E+00,31.25,3.51E+00,2.7033
B_S2_D1_089-bebop_000_.wav,1,52.7264,3.38E+02,30.2734,9.18E+01,3.6844
B_S2_D1_089-bebop_000_.wav,2,102.5391,1.59E+02,34.1797,9.69E+01,1.6414
B_S2_D1_089-bebop_000_.wav,3,161.1328,9.72E+01,22.4609,3.81E+01,2.5497
B_S2_D1_089-bebop_000_.wav,4,213.2286,3.00E+01,39.0625,2.77E+01,1.0798
B_S2_D1_089-bebop_000_.wav,5,260.7422,3.02E+01,39.0625,2.46E+01,1.2253
B_S2_D1_089-bebop_000_.wav,6,317.7389,1.70E+01,39.0625,1.56E+01,1.0918
B_S2_D1_089-bebop_000_.wav,7,366.2109,7.25E+01,10.7422,9.55E+00,7.5888
B_S2_D1_089-bebop_000_.wav,8,418.9453,1.31E+01,1.9531,8.95E+00,1.4682
B_S2_D1_089-bebop_000_.wav,9,474.5849,7.29E+00,19.5312,5.71E+00,1.2768
B_S2_D1_089-bebop_000_.wav,10,526.8056,3.36E+00,39.0625,3.66E+00,0.9165
B_S2_D1_089-bebop_001_.wav,1,64.2556,5.83E+02,35.1562,2.06E+02,2.8321
B_S2_D1_089-bebop_001_.wav,2,125.9766,1.34E+02,12.6953,1.12E+02,1.1979
B_S2_D1_089-bebop_001_.wav,3,196.2891,9.51E+01,31.25,7.13E+01,1.3341
B_S2_D1_089-bebop_001_.wav,4,259.0858,3.91E+01,33.2031,3.41E+01,1.1472
B_S2_D1_089-bebop_001_.wav,5,322.5002,2.67E+01,29.2969,2.25E+01,1.1885
B_S2_D1_089-bebop_001_.wav,6,387.9788,5.17E+01,18.5547,2.76E+01,1.8709
B_S2_D1_089-bebop_001_.wav,7,450.0264,1.52E+01,5.8594,1.37E+01,1.1128
B_S2_D1_089-bebop_001_.wav,8,514.9664,8.87E+00,36.1328,7.08E+00,1.2524
B_S2_D1_089-bebop_001_.wav,9,583.0078,9.65E+00,8.7891,6.64E+00,1.4551
B_S2_D1_089-bebop_001_.wav,10,647.4609,8.91E+00,20.5078,6.45E+00,1.3825
B_S2_D1_089-bebop_002_.wav,1,47.8682,5.56E+02,23.4375,1.19E+02,4.6742
B_S2_D1_089-bebop_002_.wav,2,94.4286,3.02E+02,37.1094,1.81E+02,1.6671
B_S2_D1_089-bebop_002_.wav,3,146.4844,1.25E+02,17.5781,7.49E+01,1.6717
B_S2_D1_089-bebop_002_.wav,4,191.8831,8.99E+01,33.2031,5.99E+01,1.4997
B_S2_D1_089-bebop_002_.wav,5,236.3281,7.09E+01,19.5312,3.97E+01,1.7868
B_S2_D1_089-bebop_002_.wav,6,288.0339,5.99E+01,38.0859,3.29E+01,1.8211
B_S2_D1_089-bebop_002_.wav,7,337.8906,1.23E+01,38.0859,2.79E+01,0.4406
B_S2_D1_089-bebop_002_.wav,8,385.7422,2.23E+01,1.9531,2.10E+01,1.0601
B_S2_D1_089-bebop_002_.wav,9,432.6999,3.68E+01,4.8828,1.66E+01,2.213
B_S2_D1_089-bebop_002_.wav,10,480.6521,1.85E+01,39.0625,1.04E+01,1.7703
B_S2_D1_089-bebop_003_.wav,1,49.8312,2.39E+02,29.2969,5.89E+01,4.0498
B_S2_D1_089-bebop_003_.wav,2,102.5391,1.05E+02,38.0859,6.23E+01,1.6889
B_S2_D1_089-bebop_003_.wav,3,151.0776,1.52E+02,30.2734,4.45E+01,3.4157
B_S2_D1_089-bebop_003_.wav,4,200.3939,6.06E+01,39.0625,3.38E+01,1.791
B_S2_D1_089-bebop_003_.wav,5,246.9026,5.16E+01,39.0625,2.43E+01,2.128
B_S2_D1_089-bebop_003_.wav,6,296.7724,3.54E+01,36.1328,1.77E+01,2.0051
B_S2_D1_089-bebop_003_.wav,7,349.7859,5.39E+01,27.3438,1.53E+01,3.5232
B_S2_D1_089-bebop_003_.wav,8,396.6076,1.58E+01,19.5312,1.20E+01,1.3157
B_S2_D1_089-bebop_003_.wav,9,445.3125,1.01E+02,1.9531,8.89E+00,11.4118
B_S2_D1_089-bebop_003_.wav,10,495.9524,1.55E+01,21.4844,5.72E+00,2.702
B_S2_D1_089-bebop_004_.wav,1,54.5685,2.09E+02,29.0179,5.29E+01,3.9547
B_S2_D1_089-bebop_004_.wav,2,111.5656,4.31E+01,25.6696,4.95E+01,0.8712
B_S2_D1_089-bebop_004_.wav,3,166.0346,4.78E+01,20.0893,2.63E+01,1.8174
B_S2_D1_089-bebop_004_.wav,4,220.9821,2.53E+01,36.8304,1.60E+01,1.5833
B_S2_D1_089-bebop_004_.wav,5,270.0893,3.25E+01,36.8304,1.45E+01,2.2357
B_S2_D1_089-bebop_004_.wav,6,329.0084,1.37E+01,36.8304,9.47E+00,1.4448
B_S2_D1_089-bebop_004_.wav,7,383.7924,1.92E+01,21.2054,1.15E+01,1.6765
B_S2_D1_089-bebop_004_.wav,8,440.8482,6.57E+01,15.625,1.49E+01,4.4066
B_S2_D1_089-bebop_004_.wav,9,492.9939,5.36E+00,31.25,5.97E+00,0.8989
B_S2_D1_089-bebop_004_.wav,10,547.1636,3.59E+00,33.4821,5.33E+00,0.673
B_S2_D1_090-bebop_000_.wav,1,52.799,3.29E+02,23.4375,8.45E+01,3.8982
B_S2_D1_090-bebop_000_.wav,2,103.5429,1.62E+02,39.0625,9.76E+01,1.6625
B_S2_D1_090-bebop_000_.wav,3,160.5407,3.26E+01,35.1562,3.58E+01,0.9113
B_S2_D1_090-bebop_000_.wav,4,209.676,3.83E+01,12.6953,2.81E+01,1.3624
B_S2_D1_090-bebop_000_.wav,5,260.7422,2.73E+01,31.25,1.94E+01,1.408
B_S2_D1_090-bebop_000_.wav,6,315.3224,2.80E+01,39.0625,1.82E+01,1.5419
B_S2_D1_090-bebop_000_.wav,7,370.5436,2.45E+01,21.4844,1.64E+01,1.4984
B_S2_D1_090-bebop_000_.wav,8,423.7723,3.09E+01,12.6953,1.81E+01,1.7054
B_S2_D1_090-bebop_000_.wav,9,476.7105,3.85E+00,8.7891,7.10E+00,0.5421
B_S2_D1_090-bebop_000_.wav,10,528.0074,7.88E+00,25.3906,5.50E+00,1.4327
B_S2_D1_090-bebop_001_.wav,1,63.379,3.06E+02,38.0859,6.61E+01,4.6341
B_S2_D1_090-bebop_001_.wav,2,129.176,1.29E+02,24.4141,5.11E+01,2.5223
B_S2_D1_090-bebop_001_.wav,3,189.2241,4.60E+01,39.0625,2.83E+01,1.6276
B_S2_D1_090-bebop_001_.wav,4,255.014,2.23E+01,30.2734,1.36E+01,1.6371
B_S2_D1_090-bebop_001_.wav,5,318.5175,2.35E+01,24.4141,1.19E+01,1.9701
B_S2_D1_090-bebop_001_.wav,6,380.025,2.23E+01,34.1797,1.40E+01,1.593
B_S2_D1_090-bebop_001_.wav,7,441.4062,6.68E+00,33.2031,6.27E+00,1.0657
B_S2_D1_090-bebop_001_.wav,8,507.4546,4.35E+00,36.1328,3.17E+00,1.3746
B_S2_D1_090-bebop_001_.wav,9,569.5246,7.50E+00,24.4141,3.27E+00,2.2975
B_S2_D1_090-bebop_001_.wav,10,635.6067,4.60E+00,13.6719,3.38E+00,1.3606
B_S2_D1_090-bebop_002_.wav,1,61.8926,3.50E+02,30.2734,7.56E+01,4.6251
B_S2_D1_090-bebop_002_.wav,2,120.1172,2.89E+01,31.25,4.48E+01,0.644
B_S2_D1_090-bebop_002_.wav,3,184.6756,2.60E+01,39.0625,2.16E+01,1.2066
B_S2_D1_090-bebop_002_.wav,4,249.0234,2.78E+01,1.9531,1.24E+01,2.2389
B_S2_D1_090-bebop_002_.wav,5,306.548,1.97E+01,26.3672,7.47E+00,2.6384
B_S2_D1_090-bebop_002_.wav,6,370.8272,1.01E+02,1.9531,1.17E+01,8.6789
B_S2_D1_090-bebop_002_.wav,7,433.5938,2.42E+01,22.4609,2.44E+01,0.9888
B_S2_D1_090-bebop_002_.wav,8,493.4748,8.67E+00,27.3438,7.13E+00,1.2162
B_S2_D1_090-bebop_002_.wav,9,554.4684,2.65E+00,39.0625,4.69E+00,0.5654
B_S2_D1_090-bebop_002_.wav,10,612.3047,1.26E+01,26.3672,5.08E+00,2.4821
B_S2_D1_090-bebop_003_.wav,1,69.3693,3.41E+02,33.2031,9.96E+01,3.4263
B_S2_D1_090-bebop_003_.wav,2,139.6656,5.99E+01,38.0859,4.06E+01,1.473
B_S2_D1_090-bebop_003_.wav,3,210.0461,2.55E+01,36.1328,2.46E+01,1.0358
B_S2_D1_090-bebop_003_.wav,4,280.2734,2.17E+01,27.3438,1.26E+01,1.7245
B_S2_D1_090-bebop_003_.wav,5,345.0053,7.78E+00,29.2969,7.05E+00,1.1031
B_S2_D1_090-bebop_003_.wav,6,415.0167,5.12E+01,2.9297,7.02E+00,7.2857
B_S2_D1_090-bebop_003_.wav,7,488.2812,4.12E+00,37.1094,3.26E+00,1.2638
B_S2_D1_090-bebop_003_.wav,8,553.5282,3.69E+00,10.7422,2.85E+00,1.2983
B_S2_D1_090-bebop_003_.wav,9,621.6248,3.85E+00,34.1797,2.24E+00,1.7161
B_S2_D1_090-bebop_003_.wav,10,690.4297,8.33E+00,39.0625,5.30E+00,1.5724
B_S2_D1_090-bebop_004_.wav,1,57.1872,4.66E+02,22.3214,1.11E+02,4.1944
B_S2_D1_090-bebop_004_.wav,2,115.9992,1.35E+02,33.4821,7.50E+01,1.7956
B_S2_D1_090-bebop_004_.wav,3,168.5268,4.47E+01,37.9464,4.03E+01,1.1079
B_S2_D1_090-bebop_004_.wav,4,225.4464,5.07E+01,37.9464,2.73E+01,1.8614
B_S2_D1_090-bebop_004_.wav,5,285.5322,3.02E+01,39.0625,1.47E+01,2.058
B_S2_D1_090-bebop_004_.wav,6,344.8661,2.85E+01,20.0893,9.65E+00,2.9553
B_S2_D1_090-bebop_004_.wav,7,400.5356,8.11E+00,32.3661,7.52E+00,1.0792
B_S2_D1_090-bebop_004_.wav,8,453.3835,1.17E+02,4.4643,6.54E+00,17.9348
B_S2_D1_090-bebop_004_.wav,9,510.0446,6.42E+00,25.6696,3.85E+00,1.6694
B_S2_D1_090-bebop_004_.wav,10,567.4034,8.10E+00,17.8571,3.51E+00,2.3053
B_S2_D1_091-bebop_000_.wav,1,48.5907,5.04E+02,25.3906,6.26E+01,8.0433
B_S2_D1_091-bebop_000_.wav,2,97.0292,9.59E+01,30.2734,8.03E+01,1.1944
B_S2_D1_091-bebop_000_.wav,3,145.7477,8.03E+01,25.3906,3.16E+01,2.5427
B_S2_D1_091-bebop_000_.wav,4,193.3053,1.91E+01,39.0625,1.77E+01,1.0741
B_S2_D1_091-bebop_000_.wav,5,244.5962,3.07E+01,38.0859,1.39E+01,2.2095
B_S2_D1_091-bebop_000_.wav,6,290.0391,9.96E+00,34.1797,1.05E+01,0.9467
B_S2_D1_091-bebop_000_.wav,7,341.6971,3.80E+01,25.3906,7.80E+00,4.866
B_S2_D1_091-bebop_000_.wav,8,391.3884,8.69E+00,39.0625,5.53E+00,1.5719
B_S2_D1_091-bebop_000_.wav,9,442.3828,3.81E+01,5.8594,5.40E+00,7.0632
B_S2_D1_091-bebop_000_.wav,10,487.3468,6.70E+00,32.2266,3.32E+00,2.0216
B_S2_D1_091-bebop_001_.wav,1,53.6604,3.15E+02,32.2266,8.64E+01,3.6472
B_S2_D1_091-bebop_001_.wav,2,108.0104,1.60E+02,34.1797,8.78E+01,1.8233
B_S2_D1_091-bebop_001_.wav,3,162.2602,7.14E+01,36.1328,5.21E+01,1.3715
B_S2_D1_091-bebop_001_.wav,4,214.0598,5.83E+01,34.1797,3.34E+01,1.7475
B_S2_D1_091-bebop_001_.wav,5,265.625,2.53E+01,35.1562,2.09E+01,1.2102
B_S2_D1_091-bebop_001_.wav,6,319.3359,1.50E+01,38.0859,1.60E+01,0.9352
B_S2_D1_091-bebop_001_.wav,7,378.9062,1.61E+01,39.0625,1.22E+01,1.3142
B_S2_D1_091-bebop_001_.wav,8,432.6172,1.57E+01,4.8828,1.05E+01,1.5011
B_S2_D1_091-bebop_001_.wav,9,483.6944,4.50E+00,35.1562,5.74E+00,0.7842
B_S2_D1_091-bebop_001_.wav,10,534.1797,6.67E+00,39.0625,4.29E+00,1.5556
B_S2_D1_091-bebop_002_.wav,1,66.5897,4.07E+02,39.0625,1.31E+02,3.0959
B_S2_D1_091-bebop_002_.wav,2,132.8594,5.44E+01,38.0859,8.18E+01,0.6646
B_S2_D1_091-bebop_002_.wav,3,200.4457,5.77E+01,30.2734,4.04E+01,1.429
B_S2_D1_091-bebop_002_.wav,4,264.9691,3.62E+01,33.2031,2.85E+01,1.27
B_S2_D1_091-bebop_002_.wav,5,329.1016,2.32E+01,39.0625,2.19E+01,1.0615
B_S2_D1_091-bebop_002_.wav,6,395.5078,3.04E+01,39.0625,2.49E+01,1.2168
B_S2_D1_091-bebop_002_.wav,7,462.437,2.37E+01,3.9062,1.34E+01,1.7608
B_S2_D1_091-bebop_002_.wav,8,530.1002,1.00E+01,39.0625,5.64E+00,1.7812
B_S2_D1_091-bebop_002_.wav,9,598.8478,9.12E+00,8.7891,5.64E+00,1.6187
B_S2_D1_091-bebop_002_.wav,10,661.1328,8.92E+00,19.5312,6.11E+00,1.4599
B_S2_D1_091-bebop_003_.wav,1,44.287,5.56E+02,23.4375,1.75E+02,3.1813
B_S2_D1_091-bebop_003_.wav,2,87.3182,3.87E+02,38.0859,2.08E+02,1.855
B_S2_D1_091-bebop_003_.wav,3,128.9062,2.45E+02,36.1328,1.06E+02,2.3173
B_S2_D1_091-bebop_003_.wav,4,178.7109,8.90E+01,25.3906,6.61E+01,1.3464
B_S2_D1_091-bebop_003_.wav,5,218.396,5.18E+01,38.0859,4.29E+01,1.2061
B_S2_D1_091-bebop_003_.wav,6,266.6016,4.75E+01,23.4375,3.72E+01,1.2757
B_S2_D1_091-bebop_003_.wav,7,309.3579,5.03E+01,25.3906,3.57E+01,1.4099
B_S2_D1_091-bebop_003_.wav,8,352.354,6.77E+01,38.0859,2.97E+01,2.2802
B_S2_D1_091-bebop_003_.wav,9,397.5409,2.73E+01,32.2266,2.03E+01,1.3397
B_S2_D1_091-bebop_003_.wav,10,438.0534,6.05E+01,12.6953,1.37E+01,4.4038
B_S2_D1_091-bebop_004_.wav,1,74.6179,5.18E+02,37.9464,1.69E+02,3.07
B_S2_D1_091-bebop_004_.wav,2,148.5525,1.35E+02,35.7143,5.84E+01,2.3081
B_S2_D1_091-bebop_004_.wav,3,225.2972,3.89E+01,31.25,3.59E+01,1.0835
B_S2_D1_091-bebop_004_.wav,4,302.4554,3.06E+01,22.3214,1.95E+01,1.5669
B_S2_D1_091-bebop_004_.wav,5,372.264,2.05E+01,39.0625,1.90E+01,1.0771
B_S2_D1_091-bebop_004_.wav,6,452.0089,1.03E+01,26.7857,5.76E+00,1.781
B_S2_D1_091-bebop_004_.wav,7,524.6565,1.26E+01,27.9018,5.79E+00,2.1857
B_S2_D1_091-bebop_004_.wav,8,599.2942,7.30E+00,36.8304,4.35E+00,1.6768
B_S2_D1_091-bebop_004_.wav,9,675.4048,9.48E+00,35.7143,4.60E+00,2.061
B_S2_D1_091-bebop_004_.wav,10,747.4234,8.36E+00,30.1339,5.50E+00,1.5217
B_S2_D1_092-bebop_000_.wav,1,63.7831,4.35E+02,11.7188,9.25E+01,4.7014
B_S2_D1_092-bebop_000_.wav,2,129.8828,1.52E+02,24.4141,6.98E+01,2.1839
B_S2_D1_092-bebop_000_.wav,3,189.1564,6.15E+01,37.1094,3.69E+01,1.6663
B_S2_D1_092-bebop_000_.wav,4,256.8359,3.37E+01,38.0859,2.27E+01,1.4831
B_S2_D1_092-bebop_000_.wav,5,318.3574,1.10E+01,39.0625,1.08E+01,1.0204
B_S2_D1_092-bebop_000_.wav,6,383.7891,3.11E+01,34.1797,1.36E+01,2.2777
B_S2_D1_092-bebop_000_.wav,7,445.9092,8.94E+00,12.6953,5.88E+00,1.5219
B_S2_D1_092-bebop_000_.wav,8,507.9223,9.11E+00,37.1094,4.15E+00,2.1966
B_S2_D1_092-bebop_000_.wav,9,574.2188,4.22E+00,2.9297,3.19E+00,1.3245
B_S2_D1_092-bebop_000_.wav,10,634.3745,1.15E+01,18.5547,3.39E+00,3.3956
B_S2_D1_092-bebop_001_.wav,1,48.4596,2.58E+02,19.5312,5.01E+01,5.1531
B_S2_D1_092-bebop_001_.wav,2,97.8005,9.92E+01,38.0859,5.54E+01,1.7895
B_S2_D1_092-bebop_001_.wav,3,148.0532,7.02E+01,37.1094,2.55E+01,2.7483
B_S2_D1_092-bebop_001_.wav,4,197.7056,2.67E+01,33.2031,1.63E+01,1.6311
B_S2_D1_092-bebop_001_.wav,5,242.4454,1.53E+01,34.1797,1.18E+01,1.3037
B_S2_D1_092-bebop_001_.wav,6,295.8984,2.28E+01,23.4375,9.80E+00,2.3322
B_S2_D1_092-bebop_001_.wav,7,339.6342,6.01E+01,22.4609,1.24E+01,4.8515
B_S2_D1_092-bebop_001_.wav,8,389.8211,2.22E+01,38.0859,2.23E+01,0.9947
B_S2_D1_092-bebop_001_.wav,9,442.3828,5.47E+01,16.6016,1.12E+01,4.8859
B_S2_D1_092-bebop_001_.wav,10,486.4073,5.11E+00,34.1797,3.83E+00,1.3333
B_S2_D1_092-bebop_002_.wav,1,55.9009,2.94E+02,26.3672,5.82E+01,5.046
B_S2_D1_092-bebop_002_.wav,2,109.5635,7.51E+01,36.1328,5.70E+01,1.3179
B_S2_D1_092-bebop_002_.wav,3,164.0625,7.60E+01,30.2734,3.27E+01,2.3209
B_S2_D1_092-bebop_002_.wav,4,224.7476,1.83E+01,38.0859,1.43E+01,1.2747
B_S2_D1_092-bebop_002_.wav,5,276.6393,1.55E+01,38.0859,8.37E+00,1.8509
B_S2_D1_092-bebop_002_.wav,6,333.9994,7.31E+00,19.5312,5.49E+00,1.3297
B_S2_D1_092-bebop_002_.wav,7,392.5781,5.57E+01,18.5547,5.96E+00,9.349
B_S2_D1_092-bebop_002_.wav,8,444.0848,6.01E+00,38.0859,3.94E+00,1.525
B_S2_D1_092-bebop_002_.wav,9,498.95,4.71E+00,35.1562,3.07E+00,1.5322
B_S2_D1_092-bebop_002_.wav,10,553.7109,2.33E+01,20.5078,3.49E+00,6.6626
B_S2_D1_092-bebop_003_.wav,1,49.1331,3.53E+02,23.4375,5.68E+01,6.2133
B_S2_D1_092-bebop_003_.wav,2,100.5859,1.01E+02,20.5078,7.57E+01,1.337
B_S2_D1_092-bebop_003_.wav,3,143.5547,5.86E+01,33.2031,5.02E+01,1.1674
B_S2_D1_092-bebop_003_.wav,4,194.0791,5.26E+01,27.3438,3.18E+01,1.6529
B_S2_D1_092-bebop_003_.wav,5,241.2109,1.82E+01,34.1797,1.52E+01,1.1928
B_S2_D1_092-bebop_003_.wav,6,295.8984,1.54E+01,39.0625,8.93E+00,1.7278
B_S2_D1_092-bebop_003_.wav,7,338.8672,7.80E+00,0.9766,8.39E+00,0.9297
B_S2_D1_092-bebop_003_.wav,8,392.633,1.51E+01,36.1328,1.70E+01,0.8893
B_S2_D1_092-bebop_003_.wav,9,442.3828,1.24E+02,28.3203,1.93E+01,6.4126
B_S2_D1_092-bebop_003_.wav,10,486.0851,5.36E+00,32.2266,4.86E+00,1.103
B_S2_D1_092-bebop_004_.wav,1,44.3378,2.57E+02,24.5536,6.11E+01,4.2014
B_S2_D1_092-bebop_004_.wav,2,90.5188,7.30E+01,39.0625,9.73E+01,0.7501
B_S2_D1_092-bebop_004_.wav,3,137.2768,3.25E+01,37.9464,4.48E+01,0.7267
B_S2_D1_092-bebop_004_.wav,4,179.6159,1.88E+01,6.6964,1.85E+01,1.0165
B_S2_D1_092-bebop_004_.wav,5,219.8661,2.07E+01,37.9464,1.47E+01,1.408
B_S2_D1_092-bebop_004_.wav,6,269.5527,8.59E+00,33.4821,1.04E+01,0.8258
B_S2_D1_092-bebop_004_.wav,7,312.6358,1.16E+01,39.0625,7.00E+00,1.6566
B_S2_D1_092-bebop_004_.wav,8,357.0882,1.42E+01,3.3482,6.96E+00,2.0428
B_S2_D1_092-bebop_004_.wav,9,401.7834,5.18E+01,26.7857,1.31E+01,3.9484
B_S2_D1_092-bebop_004_.wav,10,445.1424,2.63E+01,3.3482,1.08E+01,2.4239
B_S2_D1_093-bebop_000_.wav,1,64.6695,3.93E+02,22.4609,9.39E+01,4.1872
B_S2_D1_093-bebop_000_.wav,2,129.4304,9.33E+01,4.8828,5.37E+01,1.7359
B_S2_D1_093-bebop_000_.wav,3,194.7825,4.98E+01,24.4141,2.62E+01,1.9013
B_S2_D1_093-bebop_000_.wav,4,260.7422,1.62E+01,20.5078,1.07E+01,1.5132
B_S2_D1_093-bebop_000_.wav,5,319.3359,6.83E+00,36.1328,9.09E+00,0.751
B_S2_D1_093-bebop_000_.wav,6,386.0258,1.30E+01,11.7188,1.54E+01,0.8473
B_S2_D1_093-bebop_000_.wav,7,448.2422,3.37E+01,13.6719,1.12E+01,3.013
B_S2_D1_093-bebop_000_.wav,8,514.5627,3.78E+00,32.2266,2.66E+00,1.4211
B_S2_D1_093-bebop_000_.wav,9,583.0078,1.14E+01,8.7891,3.72E+00,3.0559
B_S2_D1_093-bebop_000_.wav,10,644.4855,8.43E+00,39.0625,4.69E+00,1.7991
B_S2_D1_093-bebop_001_.wav,1,61.6257,1.32E+02,25.3906,2.50E+01,5.2848
B_S2_D1_093-bebop_001_.wav,2,122.8899,1.35E+01,38.0859,1.36E+01,0.9976
B_S2_D1_093-bebop_001_.wav,3,187.5,7.12E+00,36.1328,4.73E+00,1.5068
B_S2_D1_093-bebop_001_.wav,4,243.1641,5.31E+00,37.1094,4.10E+00,1.2956
B_S2_D1_093-bebop_001_.wav,5,304.6875,1.55E+01,13.6719,3.42E+00,4.5318
B_S2_D1_093-bebop_001_.wav,6,370.1929,3.42E+01,20.5078,8.41E+00,4.0722
B_S2_D1_093-bebop_001_.wav,7,433.5938,4.00E+01,39.0625,1.51E+01,2.6536
B_S2_D1_093-bebop_001_.wav,8,493.8627,4.37E+00,33.2031,2.86E+00,1.5298
B_S2_D1_093-bebop_001_.wav,9,556.6406,6.52E+00,30.2734,4.47E+00,1.4589
B_S2_D1_093-bebop_001_.wav,10,613.4951,3.87E+00,11.7188,3.92E+00,0.9858
B_S2_D1_093-bebop_002_.wav,1,48.3581,7.33E+02,19.5312,1.40E+02,5.2496
B_S2_D1_093-bebop_002_.wav,2,98.9158,3.36E+02,31.25,2.03E+02,1.6598
B_S2_D1_093-bebop_002_.wav,3,143.5547,1.37E+02,19.5312,1.31E+02,1.0444
B_S2_D1_093-bebop_002_.wav,4,192.3828,1.03E+02,18.5547,6.85E+01,1.4989
B_S2_D1_093-bebop_002_.wav,5,243.171,4.84E+01,23.4375,4.43E+01,1.091
B_S2_D1_093-bebop_002_.wav,6,290.0391,6.11E+01,34.1797,4.00E+01,1.5263
B_S2_D1_093-bebop_002_.wav,7,344.7266,5.39E+01,32.2266,3.52E+01,1.5291
B_S2_D1_093-bebop_002_.wav,8,392.5619,8.62E+01,29.2969,2.21E+01,3.8929
B_S2_D1_093-bebop_002_.wav,9,436.5234,2.23E+01,32.2266,1.64E+01,1.3546
B_S2_D1_093-bebop_002_.wav,10,486.9821,1.04E+01,37.1094,1.41E+01,0.7378
B_S2_D1_093-bebop_003_.wav,1,73.3711,3.25E+02,20.5078,1.03E+02,3.1713
B_S2_D1_093-bebop_003_.wav,2,148.6276,7.01E+01,39.0625,7.55E+01,0.9281
B_S2_D1_093-bebop_003_.wav,3,220.7371,4.29E+01,39.0625,4.45E+01,0.9638
B_S2_D1_093-bebop_003_.wav,4,295.8984,3.01E+01,37.1094,2.86E+01,1.0551
B_S2_D1_093-bebop_003_.wav,5,363.2812,3.51E+01,29.2969,2.63E+01,1.3329
B_S2_D1_093-bebop_003_.wav,6,442.3828,3.35E+01,25.3906,1.62E+01,2.0659
B_S2_D1_093-bebop_003_.wav,7,515.625,1.08E+01,35.1562,5.43E+00,1.9797
B_S2_D1_093-bebop_003_.wav,8,586.1783,5.22E+00,38.0859,3.99E+00,1.3082
B_S2_D1_093-bebop_003_.wav,9,657.1964,5.86E+00,37.1094,3.65E+00,1.6046
B_S2_D1_093-bebop_003_.wav,10,729.4922,1.05E+01,34.1797,7.72E+00,1.3563
B_S2_D1_093-bebop_004_.wav,1,56.6178,2.31E+02,31.25,5.88E+01,3.9289
B_S2_D1_093-bebop_004_.wav,2,111.6102,8.35E+01,24.5536,4.79E+01,1.7442
B_S2_D1_093-bebop_004_.wav,3,169.7297,4.22E+01,18.9732,1.62E+01,2.5973
B_S2_D1_093-bebop_004_.wav,4,227.8152,3.55E+01,22.3214,1.39E+01,2.5566
B_S2_D1_093-bebop_004_.wav,5,282.3661,6.95E+00,33.4821,1.14E+01,0.608
B_S2_D1_093-bebop_004_.wav,6,341.2777,9.28E+00,29.0179,7.07E+00,1.3124
B_S2_D1_093-bebop_004_.wav,7,396.9246,1.20E+01,2.2321,3.29E+00,3.6329
B_S2_D1_093-bebop_004_.wav,8,457.7753,3.24E+00,0,3.35E+00,0.9677
B_S2_D1_093-bebop_004_.wav,9,512.2327,3.80E+01,3.3482,8.73E+00,4.3525
B_S2_D1_093-bebop_004_.wav,10,569.4039,9.76E+00,31.25,4.32E+00,2.2616
B_S2_D1_094-bebop_000_.wav,1,48.9321,3.04E+02,17.5781,5.58E+01,5.4522
B_S2_D1_094-bebop_000_.wav,2,96.4894,1.48E+02,27.3438,8.62E+01,1.7143
B_S2_D1_094-bebop_000_.wav,3,146.7757,8.15E+01,24.4141,4.53E+01,1.7983
B_S2_D1_094-bebop_000_.wav,4,192.3828,2.06E+01,34.1797,2.97E+01,0.6913
B_S2_D1_094-bebop_000_.wav,5,241.2109,2.92E+01,39.0625,1.78E+01,1.6407
B_S2_D1_094-bebop_000_.wav,6,293.6467,6.21E+01,12.6953,1.24E+01,5.0031
B_S2_D1_094-bebop_000_.wav,7,338.8672,7.26E+00,39.0625,6.36E+00,1.1406
B_S2_D1_094-bebop_000_.wav,8,391.4693,1.01E+01,3.9062,3.46E+00,2.9108
B_S2_D1_094-bebop_000_.wav,9,441.2574,7.24E+00,38.0859,3.24E+00,2.2327
B_S2_D1_094-bebop_000_.wav,10,489.8109,9.20E+01,14.6484,5.12E+00,17.9771
B_S2_D1_094-bebop_001_.wav,1,50.0964,1.51E+02,30.2734,4.59E+01,3.2899
B_S2_D1_094-bebop_001_.wav,2,100.6689,8.36E+01,39.0625,5.45E+01,1.533
B_S2_D1_094-bebop_001_.wav,3,147.5004,4.93E+01,19.5312,3.08E+01,1.6017
B_S2_D1_094-bebop_001_.wav,4,197.3826,1.96E+01,39.0625,1.90E+01,1.0284
B_S2_D1_094-bebop_001_.wav,5,250.7562,2.38E+01,39.0625,1.65E+01,1.439
B_S2_D1_094-bebop_001_.wav,6,300.7679,2.25E+01,36.1328,1.01E+01,2.2369
B_S2_D1_094-bebop_001_.wav,7,351.5625,3.49E+01,20.5078,8.02E+00,4.3565
B_S2_D1_094-bebop_001_.wav,8,395.5078,8.32E+00,13.6719,3.85E+00,2.1606
B_S2_D1_094-bebop_001_.wav,9,449.5759,2.68E+01,21.4844,1.17E+01,2.2987
B_S2_D1_094-bebop_001_.wav,10,497.378,3.31E+01,19.5312,1.30E+01,2.5398
B_S2_D1_094-bebop_002_.wav,1,59.9731,5.43E+02,11.7188,1.25E+02,4.3425
B_S2_D1_094-bebop_002_.wav,2,120.9483,2.22E+02,38.0859,1.38E+02,1.6096
B_S2_D1_094-bebop_002_.wav,3,175.7812,2.20E+02,38.0859,1.20E+02,1.8367
B_S2_D1_094-bebop_002_.wav,4,235.3516,1.34E+02,28.3203,6.67E+01,2.0029
B_S2_D1_094-bebop_002_.wav,5,294.9219,8.05E+01,31.25,3.14E+01,2.5665
B_S2_D1_094-bebop_002_.wav,6,355.3699,4.08E+01,37.1094,1.67E+01,2.4439
B_S2_D1_094-bebop_002_.wav,7,418.9749,1.10E+01,32.2266,1.41E+01,0.7796
B_S2_D1_094-bebop_002_.wav,8,478.3775,1.83E+01,36.1328,1.21E+01,1.5156
B_S2_D1_094-bebop_002_.wav,9,535.7433,7.70E+00,35.1562,7.51E+00,1.0251
B_S2_D1_094-bebop_002_.wav,10,597.3957,1.93E+01,36.1328,5.47E+00,3.5203
B_S2_D1_094-bebop_003_.wav,1,62.3717,2.87E+02,37.1094,1.01E+02,2.8354
B_S2_D1_094-bebop_003_.wav,2,122.0703,1.95E+02,28.3203,1.01E+02,1.9262
B_S2_D1_094-bebop_003_.wav,3,187.5675,7.66E+01,37.1094,4.37E+01,1.7525
B_S2_D1_094-bebop_003_.wav,4,252.1997,8.31E+01,30.2734,3.64E+01,2.2835
B_S2_D1_094-bebop_003_.wav,5,309.5703,5.36E+01,37.1094,4.02E+01,1.3329
B_S2_D1_094-bebop_003_.wav,6,374.229,4.15E+01,39.0625,3.14E+01,1.321
B_S2_D1_094-bebop_003_.wav,7,438.5798,2.29E+01,0.9766,1.55E+01,1.4764
B_S2_D1_094-bebop_003_.wav,8,499.1823,5.31E+00,12.6953,4.58E+00,1.1581
B_S2_D1_094-bebop_003_.wav,9,564.6613,1.02E+01,39.0625,5.26E+00,1.9448
B_S2_D1_094-bebop_003_.wav,10,622.0703,9.81E+00,36.1328,7.15E+00,1.3723
B_S2_D1_094-bebop_004_.wav,1,73.6798,1.98E+02,25.6696,4.90E+01,4.0396
B_S2_D1_094-bebop_004_.wav,2,146.9827,5.57E+01,30.1339,3.49E+01,1.597
B_S2_D1_094-bebop_004_.wav,3,221.708,1.53E+01,39.0625,1.07E+01,1.4375
B_S2_D1_094-bebop_004_.wav,4,292.6572,9.27E+00,36.8304,7.30E+00,1.27
B_S2_D1_094-bebop_004_.wav,5,368.2803,1.04E+01,10.0446,4.86E+00,2.1428
B_S2_D1_094-bebop_004_.wav,6,441.9685,4.09E+01,8.9286,4.22E+00,9.701
B_S2_D1_094-bebop_004_.wav,7,512.2768,4.03E+00,33.4821,3.50E+00,1.1519
B_S2_D1_094-bebop_004_.wav,8,585.9375,4.20E+00,37.9464,3.21E+00,1.3087
B_S2_D1_094-bebop_004_.wav,9,660.7006,8.50E+00,3.3482,4.37E+00,1.9462
B_S2_D1_094-bebop_004_.wav,10,733.2589,2.54E+01,12.2768,5.78E+00,4.3856
B_S2_D1_095-bebop_000_.wav,1,51.6353,2.31E+02,21.4844,6.43E+01,3.5921
B_S2_D1_095-bebop_000_.wav,2,100.5859,9.07E+01,27.3438,6.58E+01,1.3784
B_S2_D1_095-bebop_000_.wav,3,155.5453,9.81E+01,38.0859,5.15E+01,1.9045
B_S2_D1_095-bebop_000_.wav,4,207.6234,4.43E+01,24.4141,3.14E+01,1.4116
B_S2_D1_095-bebop_000_.wav,5,261.7188,2.23E+01,39.0625,2.13E+01,1.0489
B_S2_D1_095-bebop_000_.wav,6,307.6172,2.49E+01,38.0859,1.59E+01,1.5633
B_S2_D1_095-bebop_000_.wav,7,360.9388,4.28E+01,1.9531,1.32E+01,3.2495
B_S2_D1_095-bebop_000_.wav,8,411.1328,4.16E+01,18.5547,1.25E+01,3.3132
B_S2_D1_095-bebop_000_.wav,9,464.7991,1.19E+01,21.4844,4.90E+00,2.4266
B_S2_D1_095-bebop_000_.wav,10,520.5078,3.68E+00,36.1328,3.43E+00,1.0739
B_S2_D1_095-bebop_001_.wav,1,57.7521,4.55E+02,38.0859,1.47E+02,3.0911
B_S2_D1_095-bebop_001_.wav,2,114.4287,2.08E+02,30.2734,1.45E+02,1.4298
B_S2_D1_095-bebop_001_.wav,3,171.9012,7.16E+01,29.2969,7.52E+01,0.9521
B_S2_D1_095-bebop_001_.wav,4,232.4777,1.50E+02,34.1797,5.52E+01,2.718
B_S2_D1_095-bebop_001_.wav,5,288.3862,7.99E+01,35.1562,4.43E+01,1.8056
B_S2_D1_095-bebop_001_.wav,6,344.6594,8.47E+01,32.2266,3.57E+01,2.3694
B_S2_D1_095-bebop_001_.wav,7,401.2008,5.17E+01,21.4844,3.07E+01,1.6852
B_S2_D1_095-bebop_001_.wav,8,462.7304,5.32E+01,35.1562,2.14E+01,2.4817
B_S2_D1_095-bebop_001_.wav,9,520.0413,2.98E+01,34.1797,1.75E+01,1.6973
B_S2_D1_095-bebop_001_.wav,10,579.1016,3.27E+01,38.0859,1.61E+01,2.0271
B_S2_D1_095-bebop_002_.wav,1,54.7026,4.58E+02,30.2734,1.44E+02,3.1779
B_S2_D1_095-bebop_002_.wav,2,108.0161,3.94E+02,38.0859,1.87E+02,2.1033
B_S2_D1_095-bebop_002_.wav,3,163.6851,2.84E+02,37.1094,1.38E+02,2.0558
B_S2_D1_095-bebop_002_.wav,4,216.7018,2.13E+02,37.1094,1.01E+02,2.1151
B_S2_D1_095-bebop_002_.wav,5,272.5092,1.75E+02,33.2031,8.62E+01,2.0329
B_S2_D1_095-bebop_002_.wav,6,325.1953,1.18E+02,39.0625,6.98E+01,1.6881
B_S2_D1_095-bebop_002_.wav,7,385.7422,1.66E+02,37.1094,6.19E+01,2.6786
B_S2_D1_095-bebop_002_.wav,8,440.4297,8.83E+01,32.2266,5.24E+01,1.6857
B_S2_D1_095-bebop_002_.wav,9,495.1172,8.44E+01,36.1328,4.42E+01,1.9097
B_S2_D1_095-bebop_002_.wav,10,543.9453,6.66E+01,35.1562,3.79E+01,1.7561
B_S2_D1_095-bebop_003_.wav,1,62.4337,5.31E+02,33.2031,1.28E+02,4.1399
B_S2_D1_095-bebop_003_.wav,2,126.7363,1.94E+02,34.1797,1.18E+02,1.6421
B_S2_D1_095-bebop_003_.wav,3,190.4297,1.44E+02,31.25,8.43E+01,1.7116
B_S2_D1_095-bebop_003_.wav,4,248.0051,1.33E+02,18.5547,7.10E+01,1.867
B_S2_D1_095-bebop_003_.wav,5,315.4297,9.26E+01,36.1328,5.68E+01,1.6294
B_S2_D1_095-bebop_003_.wav,6,377.9297,5.16E+01,37.1094,3.18E+01,1.6222
B_S2_D1_095-bebop_003_.wav,7,434.5703,5.93E+01,34.1797,2.62E+01,2.2659
B_S2_D1_095-bebop_003_.wav,8,499.2374,2.32E+01,39.0625,1.91E+01,1.217
B_S2_D1_095-bebop_003_.wav,9,559.5703,2.26E+01,35.1562,1.43E+01,1.5818
B_S2_D1_095-bebop_003_.wav,10,626.6764,1.51E+01,36.1328,9.60E+00,1.5731
B_S2_D1_095-bebop_004_.wav,1,49.3322,2.29E+02,26.7857,5.69E+01,4.0194
B_S2_D1_095-bebop_004_.wav,2,94.8661,1.25E+02,17.8571,6.64E+01,1.8775
B_S2_D1_095-bebop_004_.wav,3,149.5962,6.41E+01,33.4821,3.86E+01,1.6583
B_S2_D1_095-bebop_004_.wav,4,194.1964,5.88E+01,18.9732,2.80E+01,2.0988
B_S2_D1_095-bebop_004_.wav,5,246.6744,3.05E+01,33.4821,2.03E+01,1.5009
B_S2_D1_095-bebop_004_.wav,6,292.8364,1.85E+01,36.8304,1.09E+01,1.7027
B_S2_D1_095-bebop_004_.wav,7,346.4913,1.89E+01,32.3661,1.19E+01,1.5868
B_S2_D1_095-bebop_004_.wav,8,394.7802,3.91E+01,26.7857,1.86E+01,2.0961
B_S2_D1_095-bebop_004_.wav,9,444.5328,1.21E+01,6.6964,5.79E+00,2.0968
B_S2_D1_095-bebop_004_.wav,10,490.4115,2.65E+00,33.4821,2.75E+00,0.9659
B_S2_D1_096-bebop_000_.wav,1,50.0375,4.56E+02,29.2969,1.43E+02,3.1752
B_S2_D1_096-bebop_000_.wav,2,99.7964,2.44E+02,28.3203,1.61E+02,1.5194
B_S2_D1_096-bebop_000_.wav,3,150.987,2.10E+02,34.1797,1.33E+02,1.5782
B_S2_D1_096-bebop_000_.wav,4,197.1402,2.93E+02,22.4609,1.15E+02,2.5501
B_S2_D1_096-bebop_000_.wav,5,247.9496,1.19E+02,39.0625,9.59E+01,1.2393
B_S2_D1_096-bebop_000_.wav,6,298.398,1.19E+02,38.0859,7.73E+01,1.5444
B_S2_D1_096-bebop_000_.wav,7,346.8277,9.16E+01,34.1797,5.48E+01,1.6711
B_S2_D1_096-bebop_000_.wav,8,397.1201,7.44E+01,31.25,3.76E+01,1.978
B_S2_D1_096-bebop_000_.wav,9,448.9241,3.28E+01,39.0625,2.89E+01,1.1325
B_S2_D1_096-bebop_000_.wav,10,498.9743,3.74E+01,38.0859,2.05E+01,1.8285
B_S2_D1_096-bebop_001_.wav,1,57.7985,6.30E+02,28.3203,1.46E+02,4.3047
B_S2_D1_096-bebop_001_.wav,2,117.0286,2.12E+02,35.1562,1.62E+02,1.3061
B_S2_D1_096-bebop_001_.wav,3,175.7812,3.30E+02,33.2031,1.47E+02,2.2478
B_S2_D1_096-bebop_001_.wav,4,227.5391,1.23E+02,36.1328,1.17E+02,1.0559
B_S2_D1_096-bebop_001_.wav,5,285.9388,1.53E+02,39.0625,6.98E+01,2.184
B_S2_D1_096-bebop_001_.wav,6,345.006,6.32E+01,39.0625,5.39E+01,1.1735
B_S2_D1_096-bebop_001_.wav,7,403.0573,5.99E+01,34.1797,3.88E+01,1.5424
B_S2_D1_096-bebop_001_.wav,8,462.9219,2.25E+01,35.1562,2.62E+01,0.8594
B_S2_D1_096-bebop_001_.wav,9,521.4844,4.12E+01,39.0625,1.95E+01,2.1115
B_S2_D1_096-bebop_001_.wav,10,578.5338,2.99E+01,38.0859,1.46E+01,2.0417
B_S2_D1_096-bebop_002_.wav,1,66.76,6.88E+02,29.2969,2.08E+02,3.3
B_S2_D1_096-bebop_002_.wav,2,129.8828,2.76E+02,25.3906,1.84E+02,1.4982
B_S2_D1_096-bebop_002_.wav,3,200.8748,1.99E+02,39.0625,1.23E+02,1.6187
B_S2_D1_096-bebop_002_.wav,4,265.2794,2.03E+02,35.1562,9.45E+01,2.1457
B_S2_D1_096-bebop_002_.wav,5,329.1016,1.02E+02,37.1094,5.97E+01,1.7024
B_S2_D1_096-bebop_002_.wav,6,396.4002,8.74E+01,38.0859,4.32E+01,2.0207
B_S2_D1_096-bebop_002_.wav,7,467.7734,5.22E+01,39.0625,2.16E+01,2.4206
B_S2_D1_096-bebop_002_.wav,8,534.1797,1.79E+01,36.1328,1.80E+01,0.9955
B_S2_D1_096-bebop_002_.wav,9,595.5422,2.08E+01,38.0859,1.50E+01,1.3882
B_S2_D1_096-bebop_002_.wav,10,664.1029,2.56E+01,34.1797,1.27E+01,2.0178
B_S2_D1_096-bebop_003_.wav,1,64.2379,8.61E+02,35.1562,2.22E+02,3.8727
B_S2_D1_096-bebop_003_.wav,2,129.1197,4.15E+02,39.0625,2.29E+02,1.8085
B_S2_D1_096-bebop_003_.wav,3,190.4297,1.51E+02,37.1094,1.57E+02,0.9608
B_S2_D1_096-bebop_003_.wav,4,259.0835,7.74E+01,38.0859,1.27E+02,0.6116
B_S2_D1_096-bebop_003_.wav,5,324.6042,2.72E+02,39.0625,1.30E+02,2.1026
B_S2_D1_096-bebop_003_.wav,6,389.6484,9.17E+01,36.1328,8.78E+01,1.045
B_S2_D1_096-bebop_003_.wav,7,449.0796,8.37E+01,34.1797,5.57E+01,1.5019
B_S2_D1_096-bebop_003_.wav,8,518.5547,8.73E+01,32.2266,4.68E+01,1.8677
B_S2_D1_096-bebop_003_.wav,9,581.1752,6.53E+01,37.1094,4.04E+01,1.6187
B_S2_D1_096-bebop_003_.wav,10,641.6016,6.74E+01,32.2266,3.43E+01,1.964
B_S2_D1_096-bebop_004_.wav,1,55.78,7.85E+02,21.4844,1.49E+02,5.256
B_S2_D1_096-bebop_004_.wav,2,110.6499,5.17E+02,35.1562,2.24E+02,2.3131
B_S2_D1_096-bebop_004_.wav,3,169.9219,2.29E+02,34.1797,1.69E+02,1.3532
B_S2_D1_096-bebop_004_.wav,4,219.7266,1.88E+02,36.1328,1.24E+02,1.5139
B_S2_D1_096-bebop_004_.wav,5,276.9981,1.22E+02,35.1562,9.77E+01,1.2474
B_S2_D1_096-bebop_004_.wav,6,336.9141,1.15E+02,37.1094,7.71E+01,1.4938
B_S2_D1_096-bebop_004_.wav,7,390.0154,1.55E+02,22.4609,5.31E+01,2.912
B_S2_D1_096-bebop_004_.wav,8,445.8564,9.21E+01,30.2734,3.97E+01,2.3239
B_S2_D1_096-bebop_004_.wav,9,501.6117,5.55E+01,26.3672,2.56E+01,2.1671
B_S2_D1_096-bebop_004_.wav,10,555.9119,1.08E+02,29.2969,3.01E+01,3.5741
B_S2_D1_097-bebop_000_.wav,1,58.087,3.94E+02,19.5312,9.13E+01,4.3158
B_S2_D1_097-bebop_000_.wav,2,113.9865,1.83E+02,19.5312,8.56E+01,2.1323
B_S2_D1_097-bebop_000_.wav,3,175.7812,6.63E+01,39.0625,5.22E+01,1.2705
B_S2_D1_097-bebop_000_.wav,4,231.3898,5.95E+01,33.2031,4.32E+01,1.3787
B_S2_D1_097-bebop_000_.wav,5,286.18,1.81E+01,39.0625,2.27E+01,0.7963
B_S2_D1_097-bebop_000_.wav,6,346.6746,2.05E+01,39.0625,1.92E+01,1.0693
B_S2_D1_097-bebop_000_.wav,7,406.25,4.54E+01,38.0859,2.28E+01,1.993
B_S2_D1_097-bebop_000_.wav,8,462.2424,4.33E+00,2.9297,4.22E+00,1.026
B_S2_D1_097-bebop_000_.wav,9,520.8995,1.16E+01,30.2734,4.21E+00,2.7628
B_S2_D1_097-bebop_000_.wav,10,573.2422,6.23E+00,23.4375,2.82E+00,2.2124
B_S2_D1_097-bebop_001_.wav,1,54.7362,9.43E+02,17.5781,1.56E+02,6.0496
B_S2_D1_097-bebop_001_.wav,2,111.1636,3.29E+02,29.2969,1.76E+02,1.8703
B_S2_D1_097-bebop_001_.wav,3,166.9922,2.32E+02,39.0625,1.27E+02,1.8254
B_S2_D1_097-bebop_001_.wav,4,219.7088,1.06E+02,36.1328,1.02E+02,1.0322
B_S2_D1_097-bebop_001_.wav,5,274.6585,1.90E+02,37.1094,1.05E+02,1.8082
B_S2_D1_097-bebop_001_.wav,6,325.1953,2.71E+02,36.1328,1.00E+02,2.7036
B_S2_D1_097-bebop_001_.wav,7,379.8828,1.36E+02,38.0859,9.28E+01,1.4609
B_S2_D1_097-bebop_001_.wav,8,439.3075,1.05E+02,38.0859,6.28E+01,1.6773
B_S2_D1_097-bebop_001_.wav,9,493.0825,1.10E+02,33.2031,4.99E+01,2.1957
B_S2_D1_097-bebop_001_.wav,10,548.529,6.68E+01,29.2969,4.02E+01,1.66
B_S2_D1_097-bebop_002_.wav,1,63.1441,9.42E+02,12.6953,1.92E+02,4.908
B_S2_D1_097-bebop_002_.wav,2,125.1244,2.69E+02,4.8828,1.43E+02,1.8784
B_S2_D1_097-bebop_002_.wav,3,191.671,2.26E+02,26.3672,1.10E+02,2.0491
B_S2_D1_097-bebop_002_.wav,4,256.8359,1.42E+02,38.0859,7.71E+01,1.8388
B_S2_D1_097-bebop_002_.wav,5,314.4531,9.35E+01,39.0625,5.50E+01,1.7006
B_S2_D1_097-bebop_002_.wav,6,382.845,5.22E+01,33.2031,3.96E+01,1.3181
B_S2_D1_097-bebop_002_.wav,7,447.2656,4.97E+01,23.4375,2.83E+01,1.7577
B_S2_D1_097-bebop_002_.wav,8,508.8955,3.61E+01,35.1562,2.28E+01,1.5841
B_S2_D1_097-bebop_002_.wav,9,571.3844,5.57E+01,29.2969,2.06E+01,2.7059
B_S2_D1_097-bebop_002_.wav,10,634.0291,3.16E+01,38.0859,1.48E+01,2.1297
B_S2_D1_097-bebop_003_.wav,1,61.5498,5.80E+02,35.1562,1.51E+02,3.8403
B_S2_D1_097-bebop_003_.wav,2,121.3103,2.54E+02,17.5781,1.34E+02,1.8972
B_S2_D1_097-bebop_003_.wav,3,187.5,1.06E+02,37.1094,7.21E+01,1.4696
B_S2_D1_097-bebop_003_.wav,4,243.1641,7.86E+01,38.0859,4.23E+01,1.8585
B_S2_D1_097-bebop_003_.wav,5,305.9129,5.35E+01,32.2266,2.16E+01,2.4809
B_S2_D1_097-bebop_003_.wav,6,370.0422,1.98E+01,26.3672,2.26E+01,0.8766
B_S2_D1_097-bebop_003_.wav,7,432.4,3.92E+01,4.8828,2.02E+01,1.9394
B_S2_D1_097-bebop_003_.wav,8,489.2578,1.21E+01,38.0859,9.78E+00,1.2334
B_S2_D1_097-bebop_003_.wav,9,555.3898,1.90E+01,33.2031,7.90E+00,2.4017
B_S2_D1_097-bebop_003_.wav,10,618.1641,7.83E+00,39.0625,6.44E+00,1.2164
B_S2_D1_097-bebop_004_.wav,1,66.803,5.66E+02,35.7143,1.80E+02,3.1455
B_S2_D1_097-bebop_004_.wav,2,133.0406,2.20E+02,37.9464,1.12E+02,1.9707
B_S2_D1_097-bebop_004_.wav,3,202.4545,9.82E+01,37.9464,7.10E+01,1.3827
B_S2_D1_097-bebop_004_.wav,4,266.631,7.30E+01,39.0625,4.70E+01,1.5522
B_S2_D1_097-bebop_004_.wav,5,338.1696,4.61E+01,37.9464,3.57E+01,1.2901
B_S2_D1_097-bebop_004_.wav,6,405.1339,3.72E+01,11.1607,2.58E+01,1.4406
B_S2_D1_097-bebop_004_.wav,7,468.2688,2.40E+01,31.25,1.31E+01,1.8224
B_S2_D1_097-bebop_004_.wav,8,534.8447,2.19E+01,36.8304,1.03E+01,2.1266
B_S2_D1_097-bebop_004_.wav,9,601.3161,4.93E+00,36.8304,9.12E+00,0.5407
B_S2_D1_097-bebop_004_.wav,10,672.4233,6.59E+00,5.5804,7.18E+00,0.9176
B_S2_D1_098-bebop_000_.wav,1,61.5377,6.68E+02,31.25,1.68E+02,3.9703
B_S2_D1_098-bebop_000_.wav,2,125.9766,2.25E+02,39.0625,1.56E+02,1.4448
B_S2_D1_098-bebop_000_.wav,3,187.5,1.17E+02,35.1562,7.25E+01,1.607
B_S2_D1_098-bebop_000_.wav,4,247.0875,1.04E+02,37.1094,4.53E+01,2.2984
B_S2_D1_098-bebop_000_.wav,5,308.2874,5.32E+01,36.1328,3.28E+01,1.6219
B_S2_D1_098-bebop_000_.wav,6,366.8443,7.89E+01,26.3672,2.96E+01,2.6603
B_S2_D1_098-bebop_000_.wav,7,431.7547,2.31E+01,25.3906,1.58E+01,1.4611
B_S2_D1_098-bebop_000_.wav,8,489.2578,1.56E+01,17.5781,1.15E+01,1.3609
B_S2_D1_098-bebop_000_.wav,9,551.5289,1.19E+01,36.1328,8.04E+00,1.4849
B_S2_D1_098-bebop_000_.wav,10,612.3047,1.76E+01,33.2031,5.89E+00,2.9913
B_S2_D1_098-bebop_001_.wav,1,61.0107,7.48E+02,28.3203,1.55E+02,4.811
B_S2_D1_098-bebop_001_.wav,2,120.0904,2.00E+02,37.1094,1.32E+02,1.5223
B_S2_D1_098-bebop_001_.wav,3,179.3378,1.63E+02,32.2266,8.76E+01,1.8656
B_S2_D1_098-bebop_001_.wav,4,240.9695,9.97E+01,31.25,6.00E+01,1.6612
B_S2_D1_098-bebop_001_.wav,5,303.6013,6.35E+01,29.2969,4.10E+01,1.5488
B_S2_D1_098-bebop_001_.wav,6,364.2143,3.29E+01,7.8125,2.26E+01,1.4566
B_S2_D1_098-bebop_001_.wav,7,422.7942,2.37E+01,37.1094,1.48E+01,1.607
B_S2_D1_098-bebop_001_.wav,8,485.7698,3.43E+01,38.0859,1.30E+01,2.6443
B_S2_D1_098-bebop_001_.wav,9,541.9922,1.21E+01,38.0859,8.79E+00,1.3801
B_S2_D1_098-bebop_001_.wav,10,608.3984,3.02E+01,20.5078,9.95E+00,3.0324
B_S2_D1_098-bebop_002_.wav,1,53.626,8.03E+02,25.3906,1.74E+02,4.6127
B_S2_D1_098-bebop_002_.wav,2,110.3516,4.50E+02,23.4375,2.07E+02,2.1777
B_S2_D1_098-bebop_002_.wav,3,159.2311,3.15E+02,25.3906,1.30E+02,2.4335
B_S2_D1_098-bebop_002_.wav,4,215.9767,1.83E+02,30.2734,1.07E+02,1.7156
B_S2_D1_098-bebop_002_.wav,5,266.8118,1.56E+02,38.0859,1.03E+02,1.5109
B_S2_D1_098-bebop_002_.wav,6,320.4,1.78E+02,27.3438,9.76E+01,1.8277
B_S2_D1_098-bebop_002_.wav,7,375.7597,1.33E+02,37.1094,7.10E+01,1.8751
B_S2_D1_098-bebop_002_.wav,8,429.9681,7.19E+01,34.1797,4.90E+01,1.4683
B_S2_D1_098-bebop_002_.wav,9,481.0413,5.43E+01,30.2734,3.77E+01,1.4397
B_S2_D1_098-bebop_002_.wav,10,540.0391,5.82E+01,38.0859,3.62E+01,1.6081
B_S2_D1_098-bebop_003_.wav,1,60.4015,8.80E+02,23.4375,2.34E+02,3.7591
B_S2_D1_098-bebop_003_.wav,2,118.9614,3.68E+02,36.1328,2.07E+02,1.7795
B_S2_D1_098-bebop_003_.wav,3,180.9178,2.24E+02,33.2031,1.51E+02,1.4851
B_S2_D1_098-bebop_003_.wav,4,245.1172,1.61E+02,38.0859,1.04E+02,1.5552
B_S2_D1_098-bebop_003_.wav,5,305.6641,1.11E+02,19.5312,6.88E+01,1.6068
B_S2_D1_098-bebop_003_.wav,6,364.4559,8.77E+01,36.1328,5.21E+01,1.6829
B_S2_D1_098-bebop_003_.wav,7,420.8984,7.82E+01,38.0859,3.29E+01,2.3751
B_S2_D1_098-bebop_003_.wav,8,484.6267,3.54E+01,33.2031,1.95E+01,1.8132
B_S2_D1_098-bebop_003_.wav,9,541.9922,1.59E+01,39.0625,2.02E+01,0.7885
B_S2_D1_098-bebop_003_.wav,10,606.4717,2.37E+01,39.0625,2.03E+01,1.1668
B_S2_D1_098-bebop_004_.wav,1,59.1637,9.46E+02,37.9464,1.83E+02,5.1782
B_S2_D1_098-bebop_004_.wav,2,116.8985,5.13E+02,34.5982,2.40E+02,2.1406
B_S2_D1_098-bebop_004_.wav,3,176.9859,3.02E+02,39.0625,1.87E+02,1.6103
B_S2_D1_098-bebop_004_.wav,4,238.7763,1.55E+02,36.8304,1.14E+02,1.3606
B_S2_D1_098-bebop_004_.wav,5,295.6797,1.75E+02,36.8304,1.00E+02,1.7495
B_S2_D1_098-bebop_004_.wav,6,355.428,1.15E+02,36.8304,6.49E+01,1.7752
B_S2_D1_098-bebop_004_.wav,7,414.0238,6.52E+01,30.1339,3.84E+01,1.6978
B_S2_D1_098-bebop_004_.wav,8,472.0307,2.47E+01,32.3661,1.97E+01,1.2518
B_S2_D1_098-bebop_004_.wav,9,533.2497,4.63E+01,35.7143,2.20E+01,2.1078
B_S2_D1_098-bebop_004_.wav,10,594.8661,3.02E+01,36.8304,2.27E+01,1.331
B_S2_D1_099-bebop_000_.wav,1,70.0384,9.82E+02,38.0859,3.34E+02,2.9372
B_S2_D1_099-bebop_000_.wav,2,137.6953,3.97E+02,37.1094,1.87E+02,2.1167
B_S2_D1_099-bebop_000_.wav,3,208.0078,2.35E+02,36.1328,1.40E+02,1.6802
B_S2_D1_099-bebop_000_.wav,4,282.9252,1.25E+02,38.0859,8.98E+01,1.39
B_S2_D1_099-bebop_000_.wav,5,350.9249,9.44E+01,37.1094,7.10E+01,1.3302
B_S2_D1_099-bebop_000_.wav,6,422.9724,1.13E+02,39.0625,5.15E+01,2.2035
B_S2_D1_099-bebop_000_.wav,7,495.1172,4.76E+01,39.0625,2.64E+01,1.8034
B_S2_D1_099-bebop_000_.wav,8,561.4947,3.71E+01,25.3906,2.37E+01,1.5636
B_S2_D1_099-bebop_000_.wav,9,630.6824,3.69E+01,39.0625,1.93E+01,1.9147
B_S2_D1_099-bebop_000_.wav,10,701.4259,3.38E+01,36.1328,1.50E+01,2.2443
B_S2_D1_099-bebop_001_.wav,1,63.8829,5.10E+02,37.1094,1.91E+02,2.6738
B_S2_D1_099-bebop_001_.wav,2,124.0234,3.50E+02,39.0625,1.74E+02,2.011
B_S2_D1_099-bebop_001_.wav,3,187.5,2.21E+02,35.1562,1.49E+02,1.483
B_S2_D1_099-bebop_001_.wav,4,252.0079,2.08E+02,33.2031,1.45E+02,1.4414
B_S2_D1_099-bebop_001_.wav,5,319.179,2.95E+02,39.0625,1.17E+02,2.5208
B_S2_D1_099-bebop_001_.wav,6,381.7355,2.00E+02,39.0625,1.03E+02,1.9465
B_S2_D1_099-bebop_001_.wav,7,447.2656,8.46E+01,37.1094,8.01E+01,1.0559
B_S2_D1_099-bebop_001_.wav,8,504.8828,9.84E+01,23.4375,6.89E+01,1.4284
B_S2_D1_099-bebop_001_.wav,9,572.7962,6.08E+01,35.1562,5.30E+01,1.147
B_S2_D1_099-bebop_001_.wav,10,631.8359,6.12E+01,37.1094,6.13E+01,0.9977
B_S2_D1_099-bebop_002_.wav,1,81.3761,7.29E+02,25.3906,1.97E+02,3.7072
B_S2_D1_099-bebop_002_.wav,2,159.1797,2.23E+02,23.4375,1.14E+02,1.9617
B_S2_D1_099-bebop_002_.wav,3,242.4919,1.06E+02,28.3203,5.28E+01,2.0005
B_S2_D1_099-bebop_002_.wav,4,323.4474,3.38E+01,39.0625,3.08E+01,1.0955
B_S2_D1_099-bebop_002_.wav,5,408.2031,4.18E+01,33.2031,2.20E+01,1.9027
B_S2_D1_099-bebop_002_.wav,6,483.3984,1.93E+01,35.1562,1.06E+01,1.8159
B_S2_D1_099-bebop_002_.wav,7,566.3114,2.06E+01,39.0625,1.02E+01,2.0187
B_S2_D1_099-bebop_002_.wav,8,648.5378,1.04E+01,39.0625,8.74E+00,1.1885
B_S2_D1_099-bebop_002_.wav,9,728.6743,1.24E+01,39.0625,1.01E+01,1.2311
B_S2_D1_099-bebop_002_.wav,10,812.2778,3.71E+01,13.6719,1.15E+01,3.2244
B_S2_D1_099-bebop_003_.wav,1,52.1417,6.95E+02,28.3203,2.31E+02,3.0038
B_S2_D1_099-bebop_003_.wav,2,106.4453,5.92E+02,32.2266,2.51E+02,2.36
B_S2_D1_099-bebop_003_.wav,3,153.737,2.70E+02,35.1562,1.57E+02,1.7232
B_S2_D1_099-bebop_003_.wav,4,204.1016,1.41E+02,38.0859,8.35E+01,1.6839
B_S2_D1_099-bebop_003_.wav,5,261.2006,1.24E+02,33.2031,7.91E+01,1.5652
B_S2_D1_099-bebop_003_.wav,6,308.5961,1.09E+02,39.0625,7.59E+01,1.4328
B_S2_D1_099-bebop_003_.wav,7,365.2344,1.21E+02,35.1562,6.24E+01,1.9421
B_S2_D1_099-bebop_003_.wav,8,416.9922,1.09E+02,5.8594,4.11E+01,2.6545
B_S2_D1_099-bebop_003_.wav,9,466.158,3.61E+01,33.2031,2.28E+01,1.5845
B_S2_D1_099-bebop_003_.wav,10,519.024,3.65E+01,26.3672,1.68E+01,2.1686
B_S2_D1_099-bebop_004_.wav,1,56.4623,6.13E+02,23.4375,1.22E+02,5.0106
B_S2_D1_099-bebop_004_.wav,2,115.3964,2.29E+02,37.9464,1.22E+02,1.8687
B_S2_D1_099-bebop_004_.wav,3,172.7619,1.02E+02,33.4821,5.79E+01,1.7687
B_S2_D1_099-bebop_004_.wav,4,227.283,5.54E+01,39.0625,3.92E+01,1.4145
B_S2_D1_099-bebop_004_.wav,5,286.9973,5.88E+01,16.7411,2.74E+01,2.1492
B_S2_D1_099-bebop_004_.wav,6,339.8572,4.00E+01,36.8304,1.94E+01,2.0593
B_S2_D1_099-bebop_004_.wav,7,397.2662,8.99E+01,7.8125,2.25E+01,3.9911
B_S2_D1_099-bebop_004_.wav,8,452.0089,1.49E+01,18.9732,8.49E+00,1.7547
B_S2_D1_099-bebop_004_.wav,9,510.0446,1.65E+01,25.6696,6.30E+00,2.6261
B_S2_D1_099-bebop_004_.wav,10,572.5446,1.66E+01,30.1339,6.30E+00,2.6423
B_S2_D1_100-bebop_000_.wav,1,59.3068,6.43E+02,12.6953,7.30E+01,8.8073
B_S2_D1_100-bebop_000_.wav,2,122.0703,1.49E+02,36.1328,7.11E+01,2.096
B_S2_D1_100-bebop_000_.wav,3,178.9418,1.15E+02,29.2969,4.11E+01,2.8066
B_S2_D1_100-bebop_000_.wav,4,241.2109,4.61E+01,38.0859,2.78E+01,1.656
B_S2_D1_100-bebop_000_.wav,5,295.5158,2.66E+01,25.3906,1.83E+01,1.4572
B_S2_D1_100-bebop_000_.wav,6,360.3516,3.78E+01,26.3672,1.62E+01,2.3395
B_S2_D1_100-bebop_000_.wav,7,414.0625,3.21E+01,35.1562,1.79E+01,1.7958
B_S2_D1_100-bebop_000_.wav,8,479.4922,9.31E+00,36.1328,6.79E+00,1.3713
B_S2_D1_100-bebop_000_.wav,9,533.2031,8.04E+00,39.0625,4.61E+00,1.7462
B_S2_D1_100-bebop_000_.wav,10,595.6839,1.01E+01,35.1562,3.88E+00,2.6124
B_S2_D1_100-bebop_001_.wav,1,56.4566,4.52E+02,28.3203,1.14E+02,3.9755
B_S2_D1_100-bebop_001_.wav,2,110.3516,1.30E+02,37.1094,1.01E+02,1.2782
B_S2_D1_100-bebop_001_.wav,3,166.9922,6.90E+01,32.2266,5.69E+01,1.2121
B_S2_D1_100-bebop_001_.wav,4,228.6678,8.11E+01,35.1562,3.25E+01,2.4941
B_S2_D1_100-bebop_001_.wav,5,281.4904,3.32E+01,36.1328,1.83E+01,1.8115
B_S2_D1_100-bebop_001_.wav,6,336.9141,2.61E+01,39.0625,1.40E+01,1.8602
B_S2_D1_100-bebop_001_.wav,7,399.4141,2.20E+02,17.5781,1.46E+01,15.0554
B_S2_D1_100-bebop_001_.wav,8,456.0547,1.12E+01,35.1562,6.54E+00,1.7202
B_S2_D1_100-bebop_001_.wav,9,511.7199,6.52E+00,37.1094,5.72E+00,1.1392
B_S2_D1_100-bebop_001_.wav,10,568.2656,1.25E+01,38.0859,5.22E+00,2.388
B_S2_D1_100-bebop_002_.wav,1,54.8591,4.58E+02,22.4609,7.79E+01,5.8874
B_S2_D1_100-bebop_002_.wav,2,108.6373,1.17E+02,38.0859,7.48E+01,1.5614
B_S2_D1_100-bebop_002_.wav,3,161.1328,3.88E+01,29.2969,3.57E+01,1.0873
B_S2_D1_100-bebop_002_.wav,4,219.2946,3.56E+01,34.1797,2.16E+01,1.6508
B_S2_D1_100-bebop_002_.wav,5,270.5078,2.37E+01,35.1562,1.60E+01,1.4801
B_S2_D1_100-bebop_002_.wav,6,328.7266,1.05E+01,32.2266,1.10E+01,0.9531
B_S2_D1_100-bebop_002_.wav,7,385.0918,8.59E+01,21.4844,1.57E+01,5.4611
B_S2_D1_100-bebop_002_.wav,8,435.3305,6.81E+01,15.625,7.45E+00,9.1402
B_S2_D1_100-bebop_002_.wav,9,489.9988,7.16E+00,39.0625,4.01E+00,1.7849
B_S2_D1_100-bebop_002_.wav,10,546.3638,1.75E+01,20.5078,5.60E+00,3.1343
B_S2_D1_100-bebop_003_.wav,1,70.3927,3.54E+02,35.1562,9.20E+01,3.848
B_S2_D1_100-bebop_003_.wav,2,143.5547,4.79E+01,28.3203,3.60E+01,1.3282
B_S2_D1_100-bebop_003_.wav,3,208.0078,5.15E+01,33.2031,2.21E+01,2.3333
B_S2_D1_100-bebop_003_.wav,4,278.8944,1.82E+01,38.0859,1.64E+01,1.1091
B_S2_D1_100-bebop_003_.wav,5,352.5856,4.38E+01,17.5781,9.61E+00,4.561
B_S2_D1_100-bebop_003_.wav,6,418.9453,8.50E+00,32.2266,6.71E+00,1.2666
B_S2_D1_100-bebop_003_.wav,7,492.3097,5.14E+00,38.0859,3.95E+00,1.3007
B_S2_D1_100-bebop_003_.wav,8,560.3434,3.34E+00,28.3203,3.58E+00,0.9338
B_S2_D1_100-bebop_003_.wav,9,633.4053,3.23E+00,39.0625,3.04E+00,1.0618
B_S2_D1_100-bebop_003_.wav,10,706.0547,1.95E+01,8.7891,6.56E+00,2.9654
B_S2_D1_100-bebop_004_.wav,1,43.5862,2.70E+02,15.625,4.55E+01,5.9345
B_S2_D1_100-bebop_004_.wav,2,83.7054,1.64E+02,35.7143,6.28E+01,2.6144
B_S2_D1_100-bebop_004_.wav,3,129.8028,5.59E+01,15.625,3.52E+01,1.5877
B_S2_D1_100-bebop_004_.wav,4,176.7444,2.38E+01,37.9464,2.28E+01,1.042
B_S2_D1_100-bebop_004_.wav,5,215.4018,2.58E+01,31.25,1.72E+01,1.4976
B_S2_D1_100-bebop_004_.wav,6,257.8125,2.48E+01,29.0179,1.75E+01,1.4144
B_S2_D1_100-bebop_004_.wav,7,302.0549,7.74E+01,13.3929,1.14E+01,6.7606
B_S2_D1_100-bebop_004_.wav,8,349.3797,4.13E+01,7.8125,7.28E+00,5.6717
B_S2_D1_100-bebop_004_.wav,9,395.0893,7.36E+00,34.5982,5.05E+00,1.4563
B_S2_D1_100-bebop_004_.wav,10,433.8577,1.41E+01,11.1607,6.29E+00,2.2354
B_S2_D1_101-bebop_000_.wav,1,56.7841,2.82E+02,28.3203,4.43E+01,6.3613
B_S2_D1_101-bebop_000_.wav,2,110.3516,6.20E+01,16.6016,3.89E+01,1.5935
B_S2_D1_101-bebop_000_.wav,3,171.34,2.66E+01,6.8359,1.70E+01,1.5657
B_S2_D1_101-bebop_000_.wav,4,228.8316,1.40E+01,39.0625,8.93E+00,1.5729
B_S2_D1_101-bebop_000_.wav,5,281.7587,7.86E+00,3.9062,6.15E+00,1.2782
B_S2_D1_101-bebop_000_.wav,6,339.829,5.45E+00,7.8125,8.06E+00,0.6765
B_S2_D1_101-bebop_000_.wav,7,398.1279,5.43E+00,2.9297,1.55E+01,0.3496
B_S2_D1_101-bebop_000_.wav,8,450.1953,1.20E+01,8.7891,5.45E+00,2.2095
B_S2_D1_101-bebop_000_.wav,9,509.6746,3.28E+00,36.1328,2.45E+00,1.3376
B_S2_D1_101-bebop_000_.wav,10,563.4766,8.73E+00,32.2266,4.14E+00,2.1078
B_S2_D1_101-bebop_001_.wav,1,53.9771,4.19E+02,30.2734,1.36E+02,3.0863
B_S2_D1_101-bebop_001_.wav,2,106.4532,2.62E+02,27.3438,1.20E+02,2.1775
B_S2_D1_101-bebop_001_.wav,3,160.2958,1.27E+02,31.25,5.75E+01,2.2136
B_S2_D1_101-bebop_001_.wav,4,215.5312,4.23E+01,33.2031,2.71E+01,1.5641
B_S2_D1_101-bebop_001_.wav,5,269.5756,5.58E+01,34.1797,2.24E+01,2.491
B_S2_D1_101-bebop_001_.wav,6,320.4699,3.08E+01,18.5547,1.47E+01,2.0992
B_S2_D1_101-bebop_001_.wav,7,373.0469,1.68E+01,5.8594,1.32E+01,1.2709
B_S2_D1_101-bebop_001_.wav,8,432.6172,1.10E+01,8.7891,7.49E+00,1.4733
B_S2_D1_101-bebop_001_.wav,9,480.4688,6.08E+00,35.1562,4.91E+00,1.2395
B_S2_D1_101-bebop_001_.wav,10,540.0391,1.04E+01,22.4609,4.71E+00,2.217
B_S2_D1_101-bebop_002_.wav,1,60.3544,5.27E+02,28.3203,1.14E+02,4.6049
B_S2_D1_101-bebop_002_.wav,2,118.1641,1.49E+02,34.1797,8.95E+01,1.6616
B_S2_D1_101-bebop_002_.wav,3,178.7109,4.33E+01,19.5312,3.86E+01,1.1203
B_S2_D1_101-bebop_002_.wav,4,242.0219,1.86E+01,39.0625,1.87E+01,0.9908
B_S2_D1_101-bebop_002_.wav,5,301.8595,3.30E+01,35.1562,1.66E+01,1.9835
B_S2_D1_101-bebop_002_.wav,6,366.2109,1.48E+01,36.1328,1.48E+01,1.0028
B_S2_D1_101-bebop_002_.wav,7,422.4282,1.42E+01,13.6719,1.12E+01,1.2704
B_S2_D1_101-bebop_002_.wav,8,481.4453,4.27E+00,28.3203,5.26E+00,0.8117
B_S2_D1_101-bebop_002_.wav,9,547.33,2.37E+01,11.7188,4.48E+00,5.2964
B_S2_D1_101-bebop_002_.wav,10,608.3984,1.66E+00,37.1094,2.51E+00,0.662
B_S2_D1_101-bebop_003_.wav,1,66.6226,6.17E+02,37.1094,1.61E+02,3.8311
B_S2_D1_101-bebop_003_.wav,2,134.854,1.21E+02,39.0625,1.21E+02,0.995
B_S2_D1_101-bebop_003_.wav,3,198.5205,9.15E+01,30.2734,6.02E+01,1.5196
B_S2_D1_101-bebop_003_.wav,4,262.6953,5.34E+01,37.1094,3.54E+01,1.5072
B_S2_D1_101-bebop_003_.wav,5,329.1016,3.34E+01,38.0859,2.04E+01,1.6425
B_S2_D1_101-bebop_003_.wav,6,395.5078,1.39E+02,14.6484,1.93E+01,7.2009
B_S2_D1_101-bebop_003_.wav,7,467.7734,9.58E+00,22.4609,6.29E+00,1.5226
B_S2_D1_101-bebop_003_.wav,8,528.3203,1.89E+01,30.2734,5.55E+00,3.4028
B_S2_D1_101-bebop_003_.wav,9,594.7266,1.28E+01,39.0625,6.07E+00,2.1018
B_S2_D1_101-bebop_003_.wav,10,663.8598,2.30E+01,27.3438,1.05E+01,2.1919
B_S2_D1_101-bebop_004_.wav,1,45.6687,7.15E+02,17.8571,1.16E+02,6.1696
B_S2_D1_101-bebop_004_.wav,2,93.646,2.61E+02,34.5982,1.65E+02,1.5833
B_S2_D1_101-bebop_004_.wav,3,137.8739,1.27E+02,35.7143,1.16E+02,1.0911
B_S2_D1_101-bebop_004_.wav,4,184.2871,1.03E+02,37.9464,7.90E+01,1.3029
B_S2_D1_101-bebop_004_.wav,5,227.8841,8.44E+01,31.25,4.96E+01,1.7035
B_S2_D1_101-bebop_004_.wav,6,277.0105,2.23E+01,37.9464,2.63E+01,0.8478
B_S2_D1_101-bebop_004_.wav,7,322.3321,3.03E+01,34.5982,2.11E+01,1.4407
B_S2_D1_101-bebop_004_.wav,8,364.8782,4.33E+01,20.0893,1.78E+01,2.433
B_S2_D1_101-bebop_004_.wav,9,409.3561,1.82E+01,36.8304,1.85E+01,0.9793
B_S2_D1_101-bebop_004_.wav,10,459.8214,1.79E+01,6.6964,1.14E+01,1.5685
B_S2_D1_102-bebop_000_.wav,1,48.2297,4.24E+02,29.2969,9.49E+01,4.4697
B_S2_D1_102-bebop_000_.wav,2,98.6328,1.82E+02,39.0625,1.30E+02,1.4061
B_S2_D1_102-bebop_000_.wav,3,143.6694,1.44E+02,33.2031,7.53E+01,1.9104
B_S2_D1_102-bebop_000_.wav,4,190.6447,3.28E+01,30.2734,3.41E+01,0.9629
B_S2_D1_102-bebop_000_.wav,5,238.6189,4.17E+01,38.0859,2.49E+01,1.6769
B_S2_D1_102-bebop_000_.wav,6,284.1797,3.05E+01,27.3438,1.32E+01,2.3196
B_S2_D1_102-bebop_000_.wav,7,334.3721,1.84E+01,33.2031,9.76E+00,1.8856
B_S2_D1_102-bebop_000_.wav,8,385.7422,1.10E+01,30.2734,5.73E+00,1.9259
B_S2_D1_102-bebop_000_.wav,9,430.2189,4.28E+00,8.7891,6.12E+00,0.6988
B_S2_D1_102-bebop_000_.wav,10,476.966,7.59E+00,3.9062,4.51E+00,1.6856
B_S2_D1_102-bebop_001_.wav,1,62.2209,6.19E+02,25.3906,1.28E+02,4.8513
B_S2_D1_102-bebop_001_.wav,2,122.0703,1.38E+02,32.2266,8.12E+01,1.7034
B_S2_D1_102-bebop_001_.wav,3,189.0438,3.32E+01,36.1328,3.69E+01,0.9007
B_S2_D1_102-bebop_001_.wav,4,247.0703,3.85E+01,29.2969,2.44E+01,1.5775
B_S2_D1_102-bebop_001_.wav,5,310.2113,1.52E+01,38.0859,1.43E+01,1.0597
B_S2_D1_102-bebop_001_.wav,6,372.0703,1.82E+01,2.9297,1.68E+01,1.0805
B_S2_D1_102-bebop_001_.wav,7,435.3298,1.37E+01,39.0625,9.77E+00,1.4004
B_S2_D1_102-bebop_001_.wav,8,502.0932,5.78E+00,37.1094,4.93E+00,1.1726
B_S2_D1_102-bebop_001_.wav,9,565.4297,7.47E+00,39.0625,5.44E+00,1.3745
B_S2_D1_102-bebop_001_.wav,10,623.7109,5.65E+00,39.0625,3.94E+00,1.4343
B_S2_D1_102-bebop_002_.wav,1,48.8389,5.53E+02,19.5312,1.16E+02,4.7802
B_S2_D1_102-bebop_002_.wav,2,94.7266,1.97E+02,16.6016,1.35E+02,1.4585
B_S2_D1_102-bebop_002_.wav,3,149.4141,1.54E+02,37.1094,6.88E+01,2.2346
B_S2_D1_102-bebop_002_.wav,4,197.3889,6.76E+01,39.0625,4.27E+01,1.5825
B_S2_D1_102-bebop_002_.wav,5,245.9642,3.10E+01,37.1094,2.26E+01,1.373
B_S2_D1_102-bebop_002_.wav,6,290.0391,2.62E+01,31.25,1.59E+01,1.6517
B_S2_D1_102-bebop_002_.wav,7,341.8807,2.52E+01,31.25,1.37E+01,1.8404
B_S2_D1_102-bebop_002_.wav,8,387.6953,4.67E+01,1.9531,1.84E+01,2.5341
B_S2_D1_102-bebop_002_.wav,9,440.6386,1.29E+01,34.1797,8.38E+00,1.5359
B_S2_D1_102-bebop_002_.wav,10,486.3947,8.77E+00,38.0859,5.12E+00,1.7131
B_S2_D1_102-bebop_003_.wav,1,54.7354,6.11E+02,18.5547,1.26E+02,4.8306
B_S2_D1_102-bebop_003_.wav,2,108.675,1.92E+02,20.5078,1.35E+02,1.4206
B_S2_D1_102-bebop_003_.wav,3,162.7471,1.16E+02,26.3672,9.27E+01,1.256
B_S2_D1_102-bebop_003_.wav,4,221.151,1.01E+02,34.1797,5.71E+01,1.7594
B_S2_D1_102-bebop_003_.wav,5,271.5239,8.27E+01,29.2969,3.93E+01,2.1061
B_S2_D1_102-bebop_003_.wav,6,328.1954,4.17E+01,27.3438,2.32E+01,1.7974
B_S2_D1_102-bebop_003_.wav,7,385.7422,2.69E+01,14.6484,2.03E+01,1.3268
B_S2_D1_102-bebop_003_.wav,8,434.5703,4.10E+01,4.8828,2.03E+01,2.0178
B_S2_D1_102-bebop_003_.wav,9,494.1426,1.90E+01,39.0625,1.25E+01,1.5205
B_S2_D1_102-bebop_003_.wav,10,548.5684,1.53E+01,38.0859,1.04E+01,1.4732
B_S2_D1_102-bebop_004_.wav,1,47.3847,4.43E+02,23.4375,8.19E+01,5.4106
B_S2_D1_102-bebop_004_.wav,2,95.7133,1.38E+02,32.3661,9.15E+01,1.5049
B_S2_D1_102-bebop_004_.wav,3,137.2768,9.32E+01,34.5982,5.49E+01,1.6964
B_S2_D1_102-bebop_004_.wav,4,184.1518,5.46E+01,37.9464,2.93E+01,1.8642
B_S2_D1_102-bebop_004_.wav,5,231.0268,3.74E+01,18.9732,1.62E+01,2.3091
B_S2_D1_102-bebop_004_.wav,6,279.1922,1.76E+01,39.0625,1.09E+01,1.6133
B_S2_D1_102-bebop_004_.wav,7,331.4732,2.79E+01,33.4821,1.31E+01,2.1257
B_S2_D1_102-bebop_004_.wav,8,371.6518,2.30E+01,33.4821,2.05E+01,1.1215
B_S2_D1_102-bebop_004_.wav,9,418.5268,3.65E+01,18.9732,7.21E+00,5.0693
B_S2_D1_102-bebop_004_.wav,10,470.0841,4.97E+00,31.25,3.09E+00,1.6087
B_S2_D1_103-bebop_000_.wav,1,65.2656,6.18E+02,0.9766,1.52E+02,4.0687
B_S2_D1_103-bebop_000_.wav,2,130.7794,2.75E+02,12.6953,7.88E+01,3.4926
B_S2_D1_103-bebop_000_.wav,3,197.889,6.58E+01,30.2734,3.96E+01,1.6618
B_S2_D1_103-bebop_000_.wav,4,264.6484,5.45E+01,35.1562,2.82E+01,1.9319
B_S2_D1_103-bebop_000_.wav,5,324.2188,2.47E+01,18.5547,2.05E+01,1.206
B_S2_D1_103-bebop_000_.wav,6,392.7151,9.20E+00,34.1797,9.19E+00,1.0008
B_S2_D1_103-bebop_000_.wav,7,455.0781,3.08E+01,15.625,8.40E+00,3.671
B_S2_D1_103-bebop_000_.wav,8,524.263,8.48E+00,34.1797,5.46E+00,1.5538
B_S2_D1_103-bebop_000_.wav,9,591.7969,2.94E+01,20.5078,7.44E+00,3.947
B_S2_D1_103-bebop_000_.wav,10,656.211,4.31E+00,35.1562,5.10E+00,0.8462
B_S2_D1_103-bebop_001_.wav,1,47.8619,4.25E+02,22.4609,7.35E+01,5.787
B_S2_D1_103-bebop_001_.wav,2,94.0722,1.86E+02,33.2031,9.13E+01,2.0381
B_S2_D1_103-bebop_001_.wav,3,140.625,8.09E+01,27.3438,5.43E+01,1.491
B_S2_D1_103-bebop_001_.wav,4,188.4766,3.69E+01,35.1562,4.28E+01,0.8617
B_S2_D1_103-bebop_001_.wav,5,237.7879,6.56E+01,38.0859,3.84E+01,1.7087
B_S2_D1_103-bebop_001_.wav,6,290.0391,2.77E+01,28.3203,2.09E+01,1.3263
B_S2_D1_103-bebop_001_.wav,7,337.8906,2.07E+01,37.1094,1.61E+01,1.2821
B_S2_D1_103-bebop_001_.wav,8,385.7422,2.72E+01,13.6719,1.60E+01,1.6977
B_S2_D1_103-bebop_001_.wav,9,432.3724,1.50E+01,32.2266,1.52E+01,0.9871
B_S2_D1_103-bebop_001_.wav,10,481.4453,9.34E+00,32.2266,7.78E+00,1.2004
B_S2_D1_103-bebop_002_.wav,1,47.7488,3.92E+02,18.5547,7.74E+01,5.0707
B_S2_D1_103-bebop_002_.wav,2,98.6328,2.10E+02,22.4609,8.66E+01,2.4241
B_S2_D1_103-bebop_002_.wav,3,143.7113,5.40E+01,29.2969,4.12E+01,1.3096
B_S2_D1_103-bebop_002_.wav,4,194.3359,3.79E+01,35.1562,2.34E+01,1.6173
B_S2_D1_103-bebop_002_.wav,5,238.9613,1.34E+01,36.1328,1.40E+01,0.9563
B_S2_D1_103-bebop_002_.wav,6,285.0289,1.63E+01,38.0859,1.04E+01,1.5609
B_S2_D1_103-bebop_002_.wav,7,332.0312,8.68E+00,27.3438,7.42E+00,1.169
B_S2_D1_103-bebop_002_.wav,8,381.0014,2.25E+01,19.5312,1.02E+01,2.192
B_S2_D1_103-bebop_002_.wav,9,431.2712,2.88E+01,36.1328,2.73E+01,1.0532
B_S2_D1_103-bebop_002_.wav,10,477.43,1.00E+01,11.7188,7.85E+00,1.2748
B_S2_D1_103-bebop_003_.wav,1,48.078,2.61E+02,19.5312,4.24E+01,6.1621
B_S2_D1_103-bebop_003_.wav,2,92.7734,9.98E+01,35.1562,4.91E+01,2.0298
B_S2_D1_103-bebop_003_.wav,3,140.625,3.82E+01,37.1094,2.46E+01,1.5531
B_S2_D1_103-bebop_003_.wav,4,194.3359,1.12E+01,28.3203,1.10E+01,1.0215
B_S2_D1_103-bebop_003_.wav,5,240.267,8.92E+00,34.1797,7.10E+00,1.2577
B_S2_D1_103-bebop_003_.wav,6,286.2586,1.15E+01,8.7891,7.10E+00,1.6181
B_S2_D1_103-bebop_003_.wav,7,335.5688,1.25E+01,35.1562,1.71E+01,0.7295
B_S2_D1_103-bebop_003_.wav,8,384.6833,6.49E+01,31.25,2.48E+01,2.618
B_S2_D1_103-bebop_003_.wav,9,433.5938,3.68E+01,27.3438,1.65E+01,2.2293
B_S2_D1_103-bebop_003_.wav,10,480.5617,5.39E+00,27.3438,4.82E+00,1.1185
B_S2_D1_103-bebop_004_.wav,1,69.5441,4.60E+02,24.5536,1.13E+02,4.0736
B_S2_D1_103-bebop_004_.wav,2,137.4765,7.33E+01,37.9464,6.38E+01,1.1488
B_S2_D1_103-bebop_004_.wav,3,207.783,6.67E+01,20.0893,3.36E+01,1.9858
B_S2_D1_103-bebop_004_.wav,4,277.7673,4.65E+01,32.3661,2.41E+01,1.9295
B_S2_D1_103-bebop_004_.wav,5,346.1296,3.05E+01,36.8304,1.89E+01,1.6131
B_S2_D1_103-bebop_004_.wav,6,417.3372,3.63E+01,5.5804,1.47E+01,2.4678
B_S2_D1_103-bebop_004_.wav,7,481.0268,6.62E+00,36.8304,4.66E+00,1.4211
B_S2_D1_103-bebop_004_.wav,8,550.9872,2.48E+01,4.4643,5.02E+00,4.9344
B_S2_D1_103-bebop_004_.wav,9,619.4196,7.43E+00,36.8304,4.38E+00,1.6938
B_S2_D1_103-bebop_004_.wav,10,695.3125,1.69E+01,18.9732,7.72E+00,2.1896
B_S2_D1_104-bebop_000_.wav,1,51.679,5.52E+02,21.4844,9.99E+01,5.5252
B_S2_D1_104-bebop_000_.wav,2,106.4453,1.72E+02,25.3906,1.07E+02,1.6085
B_S2_D1_104-bebop_000_.wav,3,152.3438,1.08E+02,23.4375,7.05E+01,1.5381
B_S2_D1_104-bebop_000_.wav,4,207.0401,5.38E+01,27.3438,4.65E+01,1.1578
B_S2_D1_104-bebop_000_.wav,5,257.3631,5.14E+01,36.1328,3.33E+01,1.5437
B_S2_D1_104-bebop_000_.wav,6,307.6172,3.29E+01,38.0859,2.68E+01,1.2261
B_S2_D1_104-bebop_000_.wav,7,363.4672,6.31E+01,28.3203,2.28E+01,2.7626
B_S2_D1_104-bebop_000_.wav,8,416.9922,6.00E+01,15.625,1.46E+01,4.1165
B_S2_D1_104-bebop_000_.wav,9,462.8906,1.41E+01,31.25,8.91E+00,1.5873
B_S2_D1_104-bebop_000_.wav,10,519.3518,2.28E+01,23.4375,8.66E+00,2.6297
B_S2_D1_104-bebop_001_.wav,1,45.8169,7.52E+02,23.4375,1.87E+02,4.0301
B_S2_D1_104-bebop_001_.wav,2,91.6464,4.30E+02,33.2031,2.92E+02,1.472
B_S2_D1_104-bebop_001_.wav,3,136.3445,3.11E+02,38.0859,2.07E+02,1.503
B_S2_D1_104-bebop_001_.wav,4,183.2781,3.47E+02,36.1328,1.57E+02,2.2153
B_S2_D1_104-bebop_001_.wav,5,227.5194,2.53E+02,31.25,1.02E+02,2.4743
B_S2_D1_104-bebop_001_.wav,6,273.49,1.44E+02,34.1797,7.74E+01,1.8659
B_S2_D1_104-bebop_001_.wav,7,322.3636,8.21E+01,38.0859,6.79E+01,1.2087
B_S2_D1_104-bebop_001_.wav,8,367.4682,8.97E+01,39.0625,6.69E+01,1.3414
B_S2_D1_104-bebop_001_.wav,9,416.0156,1.05E+02,19.5312,5.32E+01,1.9651
B_S2_D1_104-bebop_001_.wav,10,456.0547,5.97E+01,36.1328,3.68E+01,1.6214
B_S2_D1_104-bebop_002_.wav,1,50.2194,3.62E+02,30.2734,6.51E+01,5.5652
B_S2_D1_104-bebop_002_.wav,2,99.14,9.91E+01,35.1562,7.61E+01,1.3022
B_S2_D1_104-bebop_002_.wav,3,152.3438,9.07E+01,36.1328,4.77E+01,1.904
B_S2_D1_104-bebop_002_.wav,4,198.2391,5.52E+01,37.1094,2.92E+01,1.8924
B_S2_D1_104-bebop_002_.wav,5,246.7319,3.88E+01,33.2031,1.90E+01,2.038
B_S2_D1_104-bebop_002_.wav,6,298.5337,4.03E+01,37.1094,2.46E+01,1.6373
B_S2_D1_104-bebop_002_.wav,7,345.7031,7.73E+01,12.6953,1.71E+01,4.5178
B_S2_D1_104-bebop_002_.wav,8,400.8067,1.60E+01,29.2969,1.11E+01,1.4397
B_S2_D1_104-bebop_002_.wav,9,446.3893,6.37E+01,20.5078,1.60E+01,3.9839
B_S2_D1_104-bebop_002_.wav,10,495.1172,3.94E+01,26.3672,1.36E+01,2.8836
B_S2_D1_104-bebop_003_.wav,1,48.2203,1.78E+02,20.5078,2.36E+01,7.5456
B_S2_D1_104-bebop_003_.wav,2,96.4289,3.70E+01,38.0859,2.78E+01,1.3316
B_S2_D1_104-bebop_003_.wav,3,143.6098,3.04E+01,36.1328,1.68E+01,1.8144
B_S2_D1_104-bebop_003_.wav,4,188.4766,1.78E+01,37.1094,1.15E+01,1.5394
B_S2_D1_104-bebop_003_.wav,5,238.9601,1.30E+01,20.5078,6.99E+00,1.8547
B_S2_D1_104-bebop_003_.wav,6,289.1013,1.58E+01,0.9766,7.14E+00,2.2068
B_S2_D1_104-bebop_003_.wav,7,337.8906,1.40E+01,32.2266,9.26E+00,1.5111
B_S2_D1_104-bebop_003_.wav,8,380.873,1.49E+01,20.5078,8.65E+00,1.7251
B_S2_D1_104-bebop_003_.wav,9,431.5841,2.55E+01,33.2031,2.13E+01,1.1994
B_S2_D1_104-bebop_003_.wav,10,477.7474,4.19E+01,6.8359,1.98E+01,2.1181
B_S2_D1_104-bebop_004_.wav,1,48.7601,7.24E+01,1.1161,6.44E+00,11.2408
B_S2_D1_104-bebop_004_.wav,2,100.3758,1.50E+01,31.25,5.60E+00,2.683
B_S2_D1_104-bebop_004_.wav,3,150.6696,1.24E+01,2.2321,3.39E+00,3.644
B_S2_D1_104-bebop_004_.wav,4,196.1412,2.88E+00,34.5982,2.22E+00,1.2955
B_S2_D1_104-bebop_004_.wav,5,246.9493,1.94E+00,4.4643,1.56E+00,1.2387
B_S2_D1_104-bebop_004_.wav,6,295.9848,2.97E+00,2.2321,4.44E+00,0.6694
B_S2_D1_104-bebop_004_.wav,7,344.4888,2.08E+01,18.9732,5.54E+00,3.7565
B_S2_D1_104-bebop_004_.wav,8,392.7327,2.33E+00,22.3214,1.75E+00,1.3341
B_S2_D1_104-bebop_004_.wav,9,445.3125,7.63E+00,13.3929,5.40E+00,1.4119
B_S2_D1_104-bebop_004_.wav,10,490.8505,2.89E+01,3.3482,7.63E+00,3.7909
B_S2_D1_105-bebop_000_.wav,1,47.6858,2.27E+02,25.3906,6.99E+01,3.2436
B_S2_D1_105-bebop_000_.wav,2,93.2883,7.02E+01,19.5312,6.69E+01,1.0499
B_S2_D1_105-bebop_000_.wav,3,145.5287,3.56E+01,23.4375,3.24E+01,1.097
B_S2_D1_105-bebop_000_.wav,4,188.4766,3.68E+01,38.0859,1.98E+01,1.8577
B_S2_D1_105-bebop_000_.wav,5,237.091,1.77E+01,32.2266,1.60E+01,1.1094
B_S2_D1_105-bebop_000_.wav,6,290.0391,2.19E+01,37.1094,1.30E+01,1.6783
B_S2_D1_105-bebop_000_.wav,7,337.8906,2.81E+01,20.5078,2.11E+01,1.3269
B_S2_D1_105-bebop_000_.wav,8,379.8828,7.11E+01,17.5781,2.55E+01,2.7907
B_S2_D1_105-bebop_000_.wav,9,430.344,4.70E+01,39.0625,2.48E+01,1.895
B_S2_D1_105-bebop_000_.wav,10,475.5859,7.52E+00,8.7891,8.95E+00,0.8406
B_S2_D1_105-bebop_001_.wav,1,49.4066,7.12E+02,22.4609,1.10E+02,6.4571
B_S2_D1_105-bebop_001_.wav,2,102.5391,2.35E+02,36.1328,1.24E+02,1.8944
B_S2_D1_105-bebop_001_.wav,3,150.6047,1.18E+02,33.2031,8.95E+01,1.316
B_S2_D1_105-bebop_001_.wav,4,197.7162,6.55E+01,37.1094,6.20E+01,1.0571
B_S2_D1_105-bebop_001_.wav,5,251.0676,6.26E+01,38.0859,4.82E+01,1.2981
B_S2_D1_105-bebop_001_.wav,6,297.8195,6.59E+01,31.25,4.19E+01,1.573
B_S2_D1_105-bebop_001_.wav,7,346.7213,8.81E+01,39.0625,3.56E+01,2.4716
B_S2_D1_105-bebop_001_.wav,8,398.0701,2.85E+01,37.1094,2.52E+01,1.1329
B_S2_D1_105-bebop_001_.wav,9,450.5315,4.77E+01,6.8359,2.26E+01,2.107
B_S2_D1_105-bebop_001_.wav,10,499.8603,3.54E+01,38.0859,1.88E+01,1.8861
B_S2_D1_105-bebop_002_.wav,1,87.4542,5.91E+02,22.4609,2.26E+02,2.6137
B_S2_D1_105-bebop_002_.wav,2,174.0363,9.72E+01,36.1328,9.51E+01,1.0217
B_S2_D1_105-bebop_002_.wav,3,260.7422,8.59E+01,38.0859,3.72E+01,2.307
B_S2_D1_105-bebop_002_.wav,4,350.6907,3.86E+01,38.0859,2.90E+01,1.3286
B_S2_D1_105-bebop_002_.wav,5,442.3828,6.78E+01,34.1797,2.70E+01,2.513
B_S2_D1_105-bebop_002_.wav,6,528.6813,2.59E+01,37.1094,1.43E+01,1.8136
B_S2_D1_105-bebop_002_.wav,7,612.3047,2.44E+01,38.0859,1.28E+01,1.8994
B_S2_D1_105-bebop_002_.wav,8,705.0335,1.40E+01,32.2266,9.09E+00,1.5366
B_S2_D1_105-bebop_002_.wav,9,788.0859,1.70E+01,39.0625,1.30E+01,1.3105
B_S2_D1_105-bebop_002_.wav,10,877.7286,2.59E+01,37.1094,1.06E+01,2.4444
B_S2_D1_105-bebop_003_.wav,1,58.9446,3.39E+02,35.1562,1.21E+02,2.8056
B_S2_D1_105-bebop_003_.wav,2,116.2489,1.27E+02,27.3438,8.31E+01,1.5271
B_S2_D1_105-bebop_003_.wav,3,178.7109,7.76E+01,38.0859,4.09E+01,1.8986
B_S2_D1_105-bebop_003_.wav,4,231.4453,6.69E+01,38.0859,2.46E+01,2.7231
B_S2_D1_105-bebop_003_.wav,5,294.9621,2.54E+01,35.1562,1.40E+01,1.8168
B_S2_D1_105-bebop_003_.wav,6,352.2229,1.18E+01,29.2969,1.42E+01,0.8359
B_S2_D1_105-bebop_003_.wav,7,407.2266,1.82E+01,5.8594,2.12E+01,0.858
B_S2_D1_105-bebop_003_.wav,8,470.4936,1.37E+01,23.4375,8.34E+00,1.6463
B_S2_D1_105-bebop_003_.wav,9,526.2033,8.97E+00,26.3672,5.08E+00,1.7668
B_S2_D1_105-bebop_003_.wav,10,583.0078,1.36E+01,36.1328,5.06E+00,2.6788
B_S2_D1_105-bebop_004_.wav,1,54.2617,4.03E+01,29.0179,6.68E+00,6.0347
B_S2_D1_105-bebop_004_.wav,2,108.9337,5.70E+00,39.0625,4.20E+00,1.3561
B_S2_D1_105-bebop_004_.wav,3,162.6939,2.50E+00,31.25,1.54E+00,1.6221
B_S2_D1_105-bebop_004_.wav,4,218.8614,1.94E+00,25.6696,1.30E+00,1.495
B_S2_D1_105-bebop_004_.wav,5,276.7857,5.02E+00,29.0179,2.47E+00,2.0338
B_S2_D1_105-bebop_004_.wav,6,331.4732,1.31E+00,16.7411,1.61E+00,0.8166
B_S2_D1_105-bebop_004_.wav,7,382.9011,3.81E+01,11.1607,8.53E+00,4.4626
B_S2_D1_105-bebop_004_.wav,8,436.2499,9.10E+00,2.2321,3.48E+00,2.6176
B_S2_D1_105-bebop_004_.wav,9,493.9595,4.02E+00,20.0893,2.34E+00,1.7187
B_S2_D1_105-bebop_004_.wav,10,546.2359,5.62E+00,32.3661,3.03E+00,1.8521
B_S2_D1_106-bebop_000_.wav,1,52.4813,2.19E+02,15.625,3.94E+01,5.5452
B_S2_D1_106-bebop_000_.wav,2,104.4939,4.82E+01,39.0625,3.60E+01,1.3415
B_S2_D1_106-bebop_000_.wav,3,155.2734,2.20E+01,38.0859,1.19E+01,1.8467
B_S2_D1_106-bebop_000_.wav,4,208.8503,9.39E+00,36.1328,7.79E+00,1.2058
B_S2_D1_106-bebop_000_.wav,5,260.7422,7.31E+00,38.0859,5.64E+00,1.2968
B_S2_D1_106-bebop_000_.wav,6,313.4766,4.12E+00,16.6016,2.63E+00,1.5673
B_S2_D1_106-bebop_000_.wav,7,372.0703,5.88E+01,14.6484,5.49E+00,10.713
B_S2_D1_106-bebop_000_.wav,8,420.0536,9.00E+01,2.9297,7.61E+00,11.8288
B_S2_D1_106-bebop_000_.wav,9,472.5407,2.90E+00,2.9297,3.41E+00,0.8502
B_S2_D1_106-bebop_000_.wav,10,526.4235,3.18E+00,35.1562,2.96E+00,1.0756
B_S2_D1_106-bebop_001_.wav,1,48.7175,2.12E+02,0.9766,9.00E+00,23.5628
B_S2_D1_106-bebop_001_.wav,2,99.8543,2.11E+01,20.5078,1.22E+01,1.7337
B_S2_D1_106-bebop_001_.wav,3,146.3192,1.79E+01,19.5312,3.51E+00,5.1085
B_S2_D1_106-bebop_001_.wav,4,192.3828,1.72E+00,29.2969,1.41E+00,1.2246
B_S2_D1_106-bebop_001_.wav,5,247.0703,4.02E+00,18.5547,2.02E+00,1.9885
B_S2_D1_106-bebop_001_.wav,6,291.78,5.29E+00,8.7891,2.50E+00,2.1152
B_S2_D1_106-bebop_001_.wav,7,343.1305,5.08E+00,39.0625,2.22E+00,2.2875
B_S2_D1_106-bebop_001_.wav,8,392.4233,7.49E+01,26.3672,2.01E+01,3.7281
B_S2_D1_106-bebop_001_.wav,9,440.4182,9.26E+00,1.9531,6.39E+00,1.4478
B_S2_D1_106-bebop_001_.wav,10,486.624,3.78E+00,39.0625,4.86E+00,0.778
B_S2_D1_106-bebop_002_.wav,1,47.6555,7.95E+02,10.7422,1.02E+02,7.8067
B_S2_D1_106-bebop_002_.wav,2,97.9519,2.21E+02,37.1094,1.44E+02,1.5346
B_S2_D1_106-bebop_002_.wav,3,140.625,1.18E+02,32.2266,8.99E+01,1.3162
B_S2_D1_106-bebop_002_.wav,4,191.7255,1.14E+02,38.0859,5.87E+01,1.9367
B_S2_D1_106-bebop_002_.wav,5,241.1487,1.19E+02,30.2734,4.64E+01,2.5723
B_S2_D1_106-bebop_002_.wav,6,284.1797,7.35E+01,26.3672,4.22E+01,1.7433
B_S2_D1_106-bebop_002_.wav,7,332.0312,5.77E+01,39.0625,3.39E+01,1.6987
B_S2_D1_106-bebop_002_.wav,8,385.7422,5.63E+01,34.1797,2.80E+01,2.0092
B_S2_D1_106-bebop_002_.wav,9,427.7344,2.31E+01,39.0625,2.10E+01,1.0966
B_S2_D1_106-bebop_002_.wav,10,481.4453,1.74E+01,38.0859,1.18E+01,1.4778
B_S2_D1_106-bebop_003_.wav,1,47.1752,1.15E+03,19.5312,1.72E+02,6.6704
B_S2_D1_106-bebop_003_.wav,2,90.8203,4.90E+02,21.4844,2.91E+02,1.6839
B_S2_D1_106-bebop_003_.wav,3,142.4635,3.00E+02,39.0625,2.15E+02,1.3986
B_S2_D1_106-bebop_003_.wav,4,189.5267,2.26E+02,34.1797,1.81E+02,1.247
B_S2_D1_106-bebop_003_.wav,5,237.3047,1.83E+02,37.1094,1.25E+02,1.4633
B_S2_D1_106-bebop_003_.wav,6,284.1797,1.89E+02,38.0859,1.06E+02,1.7915
B_S2_D1_106-bebop_003_.wav,7,327.9158,1.43E+02,37.1094,9.24E+01,1.5515
B_S2_D1_106-bebop_003_.wav,8,374.1196,1.23E+02,39.0625,6.40E+01,1.915
B_S2_D1_106-bebop_003_.wav,9,424.0635,1.93E+02,38.0859,6.24E+01,3.0852
B_S2_D1_106-bebop_003_.wav,10,468.8203,1.02E+02,38.0859,5.87E+01,1.7345
B_S2_D1_106-bebop_004_.wav,1,53.1273,3.75E+02,22.3214,6.66E+01,5.6387
B_S2_D1_106-bebop_004_.wav,2,107.9786,6.65E+01,37.9464,6.65E+01,1
B_S2_D1_106-bebop_004_.wav,3,157.3661,4.38E+01,33.4821,4.34E+01,1.0096
B_S2_D1_106-bebop_004_.wav,4,212.0053,7.27E+01,35.7143,2.96E+01,2.4535
B_S2_D1_106-bebop_004_.wav,5,267.0681,1.84E+01,35.7143,2.11E+01,0.8693
B_S2_D1_106-bebop_004_.wav,6,322.5767,2.35E+01,37.9464,2.16E+01,1.0918
B_S2_D1_106-bebop_004_.wav,7,375.0008,3.81E+01,30.1339,2.18E+01,1.7487
B_S2_D1_106-bebop_004_.wav,8,426.1443,3.26E+01,17.8571,1.23E+01,2.6582
B_S2_D1_106-bebop_004_.wav,9,483.1557,1.84E+01,39.0625,9.26E+00,1.9833
B_S2_D1_106-bebop_004_.wav,10,532.3661,1.10E+01,35.7143,7.45E+00,1.4811
B_S2_D1_107-bebop_000_.wav,1,70.5191,7.61E+02,38.0859,2.85E+02,2.6698
B_S2_D1_107-bebop_000_.wav,2,140.6885,3.76E+02,29.2969,2.16E+02,1.7442
B_S2_D1_107-bebop_000_.wav,3,208.0078,4.06E+02,17.5781,1.19E+02,3.4168
B_S2_D1_107-bebop_000_.wav,4,282.8371,2.29E+02,39.0625,1.03E+02,2.2148
B_S2_D1_107-bebop_000_.wav,5,352.3556,1.82E+02,36.1328,8.67E+01,2.0969
B_S2_D1_107-bebop_000_.wav,6,424.8047,6.88E+01,2.9297,4.83E+01,1.4259
B_S2_D1_107-bebop_000_.wav,7,489.2578,6.36E+01,30.2734,3.83E+01,1.6591
B_S2_D1_107-bebop_000_.wav,8,562.7021,9.45E+01,20.5078,3.20E+01,2.9491
B_S2_D1_107-bebop_000_.wav,9,635.7422,5.84E+01,24.4141,3.27E+01,1.7854
B_S2_D1_107-bebop_000_.wav,10,700.9076,7.89E+01,38.0859,4.19E+01,1.8835
B_S2_D1_107-bebop_001_.wav,1,74.0437,6.79E+02,23.4375,1.38E+02,4.9168
B_S2_D1_107-bebop_001_.wav,2,151.3672,1.48E+02,33.2031,6.15E+01,2.3987
B_S2_D1_107-bebop_001_.wav,3,224.8859,6.18E+01,38.0859,4.99E+01,1.2377
B_S2_D1_107-bebop_001_.wav,4,297.6409,3.37E+01,23.4375,2.58E+01,1.3097
B_S2_D1_107-bebop_001_.wav,5,370.9702,3.04E+01,1.9531,2.57E+01,1.1849
B_S2_D1_107-bebop_001_.wav,6,442.3828,2.63E+01,34.1797,1.57E+01,1.6696
B_S2_D1_107-bebop_001_.wav,7,519.3319,1.21E+01,39.0625,9.16E+00,1.3215
B_S2_D1_107-bebop_001_.wav,8,596.6797,1.57E+01,32.2266,5.43E+00,2.8953
B_S2_D1_107-bebop_001_.wav,9,670.8984,1.87E+01,32.2266,7.31E+00,2.5515
B_S2_D1_107-bebop_001_.wav,10,739.2578,2.90E+01,39.0625,1.32E+01,2.2062
B_S2_D1_107-bebop_002_.wav,1,48.7301,1.06E+02,0.9766,4.62E+00,23.0172
B_S2_D1_107-bebop_002_.wav,2,100.5859,3.72E+01,0.9766,4.82E+00,7.7209
B_S2_D1_107-bebop_002_.wav,3,145.5328,6.41E+00,10.7422,2.37E+00,2.7036
B_S2_D1_107-bebop_002_.wav,4,192.3828,2.36E+00,33.2031,1.16E+00,2.0315
B_S2_D1_107-bebop_002_.wav,5,244.0757,2.44E+00,8.7891,1.66E+00,1.4708
B_S2_D1_107-bebop_002_.wav,6,290.7233,5.50E+00,15.625,2.09E+00,2.6289
B_S2_D1_107-bebop_002_.wav,7,338.8672,1.78E+00,37.1094,1.77E+00,1.003
B_S2_D1_107-bebop_002_.wav,8,390.4672,7.63E+01,12.6953,8.32E+00,9.1701
B_S2_D1_107-bebop_002_.wav,9,442.3828,1.06E+01,0.9766,6.07E+00,1.7506
B_S2_D1_107-bebop_002_.wav,10,491.2109,2.62E+00,34.1797,2.11E+00,1.2415
B_S2_D1_107-bebop_003_.wav,1,48.7411,7.70E+01,1.9531,4.79E+00,16.0893
B_S2_D1_107-bebop_003_.wav,2,100.0965,3.74E+01,0.9766,7.01E+00,5.3371
B_S2_D1_107-bebop_003_.wav,3,144.0586,8.69E+00,6.8359,2.57E+00,3.38
B_S2_D1_107-bebop_003_.wav,4,192.3828,1.58E+00,9.7656,1.50E+00,1.0554
B_S2_D1_107-bebop_003_.wav,5,244.957,5.29E+00,24.4141,2.72E+00,1.9485
B_S2_D1_107-bebop_003_.wav,6,290.0391,6.16E+00,32.2266,2.62E+00,2.3535
B_S2_D1_107-bebop_003_.wav,7,343.8453,3.28E+00,7.8125,3.98E+00,0.8231
B_S2_D1_107-bebop_003_.wav,8,393.5547,3.44E+01,18.5547,1.96E+01,1.7543
B_S2_D1_107-bebop_003_.wav,9,440.3922,2.15E+01,6.8359,1.21E+01,1.7701
B_S2_D1_107-bebop_003_.wav,10,491.2109,4.41E+00,30.2734,3.78E+00,1.1646
B_S2_D1_107-bebop_004_.wav,1,48.7953,7.07E+01,1.1161,2.78E+00,25.386
B_S2_D1_107-bebop_004_.wav,2,100.2247,3.67E+01,1.1161,4.49E+00,8.1829
B_S2_D1_107-bebop_004_.wav,3,148.259,3.00E+00,3.3482,1.94E+00,1.5448
B_S2_D1_107-bebop_004_.wav,4,199.7768,1.51E+00,11.1607,1.16E+00,1.3021
B_S2_D1_107-bebop_004_.wav,5,248.8839,1.32E+01,17.8571,1.75E+00,7.5391
B_S2_D1_107-bebop_004_.wav,6,294.075,2.63E+00,25.6696,1.59E+00,1.6551
B_S2_D1_107-bebop_004_.wav,7,346.1498,1.90E+00,6.6964,2.08E+00,0.9127
B_S2_D1_107-bebop_004_.wav,8,395.1609,5.15E+01,37.9464,1.22E+01,4.2225
B_S2_D1_107-bebop_004_.wav,9,441.9453,4.98E+00,3.3482,3.31E+00,1.5068
B_S2_D1_107-bebop_004_.wav,10,489.926,1.59E+00,11.1607,2.71E+00,0.5862
B_S2_D1_108-bebop_000_.wav,1,48.698,1.32E+02,0.9766,2.89E+00,45.6748
B_S2_D1_108-bebop_000_.wav,2,100.5859,3.64E+01,0.9766,5.13E+00,7.096
B_S2_D1_108-bebop_000_.wav,3,149.4141,7.63E+00,0.9766,1.77E+00,4.3024
B_S2_D1_108-bebop_000_.wav,4,192.946,1.92E+00,30.2734,1.07E+00,1.8012
B_S2_D1_108-bebop_000_.wav,5,246.4018,2.74E+00,7.8125,1.65E+00,1.6637
B_S2_D1_108-bebop_000_.wav,6,292.2517,4.72E+00,14.6484,1.85E+00,2.56
B_S2_D1_108-bebop_000_.wav,7,339.5331,1.85E+00,31.25,1.81E+00,1.0172
B_S2_D1_108-bebop_000_.wav,8,393.5547,8.73E+01,4.8828,1.12E+01,7.8204
B_S2_D1_108-bebop_000_.wav,9,436.5234,1.15E+01,18.5547,5.15E+00,2.2337
B_S2_D1_108-bebop_000_.wav,10,491.2109,2.04E+00,33.2031,2.51E+00,0.8139
B_S2_D1_108-bebop_001_.wav,1,48.6002,1.57E+02,0.9766,2.59E+00,60.6919
B_S2_D1_108-bebop_001_.wav,2,100.093,3.82E+01,0.9766,4.77E+00,8.0081
B_S2_D1_108-bebop_001_.wav,3,148.6748,3.66E+01,15.625,4.03E+00,9.0804
B_S2_D1_108-bebop_001_.wav,4,196.9409,2.00E+00,37.1094,1.64E+00,1.216
B_S2_D1_108-bebop_001_.wav,5,242.9921,5.58E+00,15.625,2.12E+00,2.6363
B_S2_D1_108-bebop_001_.wav,6,293.4763,2.74E+01,24.4141,8.97E+00,3.0608
B_S2_D1_108-bebop_001_.wav,7,342.3187,1.95E+01,39.0625,1.43E+01,1.3651
B_S2_D1_108-bebop_001_.wav,8,393.5547,3.75E+01,34.1797,2.11E+01,1.7789
B_S2_D1_108-bebop_001_.wav,9,439.1322,5.57E+01,35.1562,2.35E+01,2.3704
B_S2_D1_108-bebop_001_.wav,10,488.0139,5.33E+01,25.3906,1.27E+01,4.1888
B_S2_D1_108-bebop_002_.wav,1,48.5442,9.63E+01,0.9766,2.27E+00,42.4037
B_S2_D1_108-bebop_002_.wav,2,100.0593,3.87E+01,0.9766,3.65E+00,10.6189
B_S2_D1_108-bebop_002_.wav,3,145.4202,4.58E+00,8.7891,2.01E+00,2.2739
B_S2_D1_108-bebop_002_.wav,4,194.7963,1.22E+00,5.8594,9.13E-01,1.3326
B_S2_D1_108-bebop_002_.wav,5,244.75,3.24E+00,9.7656,1.66E+00,1.9499
B_S2_D1_108-bebop_002_.wav,6,291.7736,3.82E+00,16.6016,2.05E+00,1.8654
B_S2_D1_108-bebop_002_.wav,7,343.9902,3.82E+00,11.7188,2.55E+00,1.4994
B_S2_D1_108-bebop_002_.wav,8,387.6953,1.45E+02,12.6953,1.36E+01,10.6038
B_S2_D1_108-bebop_002_.wav,9,438.4036,7.49E+00,3.9062,4.68E+00,1.6014
B_S2_D1_108-bebop_002_.wav,10,491.2109,5.82E+00,20.5078,3.29E+00,1.7676
B_S2_D1_108-bebop_003_.wav,1,100.1359,3.55E+01,0.9766,4.52E+00,7.8531
B_S2_D1_108-bebop_003_.wav,2,199.9742,2.64E+00,25.3906,1.23E+00,2.1433
B_S2_D1_108-bebop_003_.wav,3,299.9049,3.67E+00,39.0625,2.18E+00,1.6809
B_S2_D1_108-bebop_003_.wav,4,401.3069,7.22E+01,31.25,9.21E+00,7.8438
B_S2_D1_108-bebop_003_.wav,5,501.1611,2.92E+00,1.9531,3.56E+00,0.8213
B_S2_D1_108-bebop_003_.wav,6,604.1919,2.43E+00,37.1094,1.78E+00,1.3669
B_S2_D1_108-bebop_003_.wav,7,707.0312,1.09E+01,34.1797,7.40E+00,1.4749
B_S2_D1_108-bebop_003_.wav,8,806.6364,3.36E+01,35.1562,1.59E+01,2.1061
B_S2_D1_108-bebop_003_.wav,9,903.2598,1.91E+01,24.4141,7.38E+00,2.5854
B_S2_D1_108-bebop_003_.wav,10,1003.8133,7.02E+00,38.0859,4.96E+00,1.4142
B_S2_D1_108-bebop_004_.wav,1,48.5429,9.19E+01,1.1161,4.65E+00,19.7768
B_S2_D1_108-bebop_004_.wav,2,99.3304,3.14E+01,1.1161,6.25E+00,5.0152
B_S2_D1_108-bebop_004_.wav,3,146.2054,2.27E+01,8.9286,4.78E+00,4.7396
B_S2_D1_108-bebop_004_.wav,4,188.6161,3.08E+00,37.9464,2.91E+00,1.058
B_S2_D1_108-bebop_004_.wav,5,243.3036,5.69E+00,33.4821,2.82E+00,2.0186
B_S2_D1_108-bebop_004_.wav,6,289.2676,8.54E+00,12.2768,3.21E+00,2.6585
B_S2_D1_108-bebop_004_.wav,7,334.8678,2.85E+00,36.8304,6.41E+00,0.4444
B_S2_D1_108-bebop_004_.wav,8,381.6854,3.69E+01,30.1339,1.37E+01,2.6953
B_S2_D1_108-bebop_004_.wav,9,435.2679,3.57E+01,5.5804,1.54E+01,2.3167
B_S2_D1_108-bebop_004_.wav,10,481.5349,3.84E+00,4.4643,6.88E+00,0.5577
B_S2_D1_109-bebop_000_.wav,1,48.4461,1.65E+02,16.6016,1.94E+01,8.5258
B_S2_D1_109-bebop_000_.wav,2,100.5859,4.43E+01,34.1797,2.58E+01,1.7136
B_S2_D1_109-bebop_000_.wav,3,146.8912,2.64E+01,15.625,1.32E+01,2.001
B_S2_D1_109-bebop_000_.wav,4,198.2422,1.01E+01,29.2969,4.45E+00,2.2646
B_S2_D1_109-bebop_000_.wav,5,241.8828,3.37E+00,6.8359,3.19E+00,1.0546
B_S2_D1_109-bebop_000_.wav,6,291.9021,3.58E+00,7.8125,1.72E+00,2.0844
B_S2_D1_109-bebop_000_.wav,7,344.7266,3.48E+00,33.2031,1.59E+00,2.1797
B_S2_D1_109-bebop_000_.wav,8,393.5547,6.97E+01,7.8125,4.81E+00,14.5074
B_S2_D1_109-bebop_000_.wav,9,439.2695,9.65E+00,0.9766,2.80E+00,3.4496
B_S2_D1_109-bebop_000_.wav,10,488.5153,1.33E+00,37.1094,1.63E+00,0.8165
B_S2_D1_109-bebop_001_.wav,1,48.9043,3.07E+02,1.9531,2.75E+01,11.1871
B_S2_D1_109-bebop_001_.wav,2,99.912,6.33E+01,25.3906,3.35E+01,1.8895
B_S2_D1_109-bebop_001_.wav,3,148.2955,5.00E+01,32.2266,1.53E+01,3.2646
B_S2_D1_109-bebop_001_.wav,4,197.3102,7.23E+00,35.1562,5.68E+00,1.2727
B_S2_D1_109-bebop_001_.wav,5,246.1947,6.03E+00,36.1328,4.36E+00,1.3832
B_S2_D1_109-bebop_001_.wav,6,290.0391,2.74E+01,18.5547,3.04E+00,9.0435
B_S2_D1_109-bebop_001_.wav,7,340.3933,2.13E+00,33.2031,2.90E+00,0.7362
B_S2_D1_109-bebop_001_.wav,8,387.6953,5.11E+01,11.7188,1.41E+01,3.6248
B_S2_D1_109-bebop_001_.wav,9,440.4629,2.48E+01,13.6719,1.20E+01,2.0705
B_S2_D1_109-bebop_001_.wav,10,487.5923,4.33E+00,33.2031,3.42E+00,1.2674
B_S2_D1_109-bebop_002_.wav,1,48.7222,1.44E+02,0.9766,5.37E+00,26.8766
B_S2_D1_109-bebop_002_.wav,2,100.5859,3.61E+01,0.9766,6.11E+00,5.9145
B_S2_D1_109-bebop_002_.wav,3,146.3294,3.02E+01,19.5312,2.85E+00,10.6264
B_S2_D1_109-bebop_002_.wav,4,194.3518,3.03E+00,38.0859,1.64E+00,1.8487
B_S2_D1_109-bebop_002_.wav,5,245.2988,3.09E+00,35.1562,2.04E+00,1.5167
B_S2_D1_109-bebop_002_.wav,6,291.9165,2.88E+00,38.0859,2.14E+00,1.3459
B_S2_D1_109-bebop_002_.wav,7,342.743,2.26E+00,9.7656,2.31E+00,0.9779
B_S2_D1_109-bebop_002_.wav,8,393.5547,2.33E+01,37.1094,1.74E+01,1.3337
B_S2_D1_109-bebop_002_.wav,9,438.6302,8.31E+01,22.4609,1.35E+01,6.1349
B_S2_D1_109-bebop_002_.wav,10,491.2109,5.97E+00,7.8125,4.62E+00,1.2908
B_S2_D1_109-bebop_003_.wav,1,48.3085,6.40E+01,0.9766,3.17E+00,20.1743
B_S2_D1_109-bebop_003_.wav,2,97.0423,1.44E+01,0.9766,5.22E+00,2.7669
B_S2_D1_109-bebop_003_.wav,3,146.4844,3.38E+01,1.9531,2.04E+00,16.5611
B_S2_D1_109-bebop_003_.wav,4,191.1641,1.18E+00,35.1562,1.41E+00,0.8413
B_S2_D1_109-bebop_003_.wav,5,242.1875,9.00E+00,3.9062,1.69E+00,5.3275
B_S2_D1_109-bebop_003_.wav,6,284.1797,1.68E+00,30.2734,1.94E+00,0.8652
B_S2_D1_109-bebop_003_.wav,7,333.3852,1.44E+00,30.2734,1.78E+00,0.8092
B_S2_D1_109-bebop_003_.wav,8,380.768,1.18E+01,4.8828,4.33E+00,2.7349
B_S2_D1_109-bebop_003_.wav,9,433.5938,4.49E+01,18.5547,4.23E+00,10.6328
B_S2_D1_109-bebop_003_.wav,10,480.4216,4.31E+00,3.9062,3.03E+00,1.4237
B_S2_D1_109-bebop_004_.wav,1,48.7214,4.62E+01,1.1161,1.98E+00,23.3618
B_S2_D1_109-bebop_004_.wav,2,100.1442,3.53E+01,1.1161,3.60E+00,9.8002
B_S2_D1_109-bebop_004_.wav,3,145.0893,4.73E+00,1.1161,1.65E+00,2.8745
B_S2_D1_109-bebop_004_.wav,4,199.7768,2.48E+00,23.4375,1.24E+00,1.9914
B_S2_D1_109-bebop_004_.wav,5,246.4931,2.73E+00,4.4643,1.66E+00,1.6471
B_S2_D1_109-bebop_004_.wav,6,296.5089,2.86E+00,30.1339,1.79E+00,1.601
B_S2_D1_109-bebop_004_.wav,7,344.1355,4.68E+00,4.4643,1.95E+00,2.3975
B_S2_D1_109-bebop_004_.wav,8,391.3779,1.16E+02,17.8571,1.77E+01,6.5321
B_S2_D1_109-bebop_004_.wav,9,439.7321,7.08E+00,16.7411,4.32E+00,1.639
B_S2_D1_109-bebop_004_.wav,10,488.8393,4.34E+00,27.9018,3.30E+00,1.3127
B_S2_D1_110-bebop_000_.wav,1,48.6118,1.25E+02,0.9766,2.00E+00,62.7934
B_S2_D1_110-bebop_000_.wav,2,100.0893,3.46E+01,0.9766,3.33E+00,10.3747
B_S2_D1_110-bebop_000_.wav,3,146.5988,4.76E+01,1.9531,2.23E+00,21.2982
B_S2_D1_110-bebop_000_.wav,4,196.1469,2.96E+00,30.2734,1.51E+00,1.9626
B_S2_D1_110-bebop_000_.wav,5,247.0703,9.45E+00,25.3906,1.62E+00,5.8159
B_S2_D1_110-bebop_000_.wav,6,292.6206,6.98E+00,26.3672,3.05E+00,2.2897
B_S2_D1_110-bebop_000_.wav,7,344.7266,2.03E+01,16.6016,7.34E+00,2.765
B_S2_D1_110-bebop_000_.wav,8,393.5547,9.12E+00,4.8828,1.32E+01,0.6927
B_S2_D1_110-bebop_000_.wav,9,439.4703,1.06E+02,5.8594,5.45E+00,19.5419
B_S2_D1_110-bebop_000_.wav,10,489.9258,2.56E+00,30.2734,4.56E+00,0.5623
B_S2_D1_110-bebop_001_.wav,1,57.0487,4.25E+02,32.2266,7.90E+01,5.3773
B_S2_D1_110-bebop_001_.wav,2,114.4469,1.25E+02,17.5781,7.04E+01,1.7775
B_S2_D1_110-bebop_001_.wav,3,171.2214,6.14E+01,36.1328,3.39E+01,1.8093
B_S2_D1_110-bebop_001_.wav,4,229.4922,2.19E+01,31.25,1.77E+01,1.2353
B_S2_D1_110-bebop_001_.wav,5,281.0434,2.43E+01,29.2969,1.52E+01,1.597
B_S2_D1_110-bebop_001_.wav,6,339.7167,1.64E+01,39.0625,1.17E+01,1.4078
B_S2_D1_110-bebop_001_.wav,7,394.8482,3.21E+01,1.9531,1.44E+01,2.2388
B_S2_D1_110-bebop_001_.wav,8,450.1953,6.97E+00,13.6719,6.19E+00,1.1268
B_S2_D1_110-bebop_001_.wav,9,506.8359,7.09E+00,36.1328,4.72E+00,1.5034
B_S2_D1_110-bebop_001_.wav,10,565.3512,1.93E+01,22.4609,4.29E+00,4.5079
B_S2_D1_110-bebop_002_.wav,1,59.5913,6.02E+02,29.2969,8.56E+01,7.0293
B_S2_D1_110-bebop_002_.wav,2,122.0703,1.17E+02,33.2031,7.37E+01,1.5927
B_S2_D1_110-bebop_002_.wav,3,175.7812,6.65E+01,36.1328,3.60E+01,1.8447
B_S2_D1_110-bebop_002_.wav,4,237.9873,2.41E+01,35.1562,1.33E+01,1.806
B_S2_D1_110-bebop_002_.wav,5,297.1389,1.71E+01,34.1797,8.28E+00,2.062
B_S2_D1_110-bebop_002_.wav,6,354.4922,2.73E+01,32.2266,9.89E+00,2.7567
B_S2_D1_110-bebop_002_.wav,7,419.9219,6.45E+01,11.7188,1.27E+01,5.0848
B_S2_D1_110-bebop_002_.wav,8,477.7008,4.36E+00,39.0625,4.35E+00,1.0036
B_S2_D1_110-bebop_002_.wav,9,533.2031,6.87E+00,23.4375,4.73E+00,1.4529
B_S2_D1_110-bebop_002_.wav,10,598.6328,5.68E+00,38.0859,3.54E+00,1.6032
B_S2_D1_110-bebop_003_.wav,1,49.9367,4.13E+02,10.7422,6.86E+01,6.0296
B_S2_D1_110-bebop_003_.wav,2,100.2545,1.40E+02,39.0625,8.37E+01,1.6724
B_S2_D1_110-bebop_003_.wav,3,149.7507,6.52E+01,18.5547,4.42E+01,1.4759
B_S2_D1_110-bebop_003_.wav,4,202.1484,3.64E+01,32.2266,2.42E+01,1.5024
B_S2_D1_110-bebop_003_.wav,5,251.9531,1.56E+01,24.4141,9.96E+00,1.5684
B_S2_D1_110-bebop_003_.wav,6,297.6537,1.33E+01,28.3203,5.64E+00,2.3506
B_S2_D1_110-bebop_003_.wav,7,346.3495,3.87E+00,30.2734,5.77E+00,0.6718
B_S2_D1_110-bebop_003_.wav,8,398.6993,8.64E+00,36.1328,1.81E+01,0.4764
B_S2_D1_110-bebop_003_.wav,9,448.25,2.44E+01,32.2266,1.43E+01,1.7093
B_S2_D1_110-bebop_003_.wav,10,497.2484,1.19E+01,31.25,5.57E+00,2.129
B_S2_D1_110-bebop_004_.wav,1,52.4274,1.95E+02,26.7857,5.46E+01,3.5658
B_S2_D1_110-bebop_004_.wav,2,106.2488,1.40E+02,21.2054,5.46E+01,2.5563
B_S2_D1_110-bebop_004_.wav,3,155.1339,3.98E+01,32.3661,2.60E+01,1.5278
B_S2_D1_110-bebop_004_.wav,4,212.1935,1.72E+01,39.0625,1.45E+01,1.1863
B_S2_D1_110-bebop_004_.wav,5,262.61,1.06E+01,37.9464,9.17E+00,1.1531
B_S2_D1_110-bebop_004_.wav,6,317.0681,3.29E+00,39.0625,4.09E+00,0.8036
B_S2_D1_110-bebop_004_.wav,7,370.5357,3.75E+01,2.2321,4.56E+00,8.2296
B_S2_D1_110-bebop_004_.wav,8,422.9911,1.26E+01,3.3482,9.91E+00,1.2747
B_S2_D1_110-bebop_004_.wav,9,469.8661,4.22E+00,7.8125,3.98E+00,1.0587
B_S2_D1_110-bebop_004_.wav,10,526.4276,7.49E+00,33.4821,2.65E+00,2.8301
B_S2_D1_111-bebop_000_.wav,1,55.0104,4.97E+02,24.4141,1.02E+02,4.8448
B_S2_D1_111-bebop_000_.wav,2,108.1164,1.99E+02,39.0625,7.55E+01,2.6318
B_S2_D1_111-bebop_000_.wav,3,162.1667,1.02E+02,36.1328,4.18E+01,2.4435
B_S2_D1_111-bebop_000_.wav,4,221.6797,4.85E+01,28.3203,2.55E+01,1.9038
B_S2_D1_111-bebop_000_.wav,5,270.5078,2.15E+01,39.0625,1.62E+01,1.3256
B_S2_D1_111-bebop_000_.wav,6,327.5501,1.61E+01,36.1328,1.02E+01,1.5806
B_S2_D1_111-bebop_000_.wav,7,380.6512,1.94E+01,5.8594,1.28E+01,1.508
B_S2_D1_111-bebop_000_.wav,8,437.5087,3.96E+01,19.5312,7.49E+00,5.2937
B_S2_D1_111-bebop_000_.wav,9,491.139,4.96E+00,32.2266,3.20E+00,1.55
B_S2_D1_111-bebop_000_.wav,10,549.8047,1.22E+01,32.2266,3.98E+00,3.0539
B_S2_D1_111-bebop_001_.wav,1,45.0263,2.80E+02,16.6016,7.66E+01,3.6573
B_S2_D1_111-bebop_001_.wav,2,88.8211,1.18E+02,33.2031,7.93E+01,1.4913
B_S2_D1_111-bebop_001_.wav,3,131.8359,4.92E+01,38.0859,3.65E+01,1.3488
B_S2_D1_111-bebop_001_.wav,4,176.7578,2.65E+01,7.8125,1.70E+01,1.56
B_S2_D1_111-bebop_001_.wav,5,222.8225,1.73E+01,37.1094,9.49E+00,1.8203
B_S2_D1_111-bebop_001_.wav,6,270.5605,1.76E+01,36.1328,6.58E+00,2.6825
B_S2_D1_111-bebop_001_.wav,7,311.5234,7.64E+00,39.0625,4.11E+00,1.8617
B_S2_D1_111-bebop_001_.wav,8,358.835,3.71E+00,37.1094,4.66E+00,0.7959
B_S2_D1_111-bebop_001_.wav,9,401.3672,3.23E+01,26.3672,8.61E+00,3.7538
B_S2_D1_111-bebop_001_.wav,10,447.9572,5.48E+00,4.8828,4.29E+00,1.2752
B_S2_D1_111-bebop_002_.wav,1,49.7424,2.44E+02,15.625,3.98E+01,6.1432
B_S2_D1_111-bebop_002_.wav,2,100.2811,8.43E+01,38.0859,4.69E+01,1.7996
B_S2_D1_111-bebop_002_.wav,3,150.6477,4.86E+01,38.0859,2.86E+01,1.7002
B_S2_D1_111-bebop_002_.wav,4,199.5455,3.51E+01,23.4375,1.26E+01,2.7801
B_S2_D1_111-bebop_002_.wav,5,247.0008,1.23E+01,39.0625,7.83E+00,1.5664
B_S2_D1_111-bebop_002_.wav,6,300.1501,7.24E+00,34.1797,5.68E+00,1.2742
B_S2_D1_111-bebop_002_.wav,7,345.7031,3.80E+00,0.9766,6.32E+00,0.601
B_S2_D1_111-bebop_002_.wav,8,395.5078,9.10E+01,12.6953,1.01E+01,9.0217
B_S2_D1_111-bebop_002_.wav,9,445.3125,4.11E+00,28.3203,3.38E+00,1.2145
B_S2_D1_111-bebop_002_.wav,10,495.1172,3.48E+00,27.3438,2.29E+00,1.5212
B_S2_D1_111-bebop_003_.wav,1,55.4346,4.16E+02,27.3438,1.08E+02,3.8521
B_S2_D1_111-bebop_003_.wav,2,111.9731,9.85E+01,39.0625,1.28E+02,0.7718
B_S2_D1_111-bebop_003_.wav,3,169.9219,7.26E+01,33.2031,6.04E+01,1.2011
B_S2_D1_111-bebop_003_.wav,4,223.6273,4.66E+01,35.1562,2.60E+01,1.7921
B_S2_D1_111-bebop_003_.wav,5,278.1093,1.99E+01,22.4609,1.71E+01,1.1665
B_S2_D1_111-bebop_003_.wav,6,334.6478,9.92E+00,24.4141,1.06E+01,0.934
B_S2_D1_111-bebop_003_.wav,7,392.5781,6.39E+01,26.3672,1.01E+01,6.3378
B_S2_D1_111-bebop_003_.wav,8,447.6006,7.81E+00,34.1797,5.42E+00,1.4432
B_S2_D1_111-bebop_003_.wav,9,503.1233,6.41E+00,32.2266,3.60E+00,1.7794
B_S2_D1_111-bebop_003_.wav,10,558.2815,5.80E+00,1.9531,2.66E+00,2.1774
B_S2_D1_111-bebop_004_.wav,1,48.255,3.32E+02,4.4643,4.69E+01,7.0814
B_S2_D1_111-bebop_004_.wav,2,92.6339,9.84E+01,36.8304,7.52E+01,1.3082
B_S2_D1_111-bebop_004_.wav,3,140.625,6.77E+01,31.25,3.73E+01,1.8138
B_S2_D1_111-bebop_004_.wav,4,189.3243,3.80E+01,34.5982,1.78E+01,2.1386
B_S2_D1_111-bebop_004_.wav,5,243.3036,1.34E+01,26.7857,8.44E+00,1.5876
B_S2_D1_111-bebop_004_.wav,6,287.9979,1.06E+01,30.1339,5.16E+00,2.0623
B_S2_D1_111-bebop_004_.wav,7,339.2857,6.14E+00,37.9464,5.52E+00,1.1126
B_S2_D1_111-bebop_004_.wav,8,383.1265,2.81E+01,5.5804,8.56E+00,3.2819
B_S2_D1_111-bebop_004_.wav,9,429.6875,3.90E+01,22.3214,5.25E+00,7.433
B_S2_D1_111-bebop_004_.wav,10,483.2589,4.23E+00,37.9464,2.54E+00,1.663
B_S2_D1_112-bebop_000_.wav,1,49.0005,2.74E+02,9.7656,3.15E+01,8.7083
B_S2_D1_112-bebop_000_.wav,2,100.5859,3.78E+01,36.1328,3.58E+01,1.0554
B_S2_D1_112-bebop_000_.wav,3,143.5547,4.75E+01,20.5078,1.89E+01,2.5086
B_S2_D1_112-bebop_000_.wav,4,194.5549,1.12E+01,12.6953,8.94E+00,1.2528
B_S2_D1_112-bebop_000_.wav,5,241.2109,1.26E+01,35.1562,6.84E+00,1.8434
B_S2_D1_112-bebop_000_.wav,6,291.901,3.78E+00,3.9062,2.89E+00,1.3088
B_S2_D1_112-bebop_000_.wav,7,338.8672,4.78E+00,38.0859,2.59E+00,1.8419
B_S2_D1_112-bebop_000_.wav,8,393.5547,1.04E+02,13.6719,4.66E+00,22.3452
B_S2_D1_112-bebop_000_.wav,9,442.3828,3.31E+00,36.1328,2.38E+00,1.3906
B_S2_D1_112-bebop_000_.wav,10,486.5849,3.02E+00,38.0859,2.15E+00,1.4018
B_S2_D1_112-bebop_001_.wav,1,68.002,3.83E+02,18.5547,1.28E+02,2.9999
B_S2_D1_112-bebop_001_.wav,2,137.0209,7.50E+01,8.7891,7.41E+01,1.0118
B_S2_D1_112-bebop_001_.wav,3,206.1811,6.65E+01,38.0859,4.50E+01,1.4799
B_S2_D1_112-bebop_001_.wav,4,273.3346,5.11E+01,23.4375,2.49E+01,2.0537
B_S2_D1_112-bebop_001_.wav,5,341.6104,2.45E+01,38.0859,1.76E+01,1.3966
B_S2_D1_112-bebop_001_.wav,6,409.6572,1.42E+01,33.2031,1.54E+01,0.9231
B_S2_D1_112-bebop_001_.wav,7,481.4453,8.93E+00,29.2969,6.12E+00,1.46
B_S2_D1_112-bebop_001_.wav,8,543.9453,6.83E+00,38.0859,5.77E+00,1.1836
B_S2_D1_112-bebop_001_.wav,9,618.1641,8.57E+00,25.3906,4.13E+00,2.076
B_S2_D1_112-bebop_001_.wav,10,684.6538,6.66E+00,34.1797,5.48E+00,1.2162
B_S2_D1_112-bebop_002_.wav,1,51.2954,2.89E+02,11.7188,5.01E+01,5.7767
B_S2_D1_112-bebop_002_.wav,2,101.5035,1.03E+02,38.0859,5.50E+01,1.877
B_S2_D1_112-bebop_002_.wav,3,156.5484,4.64E+01,39.0625,2.70E+01,1.7171
B_S2_D1_112-bebop_002_.wav,4,208.9495,2.05E+01,38.0859,1.29E+01,1.5865
B_S2_D1_112-bebop_002_.wav,5,255.8594,1.30E+01,37.1094,1.10E+01,1.1848
B_S2_D1_112-bebop_002_.wav,6,307.6172,1.99E+01,6.8359,9.45E+00,2.1064
B_S2_D1_112-bebop_002_.wav,7,364.2441,1.61E+01,38.0859,1.13E+01,1.4248
B_S2_D1_112-bebop_002_.wav,8,414.7834,1.94E+01,2.9297,1.48E+01,1.3056
B_S2_D1_112-bebop_002_.wav,9,462.8906,3.20E+01,14.6484,8.18E+00,3.9116
B_S2_D1_112-bebop_002_.wav,10,518.3651,5.26E+00,38.0859,3.78E+00,1.3905
B_S2_D1_112-bebop_003_.wav,1,60.4922,2.99E+02,31.25,6.35E+01,4.7099
B_S2_D1_112-bebop_003_.wav,2,121.9245,6.82E+01,17.5781,3.68E+01,1.8502
B_S2_D1_112-bebop_003_.wav,3,178.7109,1.86E+01,34.1797,1.41E+01,1.3194
B_S2_D1_112-bebop_003_.wav,4,239.2578,2.46E+01,36.1328,9.61E+00,2.5566
B_S2_D1_112-bebop_003_.wav,5,305.6641,8.20E+00,35.1562,4.62E+00,1.7748
B_S2_D1_112-bebop_003_.wav,6,364.4077,5.54E+00,36.1328,5.14E+00,1.0777
B_S2_D1_112-bebop_003_.wav,7,420.8984,2.19E+01,7.8125,6.43E+00,3.4036
B_S2_D1_112-bebop_003_.wav,8,484.5524,1.62E+00,39.0625,2.22E+00,0.7336
B_S2_D1_112-bebop_003_.wav,9,546.7646,6.13E+00,17.5781,2.68E+00,2.283
B_S2_D1_112-bebop_003_.wav,10,603.1412,5.47E+00,38.0859,1.99E+00,2.7424
B_S2_D1_112-bebop_004_.wav,1,63.2862,3.80E+02,39.0625,1.09E+02,3.4933
B_S2_D1_112-bebop_004_.wav,2,128.984,9.21E+01,37.1094,6.76E+01,1.3624
B_S2_D1_112-bebop_004_.wav,3,191.2497,9.26E+01,37.1094,4.22E+01,2.1936
B_S2_D1_112-bebop_004_.wav,4,255.1457,2.75E+01,30.2734,2.33E+01,1.182
B_S2_D1_112-bebop_004_.wav,5,317.7216,2.33E+01,19.5312,1.69E+01,1.3776
B_S2_D1_112-bebop_004_.wav,6,380.9683,2.59E+01,39.0625,1.74E+01,1.4899
B_S2_D1_112-bebop_004_.wav,7,442.6849,4.24E+01,14.6484,8.49E+00,4.9948
B_S2_D1_112-bebop_004_.wav,8,504.8828,6.76E+00,34.1797,4.07E+00,1.6627
B_S2_D1_112-bebop_004_.wav,9,569.3664,3.66E+00,31.25,3.27E+00,1.1208
B_S2_D1_112-bebop_004_.wav,10,635.4164,3.72E+00,34.1797,3.34E+00,1.1158
B_S2_D1_113-bebop_000_.wav,1,55.9108,4.07E+02,27.3438,8.32E+01,4.8996
B_S2_D1_113-bebop_000_.wav,2,113.263,1.84E+02,38.0859,8.67E+01,2.1202
B_S2_D1_113-bebop_000_.wav,3,166.1281,6.89E+01,37.1094,5.58E+01,1.2355
B_S2_D1_113-bebop_000_.wav,4,223.8578,3.95E+01,35.1562,2.66E+01,1.4866
B_S2_D1_113-bebop_000_.wav,5,275.9609,2.63E+01,39.0625,2.17E+01,1.2122
B_S2_D1_113-bebop_000_.wav,6,331.0547,2.27E+01,38.0859,1.79E+01,1.2671
B_S2_D1_113-bebop_000_.wav,7,392.5781,1.26E+01,1.9531,1.70E+01,0.7414
B_S2_D1_113-bebop_000_.wav,8,443.1922,1.95E+01,10.7422,9.63E+00,2.0229
B_S2_D1_113-bebop_000_.wav,9,499.3077,6.42E+00,28.3203,3.86E+00,1.666
B_S2_D1_113-bebop_000_.wav,10,559.0306,8.03E+00,14.6484,3.75E+00,2.1436
B_S2_D1_113-bebop_001_.wav,1,49.0381,6.71E+02,24.4141,1.19E+02,5.6434
B_S2_D1_113-bebop_001_.wav,2,94.7266,3.57E+02,29.2969,2.01E+02,1.774
B_S2_D1_113-bebop_001_.wav,3,143.5547,1.40E+02,24.4141,8.93E+01,1.566
B_S2_D1_113-bebop_001_.wav,4,194.8016,6.84E+01,32.2266,5.44E+01,1.258
B_S2_D1_113-bebop_001_.wav,5,241.2109,8.51E+01,23.4375,4.51E+01,1.8852
B_S2_D1_113-bebop_001_.wav,6,293.6542,3.73E+01,39.0625,2.88E+01,1.2954
B_S2_D1_113-bebop_001_.wav,7,344.7266,2.60E+01,36.1328,2.06E+01,1.2624
B_S2_D1_113-bebop_001_.wav,8,392.5829,1.63E+01,8.7891,1.45E+01,1.1203
B_S2_D1_113-bebop_001_.wav,9,438.5036,5.71E+01,28.3203,1.28E+01,4.4491
B_S2_D1_113-bebop_001_.wav,10,485.3516,1.54E+01,21.4844,7.62E+00,2.0221
B_S2_D1_113-bebop_002_.wav,1,64.4193,7.50E+01,37.1094,2.68E+01,2.8014
B_S2_D1_113-bebop_002_.wav,2,127.9517,1.83E+01,39.0625,2.03E+01,0.9027
B_S2_D1_113-bebop_002_.wav,3,196.2891,8.69E+00,28.3203,8.44E+00,1.0295
B_S2_D1_113-bebop_002_.wav,4,254.8828,2.43E+01,4.8828,5.16E+00,4.7119
B_S2_D1_113-bebop_002_.wav,5,325.1953,2.49E+00,39.0625,3.12E+00,0.7977
B_S2_D1_113-bebop_002_.wav,6,383.7891,8.46E+01,24.4141,1.91E+01,4.4262
B_S2_D1_113-bebop_002_.wav,7,452.335,8.16E+00,20.5078,3.93E+00,2.0784
B_S2_D1_113-bebop_002_.wav,8,512.6953,8.09E+00,23.4375,3.33E+00,2.4281
B_S2_D1_113-bebop_002_.wav,9,577.1484,4.91E+00,6.8359,2.84E+00,1.7304
B_S2_D1_113-bebop_002_.wav,10,643.2773,4.78E+00,30.2734,3.32E+00,1.4395
B_S2_D1_113-bebop_003_.wav,1,67.3599,5.18E+02,31.25,1.70E+02,3.0448
B_S2_D1_113-bebop_003_.wav,2,137.1227,1.53E+02,38.0859,1.09E+02,1.3988
B_S2_D1_113-bebop_003_.wav,3,200.2104,1.11E+02,32.2266,8.32E+01,1.3342
B_S2_D1_113-bebop_003_.wav,4,270.7405,7.01E+01,39.0625,5.45E+01,1.2847
B_S2_D1_113-bebop_003_.wav,5,338.5331,4.10E+01,39.0625,3.08E+01,1.3313
B_S2_D1_113-bebop_003_.wav,6,407.2266,4.26E+01,17.5781,3.08E+01,1.3829
B_S2_D1_113-bebop_003_.wav,7,468.75,9.93E+00,10.7422,1.23E+01,0.8043
B_S2_D1_113-bebop_003_.wav,8,536.1328,2.72E+01,35.1562,1.22E+01,2.2206
B_S2_D1_113-bebop_003_.wav,9,606.6332,1.10E+01,39.0625,9.49E+00,1.1613
B_S2_D1_113-bebop_003_.wav,10,670.8984,1.02E+01,38.0859,9.12E+00,1.1154
B_S2_D1_113-bebop_004_.wav,1,48.4038,1.51E+02,23.4375,2.08E+01,7.2676
B_S2_D1_113-bebop_004_.wav,2,95.7245,6.34E+01,32.3661,3.51E+01,1.8041
B_S2_D1_113-bebop_004_.wav,3,146.2054,2.24E+01,20.0893,1.62E+01,1.3791
B_S2_D1_113-bebop_004_.wav,4,193.9523,1.18E+01,31.25,7.97E+00,1.4834
B_S2_D1_113-bebop_004_.wav,5,243.3036,8.96E+00,17.8571,6.21E+00,1.4423
B_S2_D1_113-bebop_004_.wav,6,288.0666,9.45E+00,25.6696,4.11E+00,2.2957
B_S2_D1_113-bebop_004_.wav,7,332.5893,5.95E+00,2.2321,4.86E+00,1.2241
B_S2_D1_113-bebop_004_.wav,8,383.8232,1.51E+01,37.9464,1.29E+01,1.1717
B_S2_D1_113-bebop_004_.wav,9,430.3415,6.92E+01,13.3929,1.11E+01,6.2307
B_S2_D1_113-bebop_004_.wav,10,479.8121,5.75E+00,13.3929,3.67E+00,1.5649
B_S2_D1_114-bebop_000_.wav,1,48.7039,1.38E+02,0.9766,3.13E+00,44.1972
B_S2_D1_114-bebop_000_.wav,2,100.5859,3.95E+01,0.9766,5.21E+00,7.5802
B_S2_D1_114-bebop_000_.wav,3,148.7812,2.52E+01,2.9297,2.20E+00,11.493
B_S2_D1_114-bebop_000_.wav,4,194.8103,3.44E+00,26.3672,1.22E+00,2.8083
B_S2_D1_114-bebop_000_.wav,5,245.9213,5.36E+00,16.6016,2.44E+00,2.199
B_S2_D1_114-bebop_000_.wav,6,291.2786,3.05E+00,1.9531,2.52E+00,1.2087
B_S2_D1_114-bebop_000_.wav,7,342.0715,3.50E+00,7.8125,2.95E+00,1.1866
B_S2_D1_114-bebop_000_.wav,8,387.6953,2.00E+01,30.2734,1.25E+01,1.5988
B_S2_D1_114-bebop_000_.wav,9,439.6634,6.63E+01,25.3906,9.98E+00,6.6479
B_S2_D1_114-bebop_000_.wav,10,491.2109,4.52E+00,36.1328,3.52E+00,1.2835
B_S2_D1_114-bebop_001_.wav,1,48.3513,7.28E+01,0.9766,1.98E+00,36.6898
B_S2_D1_114-bebop_001_.wav,2,100.0908,3.87E+01,0.9766,4.17E+00,9.2749
B_S2_D1_114-bebop_001_.wav,3,143.5547,6.26E+00,13.6719,2.34E+00,2.6813
B_S2_D1_114-bebop_001_.wav,4,193.1178,1.66E+00,17.5781,1.17E+00,1.4233
B_S2_D1_114-bebop_001_.wav,5,246.3712,3.70E+00,25.3906,2.30E+00,1.6051
B_S2_D1_114-bebop_001_.wav,6,290.0391,3.02E+00,3.9062,2.12E+00,1.4246
B_S2_D1_114-bebop_001_.wav,7,344.7266,5.15E+00,7.8125,4.12E+00,1.2516
B_S2_D1_114-bebop_001_.wav,8,389.3275,4.94E+01,22.4609,1.61E+01,3.0749
B_S2_D1_114-bebop_001_.wav,9,436.5234,2.77E+01,5.8594,7.78E+00,3.5551
B_S2_D1_114-bebop_001_.wav,10,491.2109,6.57E+00,8.7891,3.48E+00,1.8868
B_S2_D1_114-bebop_002_.wav,1,48.5798,1.03E+02,0.9766,2.27E+00,45.2848
B_S2_D1_114-bebop_002_.wav,2,100.0913,3.93E+01,0.9766,3.72E+00,10.5536
B_S2_D1_114-bebop_002_.wav,3,145.4782,1.22E+01,14.6484,1.70E+00,7.1676
B_S2_D1_114-bebop_002_.wav,4,197.4642,2.00E+00,34.1797,1.07E+00,1.8725
B_S2_D1_114-bebop_002_.wav,5,245.244,3.98E+00,12.6953,1.83E+00,2.178
B_S2_D1_114-bebop_002_.wav,6,293.7037,2.44E+00,13.6719,2.18E+00,1.1193
B_S2_D1_114-bebop_002_.wav,7,344.7266,2.46E+00,11.7188,2.27E+00,1.0856
B_S2_D1_114-bebop_002_.wav,8,393.5547,2.17E+01,25.3906,1.33E+01,1.6297
B_S2_D1_114-bebop_002_.wav,9,437.5668,3.76E+01,20.5078,7.69E+00,4.882
B_S2_D1_114-bebop_002_.wav,10,486.5973,3.89E+00,34.1797,2.88E+00,1.351
B_S2_D1_114-bebop_003_.wav,1,48.6958,1.61E+02,0.9766,3.73E+00,43.1829
B_S2_D1_114-bebop_003_.wav,2,100.0942,3.97E+01,0.9766,4.87E+00,8.1601
B_S2_D1_114-bebop_003_.wav,3,145.3471,7.87E+00,7.8125,2.12E+00,3.7086
B_S2_D1_114-bebop_003_.wav,4,193.3151,2.65E+00,31.25,1.07E+00,2.491
B_S2_D1_114-bebop_003_.wav,5,241.2109,1.89E+00,5.8594,1.25E+00,1.5052
B_S2_D1_114-bebop_003_.wav,6,291.0941,2.14E+00,28.3203,1.51E+00,1.421
B_S2_D1_114-bebop_003_.wav,7,338.8672,2.37E+00,39.0625,1.64E+00,1.4473
B_S2_D1_114-bebop_003_.wav,8,391.9283,4.14E+01,14.6484,8.61E+00,4.8061
B_S2_D1_114-bebop_003_.wav,9,442.3828,6.69E+00,3.9062,3.09E+00,2.165
B_S2_D1_114-bebop_003_.wav,10,486.5016,1.51E+00,29.2969,1.58E+00,0.9581
B_S2_D1_114-bebop_004_.wav,1,48.5923,1.77E+02,1.1161,2.65E+00,66.9677
B_S2_D1_114-bebop_004_.wav,2,100.1678,3.69E+01,1.1161,4.12E+00,8.9554
B_S2_D1_114-bebop_004_.wav,3,145.0893,8.53E+00,16.7411,2.79E+00,3.0582
B_S2_D1_114-bebop_004_.wav,4,199.7768,4.23E+00,1.1161,1.31E+00,3.2308
B_S2_D1_114-bebop_004_.wav,5,248.8839,1.79E+00,2.2321,1.78E+00,1.0033
B_S2_D1_114-bebop_004_.wav,6,297.9911,3.57E+00,35.7143,3.83E+00,0.9331
B_S2_D1_114-bebop_004_.wav,7,343.54,3.39E+01,15.625,9.06E+00,3.744
B_S2_D1_114-bebop_004_.wav,8,395.1156,7.44E+01,8.9286,1.71E+01,4.3546
B_S2_D1_114-bebop_004_.wav,9,444.053,1.00E+01,37.9464,6.98E+00,1.4374
B_S2_D1_114-bebop_004_.wav,10,493.6479,9.85E+00,22.3214,4.69E+00,2.0989
B_S2_D1_115-bebop_000_.wav,1,48.6562,1.74E+02,0.9766,2.31E+00,74.9969
B_S2_D1_115-bebop_000_.wav,2,100.0495,3.83E+01,19.5312,3.56E+00,10.7696
B_S2_D1_115-bebop_000_.wav,3,148.2563,1.23E+01,5.8594,1.77E+00,6.9383
B_S2_D1_115-bebop_000_.wav,4,195.5416,2.81E+00,4.8828,1.43E+00,1.9608
B_S2_D1_115-bebop_000_.wav,5,244.3137,6.86E+00,23.4375,1.82E+00,3.7754
B_S2_D1_115-bebop_000_.wav,6,291.2731,3.35E+00,36.1328,1.83E+00,1.8343
B_S2_D1_115-bebop_000_.wav,7,342.8002,9.24E+00,7.8125,4.47E+00,2.0646
B_S2_D1_115-bebop_000_.wav,8,392.8825,2.31E+01,39.0625,2.24E+01,1.0337
B_S2_D1_115-bebop_000_.wav,9,436.5234,1.75E+01,15.625,8.20E+00,2.1407
B_S2_D1_115-bebop_000_.wav,10,489.3653,2.52E+00,35.1562,2.47E+00,1.0212
B_S2_D1_115-bebop_001_.wav,1,48.6125,7.46E+01,0.9766,2.90E+00,25.7644
B_S2_D1_115-bebop_001_.wav,2,100.0969,3.70E+01,0.9766,3.72E+00,9.9421
B_S2_D1_115-bebop_001_.wav,3,147.2671,2.61E+01,5.8594,1.83E+00,14.2321
B_S2_D1_115-bebop_001_.wav,4,192.3828,2.39E+00,35.1562,1.27E+00,1.8733
B_S2_D1_115-bebop_001_.wav,5,243.993,3.69E+00,30.2734,1.47E+00,2.5161
B_S2_D1_115-bebop_001_.wav,6,294.5255,2.80E+00,17.5781,1.48E+00,1.8961
B_S2_D1_115-bebop_001_.wav,7,343.8475,7.38E+00,11.7188,3.36E+00,2.1919
B_S2_D1_115-bebop_001_.wav,8,389.8171,7.92E+00,0,6.23E+00,1.2704
B_S2_D1_115-bebop_001_.wav,9,442.3828,1.54E+02,15.625,5.07E+00,30.4703
B_S2_D1_115-bebop_001_.wav,10,487.2283,1.06E+01,25.3906,3.48E+00,3.034
B_S2_D1_115-bebop_002_.wav,1,100.092,4.05E+01,0.9766,3.45E+00,11.7348
B_S2_D1_115-bebop_002_.wav,2,200.1824,4.83E+00,11.7188,1.06E+00,4.5611
B_S2_D1_115-bebop_002_.wav,3,300.4056,2.51E+00,35.1562,1.84E+00,1.3606
B_S2_D1_115-bebop_002_.wav,4,397.7595,5.80E+01,39.0625,1.30E+01,4.4549
B_S2_D1_115-bebop_002_.wav,5,500.462,4.50E+00,35.1562,2.53E+00,1.7796
B_S2_D1_115-bebop_002_.wav,6,597.0033,2.76E+00,39.0625,2.76E+00,1
B_S2_D1_115-bebop_002_.wav,7,697.2349,2.73E+01,32.2266,7.43E+00,3.6781
B_S2_D1_115-bebop_002_.wav,8,797.2536,2.18E+01,29.2969,1.21E+01,1.8055
B_S2_D1_115-bebop_002_.wav,9,896.5621,1.04E+01,32.2266,6.43E+00,1.6255
B_S2_D1_115-bebop_002_.wav,10,993.1641,9.34E+00,23.4375,4.63E+00,2.0142
B_S2_D1_115-bebop_003_.wav,1,48.5837,1.28E+02,0.9766,2.25E+00,56.7861
B_S2_D1_115-bebop_003_.wav,2,100.5859,3.81E+01,0.9766,4.10E+00,9.3054
B_S2_D1_115-bebop_003_.wav,3,149.4141,2.11E+01,14.6484,2.47E+00,8.5552
B_S2_D1_115-bebop_003_.wav,4,192.3828,1.66E+00,18.5547,1.80E+00,0.9204
B_S2_D1_115-bebop_003_.wav,5,245.7716,4.75E+00,34.1797,2.75E+00,1.727
B_S2_D1_115-bebop_003_.wav,6,295.0772,8.87E+00,1.9531,3.69E+00,2.4038
B_S2_D1_115-bebop_003_.wav,7,344.7266,3.88E+01,10.7422,1.01E+01,3.8313
B_S2_D1_115-bebop_003_.wav,8,388.5465,5.11E+01,0.9766,2.06E+01,2.4828
B_S2_D1_115-bebop_003_.wav,9,438.8395,4.86E+01,28.3203,1.49E+01,3.2491
B_S2_D1_115-bebop_003_.wav,10,491.2109,4.30E+00,17.5781,3.10E+00,1.3857
B_S2_D1_115-bebop_004_.wav,1,54.6058,7.88E+02,21.2054,1.71E+02,4.6031
B_S2_D1_115-bebop_004_.wav,2,107.6844,2.38E+02,21.2054,1.75E+02,1.3614
B_S2_D1_115-bebop_004_.wav,3,163.6263,1.42E+02,39.0625,1.14E+02,1.2441
B_S2_D1_115-bebop_004_.wav,4,220.9821,1.17E+02,20.0893,1.16E+02,1.0127
B_S2_D1_115-bebop_004_.wav,5,274.184,1.06E+02,35.7143,9.17E+01,1.1516
B_S2_D1_115-bebop_004_.wav,6,324.7768,5.70E+01,37.9464,5.04E+01,1.1318
B_S2_D1_115-bebop_004_.wav,7,381.0792,7.50E+01,29.0179,4.28E+01,1.7509
B_S2_D1_115-bebop_004_.wav,8,439.8741,5.41E+01,32.3661,2.82E+01,1.9174
B_S2_D1_115-bebop_004_.wav,9,493.978,2.38E+01,39.0625,1.71E+01,1.3891
B_S2_D1_115-bebop_004_.wav,10,545.2294,1.90E+01,12.2768,1.47E+01,1.2881
B_S2_D1_116-bebop_000_.wav,1,53.5862,4.92E+02,19.5312,8.73E+01,5.6329
B_S2_D1_116-bebop_000_.wav,2,105.774,1.37E+02,34.1797,8.64E+01,1.5825
B_S2_D1_116-bebop_000_.wav,3,158.2031,5.15E+01,36.1328,4.87E+01,1.0574
B_S2_D1_116-bebop_000_.wav,4,214.7017,5.84E+01,30.2734,2.52E+01,2.3152
B_S2_D1_116-bebop_000_.wav,5,271.4844,2.35E+01,19.5312,1.35E+01,1.7361
B_S2_D1_116-bebop_000_.wav,6,320.1778,2.51E+01,31.25,9.96E+00,2.5158
B_S2_D1_116-bebop_000_.wav,7,374.7328,1.30E+01,6.8359,1.20E+01,1.0816
B_S2_D1_116-bebop_000_.wav,8,431.56,8.77E+00,2.9297,5.34E+00,1.6438
B_S2_D1_116-bebop_000_.wav,9,481.6874,2.87E+00,37.1094,3.12E+00,0.9186
B_S2_D1_116-bebop_000_.wav,10,538.8628,1.03E+01,30.2734,3.35E+00,3.0651
B_S2_D1_116-bebop_001_.wav,1,48.9084,5.01E+02,16.6016,7.24E+01,6.922
B_S2_D1_116-bebop_001_.wav,2,100.5859,2.69E+02,28.3203,7.27E+01,3.7086
B_S2_D1_116-bebop_001_.wav,3,143.5547,3.89E+01,36.1328,4.40E+01,0.8832
B_S2_D1_116-bebop_001_.wav,4,193.0719,6.24E+01,36.1328,3.22E+01,1.9374
B_S2_D1_116-bebop_001_.wav,5,244.456,4.74E+01,34.1797,2.11E+01,2.2454
B_S2_D1_116-bebop_001_.wav,6,291.9488,3.61E+01,35.1562,1.47E+01,2.4467
B_S2_D1_116-bebop_001_.wav,7,338.8672,1.48E+01,36.1328,1.31E+01,1.1256
B_S2_D1_116-bebop_001_.wav,8,389.3618,9.51E+01,20.5078,1.68E+01,5.6609
B_S2_D1_116-bebop_001_.wav,9,441.7551,1.48E+01,19.5312,6.49E+00,2.2739
B_S2_D1_116-bebop_001_.wav,10,489.3899,7.62E+00,33.2031,4.03E+00,1.89
B_S2_D1_116-bebop_002_.wav,1,45.4022,5.35E+02,16.6016,9.38E+01,5.7095
B_S2_D1_116-bebop_002_.wav,2,89.2772,1.93E+02,19.5312,1.20E+02,1.6087
B_S2_D1_116-bebop_002_.wav,3,135.6903,1.60E+02,36.1328,6.31E+01,2.5377
B_S2_D1_116-bebop_002_.wav,4,179.2962,4.94E+01,39.0625,3.58E+01,1.3787
B_S2_D1_116-bebop_002_.wav,5,221.6797,3.16E+01,32.2266,2.36E+01,1.338
B_S2_D1_116-bebop_002_.wav,6,268.2184,2.71E+01,36.1328,1.87E+01,1.4463
B_S2_D1_116-bebop_002_.wav,7,315.9773,1.59E+01,28.3203,1.43E+01,1.1093
B_S2_D1_116-bebop_002_.wav,8,361.6603,2.67E+01,10.7422,1.54E+01,1.7333
B_S2_D1_116-bebop_002_.wav,9,407.2266,2.49E+01,21.4844,1.64E+01,1.5158
B_S2_D1_116-bebop_002_.wav,10,449.8164,8.21E+00,28.3203,4.73E+00,1.7372
B_S2_D1_116-bebop_003_.wav,1,48.6737,5.10E+02,15.625,8.70E+01,5.8624
B_S2_D1_116-bebop_003_.wav,2,98.1597,9.41E+01,24.4141,9.73E+01,0.9673
B_S2_D1_116-bebop_003_.wav,3,143.5547,9.73E+01,36.1328,6.16E+01,1.58
B_S2_D1_116-bebop_003_.wav,4,195.8984,8.89E+01,39.0625,5.01E+01,1.7746
B_S2_D1_116-bebop_003_.wav,5,244.362,3.04E+01,24.4141,2.52E+01,1.2084
B_S2_D1_116-bebop_003_.wav,6,290.0391,1.80E+01,35.1562,1.50E+01,1.1991
B_S2_D1_116-bebop_003_.wav,7,342.0812,2.99E+01,19.5312,1.50E+01,1.9999
B_S2_D1_116-bebop_003_.wav,8,393.5547,2.14E+01,22.4609,1.49E+01,1.4367
B_S2_D1_116-bebop_003_.wav,9,436.5234,1.11E+02,4.8828,9.41E+00,11.7649
B_S2_D1_116-bebop_003_.wav,10,490.5108,9.04E+00,39.0625,6.20E+00,1.4579
B_S2_D1_116-bebop_004_.wav,1,74.795,4.32E+02,25.6696,1.19E+02,3.6261
B_S2_D1_116-bebop_004_.wav,2,148.2614,1.65E+02,36.8304,5.65E+01,2.9156
B_S2_D1_116-bebop_004_.wav,3,226.7906,2.45E+01,6.6964,2.78E+01,0.8803
B_S2_D1_116-bebop_004_.wav,4,296.875,3.90E+01,27.9018,1.50E+01,2.6006
B_S2_D1_116-bebop_004_.wav,5,371.6518,4.18E+01,6.6964,1.68E+01,2.4923
B_S2_D1_116-bebop_004_.wav,6,447.1846,1.13E+01,10.0446,8.01E+00,1.4068
B_S2_D1_116-bebop_004_.wav,7,526.7857,7.14E+00,18.9732,4.88E+00,1.4625
B_S2_D1_116-bebop_004_.wav,8,597.7952,4.85E+00,37.9464,5.38E+00,0.9019
B_S2_D1_116-bebop_004_.wav,9,675.7064,4.25E+00,31.25,4.75E+00,0.8946
B_S2_D1_116-bebop_004_.wav,10,748.3601,1.39E+01,34.5982,7.92E+00,1.752
B_S2_D1_117-bebop_000_.wav,1,88.7462,4.68E+02,6.8359,1.45E+02,3.2325
B_S2_D1_117-bebop_000_.wav,2,178.4438,5.56E+01,27.3438,3.52E+01,1.5779
B_S2_D1_117-bebop_000_.wav,3,267.8286,2.89E+01,35.1562,1.66E+01,1.7435
B_S2_D1_117-bebop_000_.wav,4,356.8397,4.27E+01,35.1562,1.44E+01,2.9765
B_S2_D1_117-bebop_000_.wav,5,441.4062,2.21E+01,14.6484,7.74E+00,2.8518
B_S2_D1_117-bebop_000_.wav,6,531.8554,5.00E+00,29.2969,3.38E+00,1.4798
B_S2_D1_117-bebop_000_.wav,7,623.2624,9.98E+00,17.5781,2.66E+00,3.7548
B_S2_D1_117-bebop_000_.wav,8,710.33,1.30E+01,23.4375,5.56E+00,2.3342
B_S2_D1_117-bebop_000_.wav,9,801.0301,8.03E+00,38.0859,6.52E+00,1.231
B_S2_D1_117-bebop_000_.wav,10,889.8288,9.89E+00,9.7656,6.19E+00,1.5991
B_S2_D1_117-bebop_001_.wav,1,61.1324,4.56E+02,30.2734,1.19E+02,3.8324
B_S2_D1_117-bebop_001_.wav,2,120.1172,5.52E+01,28.3203,7.07E+01,0.781
B_S2_D1_117-bebop_001_.wav,3,181.6406,5.86E+01,38.0859,3.43E+01,1.7077
B_S2_D1_117-bebop_001_.wav,4,244.2471,2.66E+01,37.1094,1.76E+01,1.5144
B_S2_D1_117-bebop_001_.wav,5,310.5469,7.70E+00,38.0859,1.10E+01,0.7012
B_S2_D1_117-bebop_001_.wav,6,369.1922,4.23E+01,21.4844,8.31E+00,5.0929
B_S2_D1_117-bebop_001_.wav,7,432.8207,1.69E+01,1.9531,6.07E+00,2.7794
B_S2_D1_117-bebop_001_.wav,8,489.2578,1.01E+01,32.2266,4.67E+00,2.1524
B_S2_D1_117-bebop_001_.wav,9,556.6406,3.89E+00,28.3203,4.19E+00,0.9282
B_S2_D1_117-bebop_001_.wav,10,616.904,7.84E+00,31.25,3.79E+00,2.0676
B_S2_D1_117-bebop_002_.wav,1,54.2789,4.42E+02,22.4609,7.74E+01,5.7163
B_S2_D1_117-bebop_002_.wav,2,106.4453,1.74E+02,32.2266,8.24E+01,2.1151
B_S2_D1_117-bebop_002_.wav,3,163.4027,6.56E+01,39.0625,3.94E+01,1.6647
B_S2_D1_117-bebop_002_.wav,4,216.8146,3.41E+01,34.1797,2.44E+01,1.4012
B_S2_D1_117-bebop_002_.wav,5,274.4524,2.19E+01,39.0625,1.35E+01,1.6303
B_S2_D1_117-bebop_002_.wav,6,326.2213,2.01E+01,38.0859,1.01E+01,1.9987
B_S2_D1_117-bebop_002_.wav,7,385.7422,4.08E+01,5.8594,1.33E+01,3.0726
B_S2_D1_117-bebop_002_.wav,8,439.6202,1.19E+01,1.9531,6.34E+00,1.8805
B_S2_D1_117-bebop_002_.wav,9,494.3248,7.69E+00,38.0859,4.58E+00,1.6809
B_S2_D1_117-bebop_002_.wav,10,548.2593,9.16E+00,33.2031,4.53E+00,2.0229
B_S2_D1_117-bebop_003_.wav,1,60.802,3.90E+02,38.0859,9.31E+01,4.1889
B_S2_D1_117-bebop_003_.wav,2,121.0255,1.21E+02,39.0625,7.88E+01,1.5373
B_S2_D1_117-bebop_003_.wav,3,181.9774,1.20E+02,21.4844,3.90E+01,3.0749
B_S2_D1_117-bebop_003_.wav,4,242.1325,4.79E+01,37.1094,2.11E+01,2.2737
B_S2_D1_117-bebop_003_.wav,5,299.8047,1.44E+01,37.1094,1.31E+01,1.0939
B_S2_D1_117-bebop_003_.wav,6,360.3516,1.49E+01,37.1094,1.09E+01,1.368
B_S2_D1_117-bebop_003_.wav,7,420.8984,2.05E+01,11.7188,6.21E+00,3.2982
B_S2_D1_117-bebop_003_.wav,8,485.6232,5.56E+00,37.1094,3.48E+00,1.5981
B_S2_D1_117-bebop_003_.wav,9,542.8906,1.28E+01,18.5547,3.14E+00,4.0739
B_S2_D1_117-bebop_003_.wav,10,606.0367,5.08E+00,27.3438,2.17E+00,2.3444
B_S2_D1_117-bebop_004_.wav,1,65.24,3.51E+02,31.25,9.20E+01,3.8119
B_S2_D1_117-bebop_004_.wav,2,131.5781,9.76E+01,31.25,5.11E+01,1.9104
B_S2_D1_117-bebop_004_.wav,3,197.5446,3.75E+01,22.3214,2.57E+01,1.4575
B_S2_D1_117-bebop_004_.wav,4,256.6964,3.27E+01,32.3661,1.64E+01,1.9967
B_S2_D1_117-bebop_004_.wav,5,327.0089,1.52E+01,34.5982,9.12E+00,1.6663
B_S2_D1_117-bebop_004_.wav,6,385.0446,5.41E+01,33.4821,1.33E+01,4.0646
B_S2_D1_117-bebop_004_.wav,7,455.6441,6.29E+00,35.7143,2.84E+00,2.2114
B_S2_D1_117-bebop_004_.wav,8,515.7302,5.84E+00,20.0893,3.39E+00,1.7253
B_S2_D1_117-bebop_004_.wav,9,581.2011,2.70E+00,33.4821,2.70E+00,1
B_S2_D1_117-bebop_004_.wav,10,650.6696,5.71E+00,4.4643,2.90E+00,1.9663
B_S2_D1_118-bebop_000_.wav,1,60.4775,5.59E+02,21.4844,9.50E+01,5.8791
B_S2_D1_118-bebop_000_.wav,2,122.3156,1.45E+02,29.2969,6.39E+01,2.2632
B_S2_D1_118-bebop_000_.wav,3,183.6193,4.85E+01,38.0859,2.74E+01,1.7683
B_S2_D1_118-bebop_000_.wav,4,245.1172,3.61E+01,30.2734,1.57E+01,2.3001
B_S2_D1_118-bebop_000_.wav,5,303.915,2.87E+01,17.5781,1.23E+01,2.3323
B_S2_D1_118-bebop_000_.wav,6,362.434,2.42E+01,2.9297,7.86E+00,3.0755
B_S2_D1_118-bebop_000_.wav,7,421.6819,1.30E+01,8.7891,8.87E+00,1.4667
B_S2_D1_118-bebop_000_.wav,8,485.776,5.63E+00,39.0625,5.75E+00,0.9776
B_S2_D1_118-bebop_000_.wav,9,547.063,6.16E+00,13.6719,4.41E+00,1.3966
B_S2_D1_118-bebop_000_.wav,10,608.3984,1.97E+01,21.4844,5.43E+00,3.6188
B_S2_D1_118-bebop_001_.wav,1,48.1831,8.22E+01,25.3906,1.45E+01,5.6639
B_S2_D1_118-bebop_001_.wav,2,92.7734,2.88E+01,26.3672,1.45E+01,1.9809
B_S2_D1_118-bebop_001_.wav,3,146.4844,5.88E+01,3.9062,6.93E+00,8.4879
B_S2_D1_118-bebop_001_.wav,4,190.9692,2.37E+00,34.1797,3.74E+00,0.6327
B_S2_D1_118-bebop_001_.wav,5,240.1989,5.70E+00,38.0859,3.20E+00,1.781
B_S2_D1_118-bebop_001_.wav,6,290.0391,1.09E+01,4.8828,4.62E+00,2.3565
B_S2_D1_118-bebop_001_.wav,7,337.0418,2.81E+01,5.8594,1.05E+01,2.676
B_S2_D1_118-bebop_001_.wav,8,383.1189,4.69E+00,4.8828,7.42E+00,0.6316
B_S2_D1_118-bebop_001_.wav,9,432.5844,1.21E+02,20.5078,6.58E+00,18.3074
B_S2_D1_118-bebop_001_.wav,10,479.5342,6.67E+00,4.8828,6.26E+00,1.0665
B_S2_D1_118-bebop_002_.wav,1,53.511,2.53E+02,32.2266,6.13E+01,4.1285
B_S2_D1_118-bebop_002_.wav,2,105.8483,4.71E+01,38.0859,5.91E+01,0.7965
B_S2_D1_118-bebop_002_.wav,3,164.0625,6.79E+01,30.2734,4.46E+01,1.5207
B_S2_D1_118-bebop_002_.wav,4,211.9141,3.08E+01,32.2266,2.24E+01,1.3748
B_S2_D1_118-bebop_002_.wav,5,270.3932,2.23E+01,36.1328,1.14E+01,1.9613
B_S2_D1_118-bebop_002_.wav,6,320.121,3.56E+01,33.2031,1.33E+01,2.6876
B_S2_D1_118-bebop_002_.wav,7,375.0392,8.45E+00,6.8359,7.81E+00,1.0827
B_S2_D1_118-bebop_002_.wav,8,429.3789,4.05E+00,10.7422,7.22E+00,0.5608
B_S2_D1_118-bebop_002_.wav,9,486.3281,1.00E+01,1.9531,5.84E+00,1.7159
B_S2_D1_118-bebop_002_.wav,10,537.6697,5.46E+00,37.1094,3.99E+00,1.3684
B_S2_D1_118-bebop_003_.wav,1,53.153,3.25E+02,29.2969,1.03E+02,3.1532
B_S2_D1_118-bebop_003_.wav,2,102.5391,1.07E+02,37.1094,8.76E+01,1.2227
B_S2_D1_118-bebop_003_.wav,3,160.0411,7.01E+01,38.0859,2.93E+01,2.3946
B_S2_D1_118-bebop_003_.wav,4,212.5513,3.52E+01,36.1328,1.82E+01,1.9338
B_S2_D1_118-bebop_003_.wav,5,260.7422,2.17E+01,37.1094,1.43E+01,1.5163
B_S2_D1_118-bebop_003_.wav,6,313.4766,1.18E+01,9.7656,7.76E+00,1.5257
B_S2_D1_118-bebop_003_.wav,7,369.7528,1.59E+01,4.8828,8.01E+00,1.9868
B_S2_D1_118-bebop_003_.wav,8,420.6216,2.56E+01,1.9531,6.69E+00,3.8352
B_S2_D1_118-bebop_003_.wav,9,474.9329,3.09E+00,37.1094,2.72E+00,1.1322
B_S2_D1_118-bebop_003_.wav,10,525.258,6.74E+00,22.4609,2.99E+00,2.2524
B_S2_D1_118-bebop_004_.wav,1,51.1,2.62E+02,24.5536,4.82E+01,5.4307
B_S2_D1_118-bebop_004_.wav,2,99.3304,6.97E+01,32.3661,5.41E+01,1.2883
B_S2_D1_118-bebop_004_.wav,3,152.7419,2.63E+01,33.4821,2.43E+01,1.0815
B_S2_D1_118-bebop_004_.wav,4,204.2156,1.30E+01,29.0179,1.38E+01,0.9413
B_S2_D1_118-bebop_004_.wav,5,257.7968,1.62E+01,33.4821,8.38E+00,1.931
B_S2_D1_118-bebop_004_.wav,6,309.2509,9.61E+00,16.7411,6.34E+00,1.5162
B_S2_D1_118-bebop_004_.wav,7,362.7232,3.33E+01,3.3482,1.09E+01,3.0562
B_S2_D1_118-bebop_004_.wav,8,411.7228,4.19E+01,22.3214,9.12E+00,4.6005
B_S2_D1_118-bebop_004_.wav,9,461.8559,2.50E+00,14.5089,3.36E+00,0.7453
B_S2_D1_118-bebop_004_.wav,10,511.9711,4.71E+00,20.0893,2.95E+00,1.5965
B_S2_D1_119-bebop_000_.wav,1,62.6824,4.74E+02,35.1562,1.46E+02,3.26
B_S2_D1_119-bebop_000_.wav,2,124.6849,1.43E+02,37.1094,8.67E+01,1.6546
B_S2_D1_119-bebop_000_.wav,3,188.2133,5.77E+01,38.0859,5.28E+01,1.0932
B_S2_D1_119-bebop_000_.wav,4,249.9134,6.44E+01,39.0625,4.07E+01,1.582
B_S2_D1_119-bebop_000_.wav,5,313.5672,2.82E+01,32.2266,2.52E+01,1.1211
B_S2_D1_119-bebop_000_.wav,6,375.1951,4.74E+01,32.2266,2.52E+01,1.8831
B_S2_D1_119-bebop_000_.wav,7,436.2905,1.46E+01,15.625,1.15E+01,1.2656
B_S2_D1_119-bebop_000_.wav,8,499.9363,9.12E+00,33.2031,6.65E+00,1.3724
B_S2_D1_119-bebop_000_.wav,9,560.6477,1.83E+01,26.3672,6.30E+00,2.8968
B_S2_D1_119-bebop_000_.wav,10,626.1597,8.40E+00,38.0859,4.76E+00,1.7626
B_S2_D1_119-bebop_001_.wav,1,65.1612,4.91E+02,31.25,1.20E+02,4.0806
B_S2_D1_119-bebop_001_.wav,2,128.5576,1.50E+02,33.2031,7.64E+01,1.9588
B_S2_D1_119-bebop_001_.wav,3,194.4492,7.58E+01,37.1094,4.08E+01,1.8589
B_S2_D1_119-bebop_001_.wav,4,260.7585,5.01E+01,38.0859,2.35E+01,2.128
B_S2_D1_119-bebop_001_.wav,5,328.9562,1.71E+01,35.1562,1.59E+01,1.0773
B_S2_D1_119-bebop_001_.wav,6,392.1451,8.60E+01,18.5547,2.05E+01,4.2012
B_S2_D1_119-bebop_001_.wav,7,455.0781,1.07E+01,16.6016,8.51E+00,1.2541
B_S2_D1_119-bebop_001_.wav,8,526.3672,6.83E+00,32.2266,5.55E+00,1.231
B_S2_D1_119-bebop_001_.wav,9,588.8995,2.11E+01,23.4375,5.54E+00,3.801
B_S2_D1_119-bebop_001_.wav,10,657.2266,3.92E+00,36.1328,4.97E+00,0.7888
B_S2_D1_119-bebop_002_.wav,1,60.3414,4.87E+02,30.2734,1.38E+02,3.5325
B_S2_D1_119-bebop_002_.wav,2,122.4924,1.73E+02,34.1797,9.75E+01,1.774
B_S2_D1_119-bebop_002_.wav,3,178.7109,7.91E+01,31.25,4.65E+01,1.7021
B_S2_D1_119-bebop_002_.wav,4,245.1172,4.67E+01,35.1562,3.19E+01,1.4672
B_S2_D1_119-bebop_002_.wav,5,300.321,3.70E+01,26.3672,2.35E+01,1.5747
B_S2_D1_119-bebop_002_.wav,6,365.2686,4.26E+01,9.7656,1.50E+01,2.8338
B_S2_D1_119-bebop_002_.wav,7,426.7578,2.11E+01,3.9062,1.05E+01,2.01
B_S2_D1_119-bebop_002_.wav,8,486.1079,5.96E+00,36.1328,4.91E+00,1.2127
B_S2_D1_119-bebop_002_.wav,9,541.9922,7.02E+00,39.0625,4.37E+00,1.6049
B_S2_D1_119-bebop_002_.wav,10,602.5391,5.46E+00,10.7422,3.40E+00,1.6093
B_S2_D1_119-bebop_003_.wav,1,48.185,5.29E+02,19.5312,6.99E+01,7.5574
B_S2_D1_119-bebop_003_.wav,2,98.6328,2.05E+02,37.1094,1.07E+02,1.9145
B_S2_D1_119-bebop_003_.wav,3,143.3954,1.54E+02,37.1094,7.74E+01,1.9893
B_S2_D1_119-bebop_003_.wav,4,194.3359,6.31E+01,33.2031,4.11E+01,1.537
B_S2_D1_119-bebop_003_.wav,5,242.1875,4.16E+01,37.1094,2.36E+01,1.7595
B_S2_D1_119-bebop_003_.wav,6,290.0391,2.89E+01,30.2734,1.85E+01,1.558
B_S2_D1_119-bebop_003_.wav,7,333.0528,2.14E+01,39.0625,1.69E+01,1.2624
B_S2_D1_119-bebop_003_.wav,8,385.7422,2.25E+01,39.0625,1.45E+01,1.5573
B_S2_D1_119-bebop_003_.wav,9,433.0434,6.39E+01,5.8594,1.45E+01,4.4115
B_S2_D1_119-bebop_003_.wav,10,478.552,1.74E+01,39.0625,1.58E+01,1.099
B_S2_D1_119-bebop_004_.wav,1,56.8158,3.30E+02,30.1339,6.37E+01,5.189
B_S2_D1_119-bebop_004_.wav,2,112.7169,1.52E+02,25.6696,6.15E+01,2.4633
B_S2_D1_119-bebop_004_.wav,3,172.9725,3.87E+01,37.9464,3.62E+01,1.0696
B_S2_D1_119-bebop_004_.wav,4,231.0268,3.24E+01,32.3661,2.35E+01,1.3787
B_S2_D1_119-bebop_004_.wav,5,285.8839,2.29E+01,33.4821,1.55E+01,1.4794
B_S2_D1_119-bebop_004_.wav,6,342.3862,1.39E+01,39.0625,1.33E+01,1.0379
B_S2_D1_119-bebop_004_.wav,7,395.0893,5.00E+01,24.5536,1.53E+01,3.2752
B_S2_D1_119-bebop_004_.wav,8,457.5809,1.01E+01,30.1339,4.62E+00,2.1813
B_S2_D1_119-bebop_004_.wav,9,513.001,3.72E+00,39.0625,3.89E+00,0.9572
B_S2_D1_119-bebop_004_.wav,10,572.5446,1.34E+01,31.25,4.05E+00,3.3167
B_S2_D1_120-bebop_000_.wav,1,63.7296,7.39E+02,31.25,1.18E+02,6.2423
B_S2_D1_120-bebop_000_.wav,2,127.3713,1.96E+02,26.3672,8.29E+01,2.3697
B_S2_D1_120-bebop_000_.wav,3,193.3594,1.21E+02,25.3906,4.52E+01,2.6729
B_S2_D1_120-bebop_000_.wav,4,250.9766,4.94E+01,19.5312,2.91E+01,1.6951
B_S2_D1_120-bebop_000_.wav,5,315.5676,4.30E+01,38.0859,1.93E+01,2.2293
B_S2_D1_120-bebop_000_.wav,6,382.4625,3.89E+01,8.7891,1.94E+01,2.0083
B_S2_D1_120-bebop_000_.wav,7,442.9968,1.18E+01,3.9062,1.04E+01,1.1393
B_S2_D1_120-bebop_000_.wav,8,508.4357,9.29E+00,39.0625,7.47E+00,1.2435
B_S2_D1_120-bebop_000_.wav,9,573.3439,9.68E+00,38.0859,5.58E+00,1.7362
B_S2_D1_120-bebop_000_.wav,10,632.5753,6.20E+00,34.1797,5.23E+00,1.1856
B_S2_D1_120-bebop_001_.wav,1,49.594,4.59E+02,31.25,9.22E+01,4.981
B_S2_D1_120-bebop_001_.wav,2,96.6797,1.70E+02,16.6016,1.03E+02,1.6534
B_S2_D1_120-bebop_001_.wav,3,152.3438,8.76E+01,39.0625,6.02E+01,1.4548
B_S2_D1_120-bebop_001_.wav,4,200.4513,4.86E+01,35.1562,3.96E+01,1.2295
B_S2_D1_120-bebop_001_.wav,5,246.0938,5.30E+01,38.0859,2.85E+01,1.8604
B_S2_D1_120-bebop_001_.wav,6,296.829,1.50E+01,37.1094,1.62E+01,0.9295
B_S2_D1_120-bebop_001_.wav,7,347.3702,5.41E+00,39.0625,1.36E+01,0.3985
B_S2_D1_120-bebop_001_.wav,8,395.5078,4.43E+01,32.2266,1.71E+01,2.5959
B_S2_D1_120-bebop_001_.wav,9,445.3125,1.59E+01,19.5312,7.99E+00,1.9912
B_S2_D1_120-bebop_001_.wav,10,500.9766,1.23E+01,34.1797,5.41E+00,2.2718
B_S2_D1_120-bebop_002_.wav,1,52.6668,6.30E+02,22.4609,1.47E+02,4.2846
B_S2_D1_120-bebop_002_.wav,2,107.6957,1.38E+02,39.0625,1.28E+02,1.0728
B_S2_D1_120-bebop_002_.wav,3,158.1838,9.11E+01,33.2031,5.49E+01,1.6574
B_S2_D1_120-bebop_002_.wav,4,211.0087,8.09E+01,35.1562,3.61E+01,2.2389
B_S2_D1_120-bebop_002_.wav,5,263.5928,6.39E+01,25.3906,2.71E+01,2.3572
B_S2_D1_120-bebop_002_.wav,6,316.1075,4.05E+01,37.1094,2.13E+01,1.8993
B_S2_D1_120-bebop_002_.wav,7,372.0703,2.90E+01,3.9062,2.20E+01,1.3204
B_S2_D1_120-bebop_002_.wav,8,420.1829,3.58E+01,3.9062,1.78E+01,2.0141
B_S2_D1_120-bebop_002_.wav,9,471.6797,9.89E+00,24.4141,7.27E+00,1.3607
B_S2_D1_120-bebop_002_.wav,10,524.4141,8.55E+00,34.1797,6.41E+00,1.3347
B_S2_D1_120-bebop_003_.wav,1,59.7568,5.80E+02,32.2266,1.35E+02,4.2969
B_S2_D1_120-bebop_003_.wav,2,120.7798,1.90E+02,39.0625,9.84E+01,1.9287
B_S2_D1_120-bebop_003_.wav,3,178.5126,1.02E+02,33.2031,5.87E+01,1.7389
B_S2_D1_120-bebop_003_.wav,4,237.1327,9.31E+01,29.2969,3.07E+01,3.0328
B_S2_D1_120-bebop_003_.wav,5,300.7812,3.07E+01,38.0859,1.91E+01,1.6121
B_S2_D1_120-bebop_003_.wav,6,355.7617,2.47E+01,36.1328,2.06E+01,1.1998
B_S2_D1_120-bebop_003_.wav,7,417.0366,5.69E+01,12.6953,1.68E+01,3.3773
B_S2_D1_120-bebop_003_.wav,8,478.4901,1.41E+01,34.1797,7.23E+00,1.9499
B_S2_D1_120-bebop_003_.wav,9,539.0625,1.42E+01,31.25,7.16E+00,1.9861
B_S2_D1_120-bebop_003_.wav,10,593.7132,1.29E+01,34.1797,6.98E+00,1.8507
B_S2_D1_120-bebop_004_.wav,1,52.8676,6.22E+02,13.3929,1.29E+02,4.8029
B_S2_D1_120-bebop_004_.wav,2,102.6287,3.21E+02,29.0179,1.56E+02,2.0546
B_S2_D1_120-bebop_004_.wav,3,160.7143,1.24E+02,37.9464,7.37E+01,1.6876
B_S2_D1_120-bebop_004_.wav,4,208.256,7.35E+01,39.0625,5.22E+01,1.4073
B_S2_D1_120-bebop_004_.wav,5,260.0531,4.16E+01,30.1339,3.52E+01,1.1808
B_S2_D1_120-bebop_004_.wav,6,317.2684,3.67E+01,33.4821,1.97E+01,1.8653
B_S2_D1_120-bebop_004_.wav,7,363.8393,2.45E+01,35.7143,1.96E+01,1.2501
B_S2_D1_120-bebop_004_.wav,8,420.949,2.28E+01,11.1607,1.63E+01,1.3973
B_S2_D1_120-bebop_004_.wav,9,469.8661,2.20E+01,33.4821,1.06E+01,2.076
B_S2_D1_120-bebop_004_.wav,10,521.2054,1.27E+01,35.7143,1.04E+01,1.215
B_S2_D1_121-bebop_000_.wav,1,66.6598,4.43E+02,22.4609,1.21E+02,3.6744
B_S2_D1_121-bebop_000_.wav,2,129.8828,1.44E+02,35.1562,6.93E+01,2.077
B_S2_D1_121-bebop_000_.wav,3,196.2891,5.43E+01,32.2266,2.79E+01,1.9431
B_S2_D1_121-bebop_000_.wav,4,268.5547,3.83E+01,38.0859,2.19E+01,1.7437
B_S2_D1_121-bebop_000_.wav,5,330.8394,2.41E+01,36.1328,1.46E+01,1.6468
B_S2_D1_121-bebop_000_.wav,6,400.583,4.82E+01,31.25,1.99E+01,2.4153
B_S2_D1_121-bebop_000_.wav,7,467.7734,1.17E+01,1.9531,8.58E+00,1.3617
B_S2_D1_121-bebop_000_.wav,8,533.3521,8.00E+00,38.0859,5.39E+00,1.4831
B_S2_D1_121-bebop_000_.wav,9,596.3392,2.76E+01,17.5781,4.75E+00,5.7955
B_S2_D1_121-bebop_000_.wav,10,662.0891,7.62E+00,24.4141,4.02E+00,1.8945
B_S2_D1_121-bebop_001_.wav,1,48.2411,3.38E+02,13.6719,6.94E+01,4.8754
B_S2_D1_121-bebop_001_.wav,2,96.5692,2.23E+02,27.3438,9.12E+01,2.4472
B_S2_D1_121-bebop_001_.wav,3,142.5993,6.96E+01,19.5312,4.20E+01,1.6551
B_S2_D1_121-bebop_001_.wav,4,191.4875,4.92E+01,38.0859,2.40E+01,2.0488
B_S2_D1_121-bebop_001_.wav,5,236.3281,2.72E+01,32.2266,1.70E+01,1.5994
B_S2_D1_121-bebop_001_.wav,6,287.2863,2.15E+01,31.25,1.01E+01,2.1175
B_S2_D1_121-bebop_001_.wav,7,332.0312,9.57E+00,35.1562,9.03E+00,1.0597
B_S2_D1_121-bebop_001_.wav,8,383.9951,2.98E+01,5.8594,1.50E+01,1.9855
B_S2_D1_121-bebop_001_.wav,9,430.6262,1.68E+01,13.6719,8.88E+00,1.8925
B_S2_D1_121-bebop_001_.wav,10,477.3605,3.98E+00,39.0625,3.87E+00,1.0281
B_S2_D1_121-bebop_002_.wav,1,49.7619,3.35E+02,28.3203,8.42E+01,3.9761
B_S2_D1_121-bebop_002_.wav,2,96.6797,1.60E+02,31.25,7.50E+01,2.1358
B_S2_D1_121-bebop_002_.wav,3,150.9687,5.60E+01,33.2031,3.97E+01,1.4096
B_S2_D1_121-bebop_002_.wav,4,196.2891,5.66E+01,26.3672,2.35E+01,2.4093
B_S2_D1_121-bebop_002_.wav,5,250.7313,2.71E+01,32.2266,1.61E+01,1.683
B_S2_D1_121-bebop_002_.wav,6,299.6262,1.57E+01,35.1562,1.56E+01,1.0041
B_S2_D1_121-bebop_002_.wav,7,345.7031,3.13E+01,34.1797,1.58E+01,1.9814
B_S2_D1_121-bebop_002_.wav,8,396.9949,7.35E+01,19.5312,1.95E+01,3.7723
B_S2_D1_121-bebop_002_.wav,9,446.5193,7.34E+00,8.7891,5.52E+00,1.3302
B_S2_D1_121-bebop_002_.wav,10,499.8553,6.14E+00,38.0859,3.69E+00,1.6656
B_S2_D1_121-bebop_003_.wav,1,69.264,3.27E+02,36.1328,1.03E+02,3.1834
B_S2_D1_121-bebop_003_.wav,2,135.7422,5.66E+01,33.2031,5.14E+01,1.102
B_S2_D1_121-bebop_003_.wav,3,208.0887,4.50E+01,37.1094,2.88E+01,1.5621
B_S2_D1_121-bebop_003_.wav,4,277.3893,3.05E+01,36.1328,1.65E+01,1.8501
B_S2_D1_121-bebop_003_.wav,5,347.4063,2.18E+01,3.9062,1.52E+01,1.4356
B_S2_D1_121-bebop_003_.wav,6,415.7724,4.90E+01,39.0625,1.72E+01,2.852
B_S2_D1_121-bebop_003_.wav,7,483.2037,4.67E+00,36.1328,4.91E+00,0.9518
B_S2_D1_121-bebop_003_.wav,8,555.1138,1.28E+01,34.1797,5.71E+00,2.248
B_S2_D1_121-bebop_003_.wav,9,622.0528,9.02E+00,38.0859,4.32E+00,2.0858
B_S2_D1_121-bebop_003_.wav,10,696.2891,1.04E+01,1.9531,6.45E+00,1.6142
B_S2_D1_121-bebop_004_.wav,1,59.1642,2.49E+02,26.7857,4.49E+01,5.5444
B_S2_D1_121-bebop_004_.wav,2,114.9554,3.79E+01,32.3661,3.13E+01,1.2124
B_S2_D1_121-bebop_004_.wav,3,178.3433,3.48E+01,39.0625,1.59E+01,2.1849
B_S2_D1_121-bebop_004_.wav,4,235.0675,1.09E+01,39.0625,9.84E+00,1.1121
B_S2_D1_121-bebop_004_.wav,5,295.4148,7.17E+00,33.4821,5.63E+00,1.2743
B_S2_D1_121-bebop_004_.wav,6,354.6533,3.07E+00,31.25,4.14E+00,0.74
B_S2_D1_121-bebop_004_.wav,7,416.3551,6.73E+01,29.0179,1.14E+01,5.9099
B_S2_D1_121-bebop_004_.wav,8,473.1854,2.06E+00,37.9464,2.40E+00,0.8567
B_S2_D1_121-bebop_004_.wav,9,529.0179,7.89E+00,23.4375,3.62E+00,2.1824
B_S2_D1_121-bebop_004_.wav,10,593.8296,3.61E+00,33.4821,2.49E+00,1.4534
B_S2_D1_122-bebop_000_.wav,1,71.8941,2.09E+02,36.1328,5.67E+01,3.6932
B_S2_D1_122-bebop_000_.wav,2,145.552,3.43E+01,37.1094,2.40E+01,1.429
B_S2_D1_122-bebop_000_.wav,3,216.7927,2.30E+01,32.2266,1.52E+01,1.5156
B_S2_D1_122-bebop_000_.wav,4,287.2872,1.10E+01,17.5781,7.88E+00,1.3973
B_S2_D1_122-bebop_000_.wav,5,358.3984,4.89E+00,39.0625,7.66E+00,0.6391
B_S2_D1_122-bebop_000_.wav,6,430.6641,2.34E+01,8.7891,1.04E+01,2.2431
B_S2_D1_122-bebop_000_.wav,7,506.7031,3.59E+00,35.1562,2.69E+00,1.3387
B_S2_D1_122-bebop_000_.wav,8,578.0187,5.85E+00,11.7188,3.28E+00,1.7847
B_S2_D1_122-bebop_000_.wav,9,652.7631,4.88E+00,39.0625,3.15E+00,1.5475
B_S2_D1_122-bebop_000_.wav,10,723.8097,1.24E+01,34.1797,6.27E+00,1.9745
B_S2_D1_122-bebop_001_.wav,1,64.7167,2.32E+02,26.3672,5.13E+01,4.5249
B_S2_D1_122-bebop_001_.wav,2,130.2437,8.49E+01,38.0859,4.26E+01,1.9943
B_S2_D1_122-bebop_001_.wav,3,192.3789,5.11E+01,39.0625,3.71E+01,1.3768
B_S2_D1_122-bebop_001_.wav,4,256.8124,1.34E+01,31.25,1.49E+01,0.9004
B_S2_D1_122-bebop_001_.wav,5,323.7083,9.43E+00,39.0625,9.33E+00,1.0113
B_S2_D1_122-bebop_001_.wav,6,385.5707,1.54E+01,2.9297,8.67E+00,1.7711
B_S2_D1_122-bebop_001_.wav,7,453.2271,5.99E+00,4.8828,3.27E+00,1.8284
B_S2_D1_122-bebop_001_.wav,8,514.724,5.21E+00,6.8359,2.64E+00,1.9736
B_S2_D1_122-bebop_001_.wav,9,581.033,6.78E+00,9.7656,3.77E+00,1.8004
B_S2_D1_122-bebop_001_.wav,10,641.6016,6.35E+00,27.3438,2.48E+00,2.5584
B_S2_D1_122-bebop_002_.wav,1,62.6662,3.17E+02,38.0859,1.03E+02,3.0856
B_S2_D1_122-bebop_002_.wav,2,126.2189,9.02E+01,39.0625,4.98E+01,1.8133
B_S2_D1_122-bebop_002_.wav,3,186.0734,4.69E+01,30.2734,2.48E+01,1.8936
B_S2_D1_122-bebop_002_.wav,4,248.2348,2.85E+01,38.0859,1.63E+01,1.741
B_S2_D1_122-bebop_002_.wav,5,310.2168,1.31E+01,11.7188,1.13E+01,1.1634
B_S2_D1_122-bebop_002_.wav,6,372.0703,4.40E+01,24.4141,1.44E+01,3.0537
B_S2_D1_122-bebop_002_.wav,7,438.124,4.31E+01,15.625,1.02E+01,4.2282
B_S2_D1_122-bebop_002_.wav,8,499.9924,4.97E+00,19.5312,2.46E+00,2.0172
B_S2_D1_122-bebop_002_.wav,9,565.4297,1.63E+01,3.9062,4.99E+00,3.2747
B_S2_D1_122-bebop_002_.wav,10,626.9526,6.04E+00,19.5312,3.02E+00,2.003
B_S2_D1_122-bebop_003_.wav,1,49.559,3.80E+02,24.4141,9.25E+01,4.1034
B_S2_D1_122-bebop_003_.wav,2,99.7184,1.60E+02,34.1797,1.07E+02,1.5036
B_S2_D1_122-bebop_003_.wav,3,146.4844,5.65E+01,32.2266,4.51E+01,1.2524
B_S2_D1_122-bebop_003_.wav,4,200.5856,5.32E+01,39.0625,2.57E+01,2.0683
B_S2_D1_122-bebop_003_.wav,5,247.163,2.89E+01,26.3672,1.81E+01,1.5995
B_S2_D1_122-bebop_003_.wav,6,300.2571,3.56E+01,14.6484,1.02E+01,3.5027
B_S2_D1_122-bebop_003_.wav,7,349.7029,2.08E+01,30.2734,9.73E+00,2.138
B_S2_D1_122-bebop_003_.wav,8,398.533,5.95E+01,15.625,2.54E+01,2.3441
B_S2_D1_122-bebop_003_.wav,9,447.0487,2.77E+01,19.5312,1.49E+01,1.8564
B_S2_D1_122-bebop_003_.wav,10,496.0029,6.00E+00,24.4141,3.80E+00,1.5769
B_S2_D1_122-bebop_004_.wav,1,54.3767,2.23E+02,25.6696,6.98E+01,3.188
B_S2_D1_122-bebop_004_.wav,2,106.0268,1.21E+02,26.7857,6.18E+01,1.9509
B_S2_D1_122-bebop_004_.wav,3,165.9457,3.95E+01,34.5982,2.29E+01,1.7204
B_S2_D1_122-bebop_004_.wav,4,217.64,2.23E+01,29.0179,1.41E+01,1.5786
B_S2_D1_122-bebop_004_.wav,5,270.0893,1.27E+01,29.0179,1.17E+01,1.0864
B_S2_D1_122-bebop_004_.wav,6,331.4732,3.50E+01,7.8125,1.14E+01,3.0817
B_S2_D1_122-bebop_004_.wav,7,380.4684,9.26E+00,39.0625,9.75E+00,0.9493
B_S2_D1_122-bebop_004_.wav,8,438.7538,1.13E+02,12.2768,1.06E+01,10.6327
B_S2_D1_122-bebop_004_.wav,9,488.8393,5.23E+00,37.9464,4.38E+00,1.1941
B_S2_D1_122-bebop_004_.wav,10,550.2232,5.84E+00,37.9464,3.98E+00,1.4661
B_S2_D1_123-bebop_000_.wav,1,41.7323,3.28E+02,14.6484,5.32E+01,6.1652
B_S2_D1_123-bebop_000_.wav,2,83.2299,1.72E+02,36.1328,7.95E+01,2.1687
B_S2_D1_123-bebop_000_.wav,3,126.9294,8.24E+01,37.1094,4.25E+01,1.9399
B_S2_D1_123-bebop_000_.wav,4,166.1892,4.98E+01,35.1562,2.99E+01,1.668
B_S2_D1_123-bebop_000_.wav,5,207.0312,2.50E+01,28.3203,2.32E+01,1.0746
B_S2_D1_123-bebop_000_.wav,6,249.0234,4.96E+01,18.5547,1.86E+01,2.6603
B_S2_D1_123-bebop_000_.wav,7,294.4496,7.41E+01,10.7422,2.16E+01,3.4329
B_S2_D1_123-bebop_000_.wav,8,338.8672,8.59E+01,16.6016,1.48E+01,5.812
B_S2_D1_123-bebop_000_.wav,9,377.7711,9.66E+00,37.1094,8.48E+00,1.1387
B_S2_D1_123-bebop_000_.wav,10,420.7156,7.31E+00,1.9531,7.89E+00,0.9265
B_S2_D1_123-bebop_001_.wav,1,43.7066,3.76E+02,20.5078,8.02E+01,4.6906
B_S2_D1_123-bebop_001_.wav,2,90.8203,2.31E+02,22.4609,8.84E+01,2.6114
B_S2_D1_123-bebop_001_.wav,3,128.9062,7.33E+01,20.5078,4.85E+01,1.512
B_S2_D1_123-bebop_001_.wav,4,176.6395,4.90E+01,36.1328,3.92E+01,1.2509
B_S2_D1_123-bebop_001_.wav,5,216.7969,4.88E+01,39.0625,2.52E+01,1.9358
B_S2_D1_123-bebop_001_.wav,6,264.9579,3.23E+01,36.1328,1.92E+01,1.6807
B_S2_D1_123-bebop_001_.wav,7,306.8777,2.96E+01,5.8594,1.64E+01,1.8043
B_S2_D1_123-bebop_001_.wav,8,349.4531,3.48E+01,5.8594,9.48E+00,3.6699
B_S2_D1_123-bebop_001_.wav,9,396.8058,7.38E+00,39.0625,7.64E+00,0.9652
B_S2_D1_123-bebop_001_.wav,10,442.3828,3.32E+01,9.7656,7.11E+00,4.6628
B_S2_D1_123-bebop_002_.wav,1,50.0625,3.97E+02,15.625,4.97E+01,7.9819
B_S2_D1_123-bebop_002_.wav,2,100.7635,1.23E+02,36.1328,6.39E+01,1.916
B_S2_D1_123-bebop_002_.wav,3,149.9132,9.75E+01,20.5078,3.46E+01,2.8172
B_S2_D1_123-bebop_002_.wav,4,201.1598,3.96E+01,39.0625,2.21E+01,1.7894
B_S2_D1_123-bebop_002_.wav,5,249.9599,2.73E+01,32.2266,1.79E+01,1.5235
B_S2_D1_123-bebop_002_.wav,6,297.1767,9.57E+01,0.9766,1.64E+01,5.8378
B_S2_D1_123-bebop_002_.wav,7,351.5625,2.28E+01,10.7422,9.06E+00,2.516
B_S2_D1_123-bebop_002_.wav,8,395.5078,9.57E+00,37.1094,6.48E+00,1.4775
B_S2_D1_123-bebop_002_.wav,9,450.5021,1.89E+01,2.9297,6.10E+00,3.1002
B_S2_D1_123-bebop_002_.wav,10,495.1172,1.27E+01,20.5078,4.00E+00,3.1898
B_S2_D1_123-bebop_003_.wav,1,59.649,4.11E+02,29.2969,7.35E+01,5.5892
B_S2_D1_123-bebop_003_.wav,2,118.4901,1.62E+02,20.5078,6.75E+01,2.3916
B_S2_D1_123-bebop_003_.wav,3,176.5319,9.63E+01,39.0625,3.69E+01,2.6089
B_S2_D1_123-bebop_003_.wav,4,236.0663,2.85E+01,39.0625,2.21E+01,1.2885
B_S2_D1_123-bebop_003_.wav,5,300.7812,1.68E+01,34.1797,1.56E+01,1.0768
B_S2_D1_123-bebop_003_.wav,6,357.3395,1.03E+01,38.0859,1.61E+01,0.6388
B_S2_D1_123-bebop_003_.wav,7,417.1405,3.29E+01,21.4844,1.21E+01,2.7133
B_S2_D1_123-bebop_003_.wav,8,479.4922,6.42E+00,37.1094,5.38E+00,1.1923
B_S2_D1_123-bebop_003_.wav,9,533.2031,1.18E+01,32.2266,4.48E+00,2.6265
B_S2_D1_123-bebop_003_.wav,10,593.6597,6.19E+00,35.1562,3.76E+00,1.6454
B_S2_D1_123-bebop_004_.wav,1,50.7579,4.96E+02,16.7411,5.81E+01,8.5334
B_S2_D1_123-bebop_004_.wav,2,99.4385,1.24E+02,33.4821,8.01E+01,1.544
B_S2_D1_123-bebop_004_.wav,3,150.9557,6.86E+01,35.7143,4.84E+01,1.4169
B_S2_D1_123-bebop_004_.wav,4,201.5695,5.68E+01,35.7143,3.31E+01,1.7133
B_S2_D1_123-bebop_004_.wav,5,249.4372,3.70E+01,33.4821,2.23E+01,1.6594
B_S2_D1_123-bebop_004_.wav,6,303.4485,2.66E+01,33.4821,1.52E+01,1.7507
B_S2_D1_123-bebop_004_.wav,7,354.9107,1.62E+01,17.8571,1.35E+01,1.2017
B_S2_D1_123-bebop_004_.wav,8,402.544,1.34E+01,39.0625,1.65E+01,0.8069
B_S2_D1_123-bebop_004_.wav,9,454.2411,5.43E+01,15.625,8.68E+00,6.2568
B_S2_D1_123-bebop_004_.wav,10,500.8057,5.35E+00,33.4821,5.17E+00,1.0347
B_S2_D1_124-bebop_000_.wav,1,51.7189,3.71E+02,31.25,6.30E+01,5.8877
B_S2_D1_124-bebop_000_.wav,2,105.5365,1.06E+02,38.0859,7.54E+01,1.4045
B_S2_D1_124-bebop_000_.wav,3,155.8349,9.51E+01,22.4609,4.61E+01,2.0613
B_S2_D1_124-bebop_000_.wav,4,207.1021,3.18E+01,36.1328,2.17E+01,1.4618
B_S2_D1_124-bebop_000_.wav,5,260.0361,2.19E+01,29.2969,1.92E+01,1.139
B_S2_D1_124-bebop_000_.wav,6,312.475,1.95E+01,5.8594,1.23E+01,1.5861
B_S2_D1_124-bebop_000_.wav,7,363.028,1.37E+01,3.9062,1.02E+01,1.3454
B_S2_D1_124-bebop_000_.wav,8,412.8949,7.40E+01,3.9062,1.45E+01,5.1187
B_S2_D1_124-bebop_000_.wav,9,467.4838,6.49E+00,11.7188,4.81E+00,1.3496
B_S2_D1_124-bebop_000_.wav,10,517.1955,5.22E+00,34.1797,3.69E+00,1.4138
B_S2_D1_124-bebop_001_.wav,1,59.02,3.33E+02,24.4141,8.22E+01,4.0473
B_S2_D1_124-bebop_001_.wav,2,119.297,1.14E+02,29.2969,6.43E+01,1.7737
B_S2_D1_124-bebop_001_.wav,3,175.0526,4.66E+01,39.0625,3.13E+01,1.4891
B_S2_D1_124-bebop_001_.wav,4,231.4453,3.36E+01,36.1328,1.91E+01,1.7635
B_S2_D1_124-bebop_001_.wav,5,295.062,4.56E+01,13.6719,1.62E+01,2.8205
B_S2_D1_124-bebop_001_.wav,6,351.4591,2.01E+01,18.5547,8.61E+00,2.3363
B_S2_D1_124-bebop_001_.wav,7,407.2266,1.19E+01,0.9766,7.54E+00,1.5738
B_S2_D1_124-bebop_001_.wav,8,466.3712,1.20E+01,1.9531,6.83E+00,1.7633
B_S2_D1_124-bebop_001_.wav,9,526.4855,4.30E+00,38.0859,3.25E+00,1.3247
B_S2_D1_124-bebop_001_.wav,10,588.8672,1.64E+01,7.8125,5.07E+00,3.2314
B_S2_D1_124-bebop_002_.wav,1,53.9278,3.17E+02,31.25,9.44E+01,3.3583
B_S2_D1_124-bebop_002_.wav,2,106.7055,1.73E+02,38.0859,7.70E+01,2.2422
B_S2_D1_124-bebop_002_.wav,3,161.1127,5.17E+01,36.1328,3.84E+01,1.3477
B_S2_D1_124-bebop_002_.wav,4,217.7734,3.69E+01,29.2969,2.38E+01,1.5541
B_S2_D1_124-bebop_002_.wav,5,271.4844,3.26E+01,32.2266,1.89E+01,1.7295
B_S2_D1_124-bebop_002_.wav,6,321.6603,2.88E+01,38.0859,1.94E+01,1.4847
B_S2_D1_124-bebop_002_.wav,7,373.0469,3.30E+01,32.2266,2.59E+01,1.2743
B_S2_D1_124-bebop_002_.wav,8,426.7578,3.85E+01,6.8359,3.27E+01,1.1791
B_S2_D1_124-bebop_002_.wav,9,486.3281,3.00E+01,18.5547,1.39E+01,2.1677
B_S2_D1_124-bebop_002_.wav,10,540.0391,7.10E+00,29.2969,6.06E+00,1.1721
B_S2_D1_124-bebop_003_.wav,1,54.8616,2.95E+02,30.2734,8.65E+01,3.409
B_S2_D1_124-bebop_003_.wav,2,106.4453,7.67E+01,36.1328,7.54E+01,1.0165
B_S2_D1_124-bebop_003_.wav,3,164.7644,6.00E+01,36.1328,3.79E+01,1.5823
B_S2_D1_124-bebop_003_.wav,4,215.8203,2.13E+01,39.0625,2.25E+01,0.9498
B_S2_D1_124-bebop_003_.wav,5,275.0329,2.97E+01,34.1797,1.41E+01,2.108
B_S2_D1_124-bebop_003_.wav,6,328.1639,1.09E+01,36.1328,1.13E+01,0.9619
B_S2_D1_124-bebop_003_.wav,7,382.0106,3.00E+01,2.9297,2.27E+01,1.3195
B_S2_D1_124-bebop_003_.wav,8,437.4576,1.25E+01,1.9531,7.32E+00,1.7134
B_S2_D1_124-bebop_003_.wav,9,493.0574,1.21E+01,20.5078,4.27E+00,2.8407
B_S2_D1_124-bebop_003_.wav,10,543.9453,4.81E+00,8.7891,3.58E+00,1.3451
B_S2_D1_124-bebop_004_.wav,1,47.0582,3.42E+02,17.8571,6.22E+01,5.4918
B_S2_D1_124-bebop_004_.wav,2,92.4838,9.85E+01,29.0179,7.71E+01,1.2769
B_S2_D1_124-bebop_004_.wav,3,142.6515,4.18E+01,24.5536,3.94E+01,1.0609
B_S2_D1_124-bebop_004_.wav,4,184.9597,5.05E+01,35.7143,3.23E+01,1.5625
B_S2_D1_124-bebop_004_.wav,5,231.0268,4.25E+01,31.25,2.77E+01,1.5342
B_S2_D1_124-bebop_004_.wav,6,277.9018,3.30E+01,33.4821,1.62E+01,2.0426
B_S2_D1_124-bebop_004_.wav,7,329.9421,1.40E+01,36.8304,1.40E+01,1
B_S2_D1_124-bebop_004_.wav,8,371.6518,3.50E+01,29.0179,1.84E+01,1.9037
B_S2_D1_124-bebop_004_.wav,9,420.7315,7.10E+01,22.3214,1.44E+01,4.9332
B_S2_D1_124-bebop_004_.wav,10,468.4554,5.18E+00,35.7143,5.18E+00,1
B_S2_D1_125-bebop_000_.wav,1,74.4649,3.29E+02,30.2734,9.83E+01,3.3505
B_S2_D1_125-bebop_000_.wav,2,147.4199,9.57E+01,38.0859,7.29E+01,1.3129
B_S2_D1_125-bebop_000_.wav,3,220.5195,9.04E+01,31.25,3.93E+01,2.3022
B_S2_D1_125-bebop_000_.wav,4,299.8047,3.28E+01,23.4375,1.42E+01,2.3046
B_S2_D1_125-bebop_000_.wav,5,369.0494,2.77E+01,4.8828,1.47E+01,1.8902
B_S2_D1_125-bebop_000_.wav,6,447.7011,1.22E+01,2.9297,7.50E+00,1.6306
B_S2_D1_125-bebop_000_.wav,7,516.6016,8.09E+00,34.1797,5.05E+00,1.6015
B_S2_D1_125-bebop_000_.wav,8,592.9724,7.30E+00,36.1328,4.89E+00,1.4935
B_S2_D1_125-bebop_000_.wav,9,668.8962,1.10E+01,23.4375,5.70E+00,1.938
B_S2_D1_125-bebop_000_.wav,10,744.2371,2.80E+01,28.3203,1.02E+01,2.7569
B_S2_D1_125-bebop_001_.wav,1,49.4062,6.82E+02,16.6016,1.12E+02,6.0633
B_S2_D1_125-bebop_001_.wav,2,102.5391,2.35E+02,38.0859,1.18E+02,1.9929
B_S2_D1_125-bebop_001_.wav,3,150.7637,1.19E+02,19.5312,6.98E+01,1.7036
B_S2_D1_125-bebop_001_.wav,4,201.1914,7.61E+01,32.2266,4.91E+01,1.5505
B_S2_D1_125-bebop_001_.wav,5,247.0148,7.34E+01,39.0625,4.19E+01,1.7539
B_S2_D1_125-bebop_001_.wav,6,298.1412,5.18E+01,29.2969,2.47E+01,2.0969
B_S2_D1_125-bebop_001_.wav,7,350.812,2.63E+01,27.3438,1.66E+01,1.5818
B_S2_D1_125-bebop_001_.wav,8,396.9816,4.87E+01,21.4844,1.74E+01,2.7941
B_S2_D1_125-bebop_001_.wav,9,445.3125,1.79E+01,32.2266,1.26E+01,1.4178
B_S2_D1_125-bebop_001_.wav,10,496.2671,1.02E+01,39.0625,7.12E+00,1.4359
B_S2_D1_125-bebop_002_.wav,1,59.4325,4.76E+02,25.3906,8.28E+01,5.7452
B_S2_D1_125-bebop_002_.wav,2,120.8297,1.07E+02,37.1094,6.92E+01,1.5546
B_S2_D1_125-bebop_002_.wav,3,178.7413,7.37E+01,32.2266,3.39E+01,2.1728
B_S2_D1_125-bebop_002_.wav,4,239.6158,1.53E+01,36.1328,1.91E+01,0.8019
B_S2_D1_125-bebop_002_.wav,5,295.6456,4.51E+01,12.6953,1.50E+01,3.0079
B_S2_D1_125-bebop_002_.wav,6,354.4922,1.51E+01,8.7891,1.23E+01,1.2259
B_S2_D1_125-bebop_002_.wav,7,419.9219,1.95E+01,4.8828,1.29E+01,1.5143
B_S2_D1_125-bebop_002_.wav,8,478.4662,3.66E+00,36.1328,4.60E+00,0.7958
B_S2_D1_125-bebop_002_.wav,9,533.2031,7.06E+00,37.1094,4.55E+00,1.5514
B_S2_D1_125-bebop_002_.wav,10,593.27,1.22E+01,16.6016,4.16E+00,2.9332
B_S2_D1_125-bebop_003_.wav,1,60.8681,6.19E+02,28.3203,1.15E+02,5.3906
B_S2_D1_125-bebop_003_.wav,2,120.9477,1.64E+02,32.2266,1.05E+02,1.5525
B_S2_D1_125-bebop_003_.wav,3,178.7109,1.55E+02,39.0625,7.51E+01,2.0599
B_S2_D1_125-bebop_003_.wav,4,243.0739,8.82E+01,39.0625,4.18E+01,2.109
B_S2_D1_125-bebop_003_.wav,5,300.8048,6.61E+01,21.4844,2.79E+01,2.3653
B_S2_D1_125-bebop_003_.wav,6,360.3516,3.43E+01,34.1797,1.81E+01,1.8955
B_S2_D1_125-bebop_003_.wav,7,426.7578,1.37E+01,0.9766,1.46E+01,0.9378
B_S2_D1_125-bebop_003_.wav,8,482.6394,1.71E+01,19.5312,9.09E+00,1.8851
B_S2_D1_125-bebop_003_.wav,9,544.7563,1.38E+01,38.0859,7.14E+00,1.9314
B_S2_D1_125-bebop_003_.wav,10,603.4969,9.42E+00,37.1094,5.44E+00,1.7328
B_S2_D1_125-bebop_004_.wav,1,57.6641,2.87E+02,37.9464,6.82E+01,4.2076
B_S2_D1_125-bebop_004_.wav,2,116.015,1.89E+02,33.4821,6.85E+01,2.7515
B_S2_D1_125-bebop_004_.wav,3,177.4554,6.24E+01,34.5982,4.03E+01,1.55
B_S2_D1_125-bebop_004_.wav,4,228.7946,3.91E+01,12.2768,2.47E+01,1.5804
B_S2_D1_125-bebop_004_.wav,5,286.8304,3.12E+01,32.3661,1.39E+01,2.2432
B_S2_D1_125-bebop_004_.wav,6,344.8661,1.52E+01,32.3661,1.25E+01,1.2185
B_S2_D1_125-bebop_004_.wav,7,402.9018,1.33E+01,35.7143,1.22E+01,1.0867
B_S2_D1_125-bebop_004_.wav,8,462.1283,8.02E+00,21.2054,5.12E+00,1.5649
B_S2_D1_125-bebop_004_.wav,9,518.9732,8.80E+00,26.7857,4.04E+00,2.1756
B_S2_D1_125-bebop_004_.wav,10,580.7402,8.93E+00,5.5804,4.52E+00,1.9744
B_S2_D1_126-bebop_000_.wav,1,52.6236,4.16E+02,22.4609,1.07E+02,3.8841
B_S2_D1_126-bebop_000_.wav,2,102.5391,1.48E+02,17.5781,1.01E+02,1.4629
B_S2_D1_126-bebop_000_.wav,3,158.0793,1.28E+02,37.1094,4.99E+01,2.5728
B_S2_D1_126-bebop_000_.wav,4,213.3427,2.35E+01,35.1562,2.43E+01,0.9638
B_S2_D1_126-bebop_000_.wav,5,264.4942,3.64E+01,35.1562,2.05E+01,1.7737
B_S2_D1_126-bebop_000_.wav,6,316.9796,3.10E+01,38.0859,1.83E+01,1.6987
B_S2_D1_126-bebop_000_.wav,7,371.0967,4.51E+01,20.5078,1.83E+01,2.4573
B_S2_D1_126-bebop_000_.wav,8,424.8047,3.23E+01,39.0625,1.98E+01,1.6285
B_S2_D1_126-bebop_000_.wav,9,471.6797,2.46E+01,7.8125,1.54E+01,1.5965
B_S2_D1_126-bebop_000_.wav,10,528.476,8.96E+00,38.0859,6.31E+00,1.4206
B_S2_D1_126-bebop_001_.wav,1,53.6716,5.91E+02,19.5312,1.20E+02,4.913
B_S2_D1_126-bebop_001_.wav,2,107.2483,1.71E+02,34.1797,1.10E+02,1.5535
B_S2_D1_126-bebop_001_.wav,3,163.3457,9.20E+01,37.1094,5.62E+01,1.6376
B_S2_D1_126-bebop_001_.wav,4,212.8325,4.63E+01,36.1328,3.60E+01,1.2871
B_S2_D1_126-bebop_001_.wav,5,269.4886,4.45E+01,31.25,2.69E+01,1.6517
B_S2_D1_126-bebop_001_.wav,6,320.9205,1.98E+01,31.25,1.69E+01,1.1742
B_S2_D1_126-bebop_001_.wav,7,373.7115,4.98E+01,36.1328,1.41E+01,3.5392
B_S2_D1_126-bebop_001_.wav,8,426.7578,3.53E+01,11.7188,9.88E+00,3.5755
B_S2_D1_126-bebop_001_.wav,9,485.2347,6.51E+00,33.2031,5.04E+00,1.2911
B_S2_D1_126-bebop_001_.wav,10,535.7265,6.63E+00,39.0625,4.64E+00,1.4284
B_S2_D1_126-bebop_002_.wav,1,60.5551,4.85E+02,25.3906,8.40E+01,5.7765
B_S2_D1_126-bebop_002_.wav,2,124.0234,1.21E+02,37.1094,6.44E+01,1.8828
B_S2_D1_126-bebop_002_.wav,3,184.5703,5.45E+01,30.2734,3.44E+01,1.5835
B_S2_D1_126-bebop_002_.wav,4,241.0107,3.70E+01,39.0625,2.02E+01,1.8317
B_S2_D1_126-bebop_002_.wav,5,302.5992,2.65E+01,12.6953,1.42E+01,1.8638
B_S2_D1_126-bebop_002_.wav,6,363.2033,1.29E+01,37.1094,8.07E+00,1.6008
B_S2_D1_126-bebop_002_.wav,7,426.7578,9.15E+00,39.0625,7.32E+00,1.2503
B_S2_D1_126-bebop_002_.wav,8,481.4453,7.37E+01,16.6016,5.95E+00,12.381
B_S2_D1_126-bebop_002_.wav,9,547.8516,5.14E+00,35.1562,3.12E+00,1.6485
B_S2_D1_126-bebop_002_.wav,10,604.5405,8.19E+00,8.7891,6.89E+00,1.1883
B_S2_D1_126-bebop_003_.wav,1,63.0305,4.15E+02,37.1094,9.90E+01,4.1961
B_S2_D1_126-bebop_003_.wav,2,125.9957,1.47E+02,38.0859,8.68E+01,1.6893
B_S2_D1_126-bebop_003_.wav,3,190.5852,4.37E+01,31.25,3.55E+01,1.2318
B_S2_D1_126-bebop_003_.wav,4,253.4107,2.58E+01,27.3438,1.97E+01,1.3074
B_S2_D1_126-bebop_003_.wav,5,320.3125,2.61E+01,38.0859,1.66E+01,1.5678
B_S2_D1_126-bebop_003_.wav,6,378.91,1.16E+01,38.0859,1.00E+01,1.155
B_S2_D1_126-bebop_003_.wav,7,446.2705,8.64E+01,22.4609,1.05E+01,8.195
B_S2_D1_126-bebop_003_.wav,8,504.8828,1.35E+01,23.4375,6.36E+00,2.1206
B_S2_D1_126-bebop_003_.wav,9,574.2188,6.16E+00,10.7422,6.18E+00,0.9975
B_S2_D1_126-bebop_003_.wav,10,635.5513,3.09E+01,22.4609,1.09E+01,2.836
B_S2_D1_126-bebop_004_.wav,1,50.3736,2.29E+02,21.2054,5.82E+01,3.9357
B_S2_D1_126-bebop_004_.wav,2,99.5307,1.85E+02,21.2054,5.87E+01,3.1505
B_S2_D1_126-bebop_004_.wav,3,154.0179,6.52E+01,26.7857,3.81E+01,1.7133
B_S2_D1_126-bebop_004_.wav,4,203.125,3.85E+01,27.9018,2.79E+01,1.3806
B_S2_D1_126-bebop_004_.wav,5,247.7679,2.76E+01,25.6696,2.01E+01,1.3753
B_S2_D1_126-bebop_004_.wav,6,304.6875,1.82E+01,1.1161,1.61E+01,1.1286
B_S2_D1_126-bebop_004_.wav,7,354.9107,1.83E+01,23.4375,9.63E+00,1.8982
B_S2_D1_126-bebop_004_.wav,8,398.4375,4.75E+00,35.7143,3.58E+00,1.3261
B_S2_D1_126-bebop_004_.wav,9,453.381,8.89E+00,1.1161,5.10E+00,1.7443
B_S2_D1_126-bebop_004_.wav,10,500.2335,1.48E+01,1.1161,5.36E+00,2.7727
B_S2_D1_127-bebop_000_.wav,1,57.2213,3.61E+02,22.4609,6.46E+01,5.593
B_S2_D1_127-bebop_000_.wav,2,114.174,1.25E+02,31.25,5.95E+01,2.1103
B_S2_D1_127-bebop_000_.wav,3,173.1384,5.84E+01,1.9531,4.00E+01,1.4604
B_S2_D1_127-bebop_000_.wav,4,230.3507,2.31E+01,32.2266,2.04E+01,1.1324
B_S2_D1_127-bebop_000_.wav,5,287.3155,3.00E+01,34.1797,1.65E+01,1.8201
B_S2_D1_127-bebop_000_.wav,6,342.7734,3.07E+01,23.4375,1.30E+01,2.3686
B_S2_D1_127-bebop_000_.wav,7,400.97,1.31E+01,34.1797,7.84E+00,1.6727
B_S2_D1_127-bebop_000_.wav,8,458.0078,2.84E+01,5.8594,9.76E+00,2.9124
B_S2_D1_127-bebop_000_.wav,9,515.625,3.51E+00,36.1328,4.84E+00,0.7245
B_S2_D1_127-bebop_000_.wav,10,578.0929,5.98E+00,34.1797,4.41E+00,1.3578
B_S2_D1_127-bebop_001_.wav,1,60.0013,4.52E+02,31.25,1.14E+02,3.9585
B_S2_D1_127-bebop_001_.wav,2,117.7785,1.44E+02,36.1328,9.48E+01,1.5198
B_S2_D1_127-bebop_001_.wav,3,180.7687,1.09E+02,28.3203,4.61E+01,2.3636
B_S2_D1_127-bebop_001_.wav,4,241.2109,5.65E+01,38.0859,2.64E+01,2.1429
B_S2_D1_127-bebop_001_.wav,5,295.8677,2.04E+01,7.8125,1.62E+01,1.256
B_S2_D1_127-bebop_001_.wav,6,356.6207,5.28E+01,13.6719,1.39E+01,3.7992
B_S2_D1_127-bebop_001_.wav,7,414.8447,3.32E+01,2.9297,1.15E+01,2.8933
B_S2_D1_127-bebop_001_.wav,8,474.2419,1.09E+01,39.0625,8.00E+00,1.3588
B_S2_D1_127-bebop_001_.wav,9,533.9825,4.38E+00,38.0859,5.86E+00,0.748
B_S2_D1_127-bebop_001_.wav,10,594.5934,8.80E+00,5.8594,4.67E+00,1.8837
B_S2_D1_127-bebop_002_.wav,1,63.1279,4.26E+02,28.3203,1.04E+02,4.1153
B_S2_D1_127-bebop_002_.wav,2,124.0234,9.22E+01,15.625,6.58E+01,1.4003
B_S2_D1_127-bebop_002_.wav,3,187.5,6.19E+01,34.1797,3.13E+01,1.9774
B_S2_D1_127-bebop_002_.wav,4,252.8924,2.37E+01,30.2734,2.13E+01,1.1165
B_S2_D1_127-bebop_002_.wav,5,315.5222,2.13E+01,23.4375,1.33E+01,1.6104
B_S2_D1_127-bebop_002_.wav,6,382.5254,1.34E+01,10.7422,8.11E+00,1.6587
B_S2_D1_127-bebop_002_.wav,7,445.1403,4.06E+01,1.9531,5.74E+00,7.0758
B_S2_D1_127-bebop_002_.wav,8,507.7173,1.01E+01,25.3906,3.34E+00,3.0287
B_S2_D1_127-bebop_002_.wav,9,570.6419,1.77E+01,1.9531,3.70E+00,4.7935
B_S2_D1_127-bebop_002_.wav,10,631.8359,4.11E+00,38.0859,2.97E+00,1.3845
B_S2_D1_127-bebop_003_.wav,1,42.2184,4.53E+02,9.7656,8.35E+01,5.4254
B_S2_D1_127-bebop_003_.wav,2,82.828,1.26E+02,12.6953,1.07E+02,1.1781
B_S2_D1_127-bebop_003_.wav,3,123.0469,1.88E+02,38.0859,7.63E+01,2.4617
B_S2_D1_127-bebop_003_.wav,4,166.1689,5.26E+01,26.3672,5.38E+01,0.9774
B_S2_D1_127-bebop_003_.wav,5,209.2998,7.29E+01,35.1562,3.29E+01,2.2198
B_S2_D1_127-bebop_003_.wav,6,252.2359,3.63E+01,29.2969,2.42E+01,1.4988
B_S2_D1_127-bebop_003_.wav,7,296.875,2.52E+01,33.2031,2.01E+01,1.2515
B_S2_D1_127-bebop_003_.wav,8,338.8672,2.69E+01,38.0859,1.59E+01,1.6892
B_S2_D1_127-bebop_003_.wav,9,375.6276,1.75E+01,17.5781,1.60E+01,1.0922
B_S2_D1_127-bebop_003_.wav,10,422.8516,2.57E+01,31.25,2.37E+01,1.0837
B_S2_D1_127-bebop_004_.wav,1,61.101,5.06E+02,17.8571,8.54E+01,5.9283
B_S2_D1_127-bebop_004_.wav,2,120.1378,1.40E+02,34.5982,6.93E+01,2.0192
B_S2_D1_127-bebop_004_.wav,3,183.9665,5.94E+01,36.8304,3.30E+01,1.7967
B_S2_D1_127-bebop_004_.wav,4,248.8839,3.08E+01,34.5982,1.62E+01,1.895
B_S2_D1_127-bebop_004_.wav,5,308.0767,3.11E+01,27.9018,1.35E+01,2.3081
B_S2_D1_127-bebop_004_.wav,6,367.3392,5.80E+01,33.4821,1.86E+01,3.117
B_S2_D1_127-bebop_004_.wav,7,433.0357,2.15E+01,20.0893,8.93E+00,2.4086
B_S2_D1_127-bebop_004_.wav,8,488.8393,3.40E+00,34.5982,3.48E+00,0.9767
B_S2_D1_127-bebop_004_.wav,9,554.9507,4.53E+00,27.9018,3.49E+00,1.3002
B_S2_D1_127-bebop_004_.wav,10,613.762,5.24E+00,34.5982,3.50E+00,1.4977
B_S2_D1_128-bebop_000_.wav,1,46.8953,5.33E+02,22.4609,1.27E+02,4.2075
B_S2_D1_128-bebop_000_.wav,2,94.3432,2.24E+02,27.3438,1.28E+02,1.7544
B_S2_D1_128-bebop_000_.wav,3,137.6953,1.12E+02,37.1094,5.32E+01,2.096
B_S2_D1_128-bebop_000_.wav,4,186.1618,5.45E+01,35.1562,2.66E+01,2.0469
B_S2_D1_128-bebop_000_.wav,5,236.4096,3.48E+01,35.1562,1.58E+01,2.2017
B_S2_D1_128-bebop_000_.wav,6,280.4847,2.75E+01,38.0859,1.23E+01,2.2304
B_S2_D1_128-bebop_000_.wav,7,325.1953,1.57E+01,31.25,1.21E+01,1.2992
B_S2_D1_128-bebop_000_.wav,8,373.7144,4.33E+01,15.625,9.70E+00,4.462
B_S2_D1_128-bebop_000_.wav,9,424.2994,1.24E+01,2.9297,9.93E+00,1.2515
B_S2_D1_128-bebop_000_.wav,10,471.6797,5.41E+00,7.8125,5.91E+00,0.9151
B_S2_D1_128-bebop_001_.wav,1,45.6374,2.72E+02,22.4609,5.06E+01,5.3698
B_S2_D1_128-bebop_001_.wav,2,92.3681,1.16E+02,19.5312,5.77E+01,2.0075
B_S2_D1_128-bebop_001_.wav,3,139.6584,5.51E+01,36.1328,2.88E+01,1.9129
B_S2_D1_128-bebop_001_.wav,4,180.6641,1.93E+01,32.2266,1.72E+01,1.1222
B_S2_D1_128-bebop_001_.wav,5,227.2379,1.80E+01,37.1094,1.01E+01,1.7914
B_S2_D1_128-bebop_001_.wav,6,275.6734,1.38E+01,34.1797,7.77E+00,1.7757
B_S2_D1_128-bebop_001_.wav,7,322.2892,4.53E+00,39.0625,8.20E+00,0.553
B_S2_D1_128-bebop_001_.wav,8,370.1172,1.64E+01,32.2266,1.56E+01,1.0509
B_S2_D1_128-bebop_001_.wav,9,413.76,3.71E+01,39.0625,1.78E+01,2.0897
B_S2_D1_128-bebop_001_.wav,10,458.9396,3.20E+00,11.7188,3.95E+00,0.8104
B_S2_D1_128-bebop_002_.wav,1,54.4812,1.94E+02,17.5781,3.74E+01,5.1854
B_S2_D1_128-bebop_002_.wav,2,112.3047,5.69E+01,19.5312,2.60E+01,2.1851
B_S2_D1_128-bebop_002_.wav,3,166.4692,2.81E+01,21.4844,1.28E+01,2.2002
B_S2_D1_128-bebop_002_.wav,4,218.5032,8.20E+00,37.1094,7.38E+00,1.1111
B_S2_D1_128-bebop_002_.wav,5,276.3672,1.36E+01,18.5547,6.17E+00,2.2013
B_S2_D1_128-bebop_002_.wav,6,330.0864,1.33E+01,7.8125,9.48E+00,1.4065
B_S2_D1_128-bebop_002_.wav,7,379.8828,1.89E+01,37.1094,1.87E+01,1.0121
B_S2_D1_128-bebop_002_.wav,8,439.3461,5.16E+01,13.6719,1.84E+01,2.8085
B_S2_D1_128-bebop_002_.wav,9,491.7584,2.69E+01,22.4609,7.79E+00,3.4528
B_S2_D1_128-bebop_002_.wav,10,549.0568,8.26E+00,36.1328,6.65E+00,1.2407
B_S2_D1_128-bebop_003_.wav,1,62.6885,2.83E+02,34.1797,8.80E+01,3.2166
B_S2_D1_128-bebop_003_.wav,2,126.0776,1.06E+02,34.1797,6.55E+01,1.6207
B_S2_D1_128-bebop_003_.wav,3,189.5473,4.54E+01,32.2266,2.96E+01,1.5327
B_S2_D1_128-bebop_003_.wav,4,247.6409,2.02E+01,19.5312,1.27E+01,1.5957
B_S2_D1_128-bebop_003_.wav,5,312.0823,1.07E+01,9.7656,1.13E+01,0.9461
B_S2_D1_128-bebop_003_.wav,6,377.9297,6.47E+01,20.5078,2.35E+01,2.7468
B_S2_D1_128-bebop_003_.wav,7,437.7399,1.51E+01,37.1094,2.02E+01,0.7459
B_S2_D1_128-bebop_003_.wav,8,502.9297,5.32E+00,23.4375,4.45E+00,1.1954
B_S2_D1_128-bebop_003_.wav,9,565.4297,9.95E+00,34.1797,4.37E+00,2.279
B_S2_D1_128-bebop_003_.wav,10,622.0703,5.05E+00,39.0625,3.79E+00,1.3317
B_S2_D1_128-bebop_004_.wav,1,65.7508,3.14E+02,31.25,8.56E+01,3.6754
B_S2_D1_128-bebop_004_.wav,2,130.1741,8.76E+01,39.0625,5.64E+01,1.5527
B_S2_D1_128-bebop_004_.wav,3,194.2587,5.09E+01,37.1094,3.30E+01,1.5432
B_S2_D1_128-bebop_004_.wav,4,264.6484,1.49E+01,20.5078,1.19E+01,1.255
B_S2_D1_128-bebop_004_.wav,5,328.9597,1.74E+01,12.6953,1.30E+01,1.3343
B_S2_D1_128-bebop_004_.wav,6,390.9821,1.26E+01,1.9531,1.97E+01,0.6373
B_S2_D1_128-bebop_004_.wav,7,457.9959,1.04E+01,4.8828,6.99E+00,1.4858
B_S2_D1_128-bebop_004_.wav,8,520.5078,8.87E+00,15.625,3.70E+00,2.3982
B_S2_D1_128-bebop_004_.wav,9,591.7969,1.02E+01,31.25,4.17E+00,2.4461
B_S2_D1_128-bebop_004_.wav,10,656.6363,7.68E+00,35.1562,3.85E+00,1.9962
B_S2_D1_129-bebop_000_.wav,1,50.0146,3.81E+02,21.4844,5.11E+01,7.4545
B_S2_D1_129-bebop_000_.wav,2,102.5391,1.12E+02,36.1328,5.77E+01,1.9367
B_S2_D1_129-bebop_000_.wav,3,152.3438,2.57E+01,35.1562,3.21E+01,0.8028
B_S2_D1_129-bebop_000_.wav,4,197.0948,2.08E+01,39.0625,1.86E+01,1.1227
B_S2_D1_129-bebop_000_.wav,5,249.128,2.06E+01,39.0625,1.37E+01,1.5107
B_S2_D1_129-bebop_000_.wav,6,296.8281,1.41E+01,38.0859,8.68E+00,1.6246
B_S2_D1_129-bebop_000_.wav,7,349.6191,7.08E+00,36.1328,7.27E+00,0.9731
B_S2_D1_129-bebop_000_.wav,8,396.8572,2.38E+01,39.0625,1.10E+01,2.1682
B_S2_D1_129-bebop_000_.wav,9,445.3125,5.60E+00,5.8594,3.48E+00,1.6082
B_S2_D1_129-bebop_000_.wav,10,500.9766,3.53E+00,37.1094,2.31E+00,1.5244
B_S2_D1_129-bebop_001_.wav,1,49.8487,4.54E+02,16.6016,7.15E+01,6.3534
B_S2_D1_129-bebop_001_.wav,2,101.8788,1.86E+02,18.5547,9.03E+01,2.059
B_S2_D1_129-bebop_001_.wav,3,150.0366,1.26E+02,37.1094,5.97E+01,2.1071
B_S2_D1_129-bebop_001_.wav,4,202.1484,4.60E+01,31.25,3.39E+01,1.3585
B_S2_D1_129-bebop_001_.wav,5,247.0336,3.99E+01,37.1094,2.25E+01,1.7721
B_S2_D1_129-bebop_001_.wav,6,300.0675,1.29E+01,36.1328,1.25E+01,1.0342
B_S2_D1_129-bebop_001_.wav,7,349.7985,8.95E+00,23.4375,9.47E+00,0.9448
B_S2_D1_129-bebop_001_.wav,8,396.381,6.62E+01,23.4375,1.09E+01,6.0755
B_S2_D1_129-bebop_001_.wav,9,445.3125,4.40E+00,32.2266,5.17E+00,0.8503
B_S2_D1_129-bebop_001_.wav,10,495.8437,7.71E+00,39.0625,3.89E+00,1.9844
B_S2_D1_129-bebop_002_.wav,1,64.5903,5.21E+02,16.6016,7.83E+01,6.6519
B_S2_D1_129-bebop_002_.wav,2,127.2811,1.14E+02,34.1797,5.84E+01,1.9539
B_S2_D1_129-bebop_002_.wav,3,196.2891,4.77E+01,38.0859,3.00E+01,1.5926
B_S2_D1_129-bebop_002_.wav,4,258.0558,2.51E+01,37.1094,1.57E+01,1.5974
B_S2_D1_129-bebop_002_.wav,5,322.1994,1.88E+01,30.2734,1.02E+01,1.8512
B_S2_D1_129-bebop_002_.wav,6,388.2954,4.84E+01,19.5312,1.13E+01,4.2756
B_S2_D1_129-bebop_002_.wav,7,451.3092,9.04E+00,39.0625,4.90E+00,1.8434
B_S2_D1_129-bebop_002_.wav,8,516.0778,7.64E+00,21.4844,3.26E+00,2.3407
B_S2_D1_129-bebop_002_.wav,9,579.9941,3.10E+00,36.1328,2.46E+00,1.2596
B_S2_D1_129-bebop_002_.wav,10,643.585,1.12E+01,17.5781,2.91E+00,3.8511
B_S2_D1_129-bebop_003_.wav,1,65.4517,3.63E+02,31.25,6.13E+01,5.9244
B_S2_D1_129-bebop_003_.wav,2,128.96,8.76E+01,22.4609,4.38E+01,1.9979
B_S2_D1_129-bebop_003_.wav,3,197.3448,1.71E+01,39.0625,1.59E+01,1.0709
B_S2_D1_129-bebop_003_.wav,4,264.6484,1.33E+01,23.4375,8.45E+00,1.5775
B_S2_D1_129-bebop_003_.wav,5,325.0541,8.36E+00,18.5547,6.20E+00,1.348
B_S2_D1_129-bebop_003_.wav,6,393.4843,1.11E+01,39.0625,1.12E+01,0.9878
B_S2_D1_129-bebop_003_.wav,7,460.0563,7.17E+00,11.7188,6.02E+00,1.1912
B_S2_D1_129-bebop_003_.wav,8,524.4947,3.81E+00,34.1797,3.03E+00,1.2573
B_S2_D1_129-bebop_003_.wav,9,586.5245,7.21E+00,28.3203,2.95E+00,2.4458
B_S2_D1_129-bebop_003_.wav,10,656.4685,3.71E+00,30.2734,2.89E+00,1.2845
B_S2_D1_129-bebop_004_.wav,1,51.9731,6.46E+02,6.6964,1.21E+02,5.3384
B_S2_D1_129-bebop_004_.wav,2,101.5625,2.07E+02,31.25,1.56E+02,1.3248
B_S2_D1_129-bebop_004_.wav,3,157.0507,2.01E+02,36.8304,1.02E+02,1.9805
B_S2_D1_129-bebop_004_.wav,4,209.4749,1.23E+02,23.4375,7.55E+01,1.6276
B_S2_D1_129-bebop_004_.wav,5,261.1182,7.21E+01,37.9464,4.92E+01,1.4659
B_S2_D1_129-bebop_004_.wav,6,314.7109,1.73E+01,5.5804,3.23E+01,0.5363
B_S2_D1_129-bebop_004_.wav,7,370.5357,4.28E+01,36.8304,3.18E+01,1.3456
B_S2_D1_129-bebop_004_.wav,8,416.2946,8.49E+01,20.0893,1.81E+01,4.6902
B_S2_D1_129-bebop_004_.wav,9,475.4464,1.32E+01,31.25,8.24E+00,1.6018
B_S2_D1_129-bebop_004_.wav,10,527.9018,1.11E+01,33.4821,5.65E+00,1.9649
B_S2_D1_130-bebop_000_.wav,1,48.7563,6.88E+02,19.5312,1.02E+02,6.7433
B_S2_D1_130-bebop_000_.wav,2,96.0912,2.73E+02,38.0859,1.50E+02,1.8246
B_S2_D1_130-bebop_000_.wav,3,143.5547,1.63E+02,35.1562,9.46E+01,1.7181
B_S2_D1_130-bebop_000_.wav,4,193.5675,9.09E+01,32.2266,5.94E+01,1.5307
B_S2_D1_130-bebop_000_.wav,5,242.6118,1.12E+02,38.0859,5.50E+01,2.0418
B_S2_D1_130-bebop_000_.wav,6,291.2503,9.00E+01,35.1562,4.24E+01,2.124
B_S2_D1_130-bebop_000_.wav,7,338.8672,3.42E+01,39.0625,3.02E+01,1.1308
B_S2_D1_130-bebop_000_.wav,8,388.6161,4.67E+01,36.1328,2.39E+01,1.9559
B_S2_D1_130-bebop_000_.wav,9,439.2633,3.26E+01,37.1094,1.67E+01,1.9515
B_S2_D1_130-bebop_000_.wav,10,485.3516,3.47E+01,33.2031,1.35E+01,2.5619
B_S2_D1_130-bebop_001_.wav,1,66.9593,5.10E+02,31.25,1.42E+02,3.6014
B_S2_D1_130-bebop_001_.wav,2,133.4019,1.01E+02,37.1094,8.72E+01,1.1591
B_S2_D1_130-bebop_001_.wav,3,199.2188,5.95E+01,18.5547,4.51E+01,1.3176
B_S2_D1_130-bebop_001_.wav,4,270.4792,4.70E+01,38.0859,2.93E+01,1.6001
B_S2_D1_130-bebop_001_.wav,5,333.9844,1.33E+01,39.0625,1.89E+01,0.7022
B_S2_D1_130-bebop_001_.wav,6,407.2266,4.63E+01,8.7891,1.32E+01,3.5154
B_S2_D1_130-bebop_001_.wav,7,468.75,5.59E+00,38.0859,4.26E+00,1.3106
B_S2_D1_130-bebop_001_.wav,8,536.6522,8.69E+00,5.8594,4.32E+00,2.0099
B_S2_D1_130-bebop_001_.wav,9,606.6724,4.80E+00,29.2969,3.22E+00,1.4902
B_S2_D1_130-bebop_001_.wav,10,673.7592,8.76E+00,16.6016,5.27E+00,1.6636
B_S2_D1_130-bebop_002_.wav,1,49.0385,1.77E+02,21.4844,3.31E+01,5.3532
B_S2_D1_130-bebop_002_.wav,2,95.9466,8.73E+01,16.6016,3.30E+01,2.6454
B_S2_D1_130-bebop_002_.wav,3,148.8228,3.36E+01,22.4609,1.22E+01,2.7522
B_S2_D1_130-bebop_002_.wav,4,196.1888,1.22E+01,35.1562,7.19E+00,1.6923
B_S2_D1_130-bebop_002_.wav,5,241.2109,7.96E+00,33.2031,5.30E+00,1.5026
B_S2_D1_130-bebop_002_.wav,6,295.8984,5.07E+01,2.9297,6.27E+00,8.0891
B_S2_D1_130-bebop_002_.wav,7,344.7266,5.56E+01,34.1797,1.04E+01,5.3426
B_S2_D1_130-bebop_002_.wav,8,387.6953,4.28E+00,9.7656,7.73E+00,0.5531
B_S2_D1_130-bebop_002_.wav,9,437.27,9.12E+01,17.5781,4.65E+00,19.6163
B_S2_D1_130-bebop_002_.wav,10,490.337,4.94E+00,37.1094,3.84E+00,1.2858
B_S2_D1_130-bebop_003_.wav,1,44.9407,2.15E+02,22.4609,4.12E+01,5.2223
B_S2_D1_130-bebop_003_.wav,2,92.7734,8.70E+01,38.0859,6.55E+01,1.3285
B_S2_D1_130-bebop_003_.wav,3,132.6023,5.79E+01,39.0625,4.46E+01,1.2995
B_S2_D1_130-bebop_003_.wav,4,178.4145,3.81E+01,20.5078,2.47E+01,1.5384
B_S2_D1_130-bebop_003_.wav,5,223.5593,1.94E+01,38.0859,1.43E+01,1.3594
B_S2_D1_130-bebop_003_.wav,6,272.4609,1.46E+01,37.1094,8.74E+00,1.6661
B_S2_D1_130-bebop_003_.wav,7,316.2623,4.14E+00,33.2031,4.92E+00,0.8421
B_S2_D1_130-bebop_003_.wav,8,357.4286,1.69E+01,9.7656,9.10E+00,1.8529
B_S2_D1_130-bebop_003_.wav,9,407.2266,8.97E+01,21.4844,1.70E+01,5.2879
B_S2_D1_130-bebop_003_.wav,10,446.2891,9.80E+00,9.7656,3.98E+00,2.4653
B_S2_D1_130-bebop_004_.wav,1,55.5495,1.61E+02,16.7411,2.00E+01,8.0416
B_S2_D1_130-bebop_004_.wav,2,114.9554,2.14E+01,37.9464,2.01E+01,1.0647
B_S2_D1_130-bebop_004_.wav,3,167.3831,2.21E+01,32.3661,8.49E+00,2.6005
B_S2_D1_130-bebop_004_.wav,4,224.5197,5.79E+00,36.8304,6.05E+00,0.9564
B_S2_D1_130-bebop_004_.wav,5,282.3661,3.26E+00,27.9018,2.87E+00,1.1346
B_S2_D1_130-bebop_004_.wav,6,335.7031,3.48E+00,2.2321,4.03E+00,0.8617
B_S2_D1_130-bebop_004_.wav,7,387.2768,1.58E+01,37.9464,1.88E+01,0.841
B_S2_D1_130-bebop_004_.wav,8,443.0804,1.45E+01,14.5089,5.46E+00,2.6465
B_S2_D1_130-bebop_004_.wav,9,505.5804,9.08E+00,16.7411,3.08E+00,2.9448
B_S2_D1_130-bebop_004_.wav,10,559.3922,5.29E+00,35.7143,3.85E+00,1.3733
B_S2_D1_131-bebop_000_.wav,1,48.8442,2.21E+02,19.5312,3.94E+01,5.6132
B_S2_D1_131-bebop_000_.wav,2,95.3921,5.78E+01,36.1328,4.63E+01,1.2505
B_S2_D1_131-bebop_000_.wav,3,143.5547,2.20E+01,14.6484,1.82E+01,1.2096
B_S2_D1_131-bebop_000_.wav,4,194.4399,1.83E+01,33.2031,1.00E+01,1.8264
B_S2_D1_131-bebop_000_.wav,5,241.2109,1.65E+01,33.2031,7.43E+00,2.2258
B_S2_D1_131-bebop_000_.wav,6,293.7991,7.93E+00,39.0625,4.27E+00,1.8589
B_S2_D1_131-bebop_000_.wav,7,343.6777,7.98E+00,9.7656,5.77E+00,1.384
B_S2_D1_131-bebop_000_.wav,8,392.3107,1.71E+01,3.9062,2.08E+01,0.8224
B_S2_D1_131-bebop_000_.wav,9,440.5736,2.67E+01,11.7188,1.30E+01,2.0633
B_S2_D1_131-bebop_000_.wav,10,491.2109,9.75E+00,16.6016,3.10E+00,3.1504
B_S2_D1_131-bebop_001_.wav,1,59.6903,3.78E+02,29.2969,8.42E+01,4.487
B_S2_D1_131-bebop_001_.wav,2,120.8188,4.74E+01,37.1094,6.64E+01,0.7146
B_S2_D1_131-bebop_001_.wav,3,181.6406,9.60E+01,29.2969,3.16E+01,3.0342
B_S2_D1_131-bebop_001_.wav,4,241.2109,2.95E+01,31.25,1.93E+01,1.5283
B_S2_D1_131-bebop_001_.wav,5,300.7812,1.48E+01,34.1797,1.33E+01,1.1152
B_S2_D1_131-bebop_001_.wav,6,360.3516,1.55E+01,39.0625,1.21E+01,1.2772
B_S2_D1_131-bebop_001_.wav,7,418.9261,9.74E+01,19.5312,1.57E+01,6.1827
B_S2_D1_131-bebop_001_.wav,8,476.7005,5.51E+00,36.1328,4.45E+00,1.2402
B_S2_D1_131-bebop_001_.wav,9,535.1112,1.40E+01,29.2969,5.94E+00,2.3635
B_S2_D1_131-bebop_001_.wav,10,597.4581,5.77E+00,37.1094,4.00E+00,1.4417
B_S2_D1_131-bebop_002_.wav,1,62.1914,4.70E+02,30.2734,1.31E+02,3.585
B_S2_D1_131-bebop_002_.wav,2,124.1977,1.46E+02,38.0859,1.09E+02,1.3394
B_S2_D1_131-bebop_002_.wav,3,186.7415,7.91E+01,38.0859,4.92E+01,1.608
B_S2_D1_131-bebop_002_.wav,4,247.0703,4.07E+01,37.1094,2.66E+01,1.5277
B_S2_D1_131-bebop_002_.wav,5,310.5402,3.11E+01,34.1797,1.76E+01,1.7688
B_S2_D1_131-bebop_002_.wav,6,372.0703,1.98E+01,24.4141,1.48E+01,1.3381
B_S2_D1_131-bebop_002_.wav,7,439.8542,4.30E+01,34.1797,2.45E+01,1.7505
B_S2_D1_131-bebop_002_.wav,8,497.0703,6.78E+00,28.3203,6.63E+00,1.0227
B_S2_D1_131-bebop_002_.wav,9,562.4419,9.12E+00,34.1797,6.43E+00,1.4187
B_S2_D1_131-bebop_002_.wav,10,627.1184,8.26E+01,3.9062,6.85E+00,12.0554
B_S2_D1_131-bebop_003_.wav,1,53.6883,4.76E+02,27.3438,9.67E+01,4.9202
B_S2_D1_131-bebop_003_.wav,2,104.4922,1.42E+02,32.2266,8.75E+01,1.6262
B_S2_D1_131-bebop_003_.wav,3,160.9053,1.21E+02,16.6016,4.69E+01,2.5845
B_S2_D1_131-bebop_003_.wav,4,211.9141,3.83E+01,30.2734,2.54E+01,1.5051
B_S2_D1_131-bebop_003_.wav,5,269.4981,2.98E+01,38.0859,2.01E+01,1.4804
B_S2_D1_131-bebop_003_.wav,6,323.4029,1.60E+01,33.2031,1.61E+01,0.991
B_S2_D1_131-bebop_003_.wav,7,373.0469,4.71E+01,8.7891,1.46E+01,3.2348
B_S2_D1_131-bebop_003_.wav,8,428.7529,2.70E+01,2.9297,1.25E+01,2.1579
B_S2_D1_131-bebop_003_.wav,9,485.2594,8.06E+00,25.3906,4.82E+00,1.6721
B_S2_D1_131-bebop_003_.wav,10,540.0391,3.77E+00,38.0859,4.82E+00,0.7839
B_S2_D1_131-bebop_004_.wav,1,73.3624,7.55E+02,33.4821,2.09E+02,3.6081
B_S2_D1_131-bebop_004_.wav,2,145.0893,3.67E+02,32.3661,1.39E+02,2.6433
B_S2_D1_131-bebop_004_.wav,3,224.3304,1.56E+02,32.3661,9.25E+01,1.6835
B_S2_D1_131-bebop_004_.wav,4,293.6051,1.52E+02,24.5536,6.47E+01,2.3414
B_S2_D1_131-bebop_004_.wav,5,364.9554,1.32E+02,23.4375,3.68E+01,3.5691
B_S2_D1_131-bebop_004_.wav,6,443.0277,6.56E+01,18.9732,2.26E+01,2.9039
B_S2_D1_131-bebop_004_.wav,7,517.2595,2.01E+01,36.8304,1.83E+01,1.0992
B_S2_D1_131-bebop_004_.wav,8,585.9375,2.82E+01,35.7143,1.70E+01,1.6599
B_S2_D1_131-bebop_004_.wav,9,662.6628,1.76E+01,37.9464,8.96E+00,1.9699
B_S2_D1_131-bebop_004_.wav,10,739.9554,2.00E+01,29.0179,1.23E+01,1.6286
B_S2_D1_132-bebop_000_.wav,1,58.5903,9.74E+02,17.5781,1.53E+02,6.3488
B_S2_D1_132-bebop_000_.wav,2,114.2578,4.34E+02,3.9062,1.81E+02,2.4017
B_S2_D1_132-bebop_000_.wav,3,177.0323,1.56E+02,20.5078,1.02E+02,1.5273
B_S2_D1_132-bebop_000_.wav,4,237.3047,1.60E+02,31.25,7.97E+01,2.0019
B_S2_D1_132-bebop_000_.wav,5,291.8803,7.08E+01,34.1797,5.42E+01,1.3061
B_S2_D1_132-bebop_000_.wav,6,353.5363,1.20E+02,24.4141,3.98E+01,3.0223
B_S2_D1_132-bebop_000_.wav,7,413.0859,2.73E+01,29.2969,3.06E+01,0.8914
B_S2_D1_132-bebop_000_.wav,8,471.6797,3.88E+01,19.5312,2.00E+01,1.9388
B_S2_D1_132-bebop_000_.wav,9,525.697,1.76E+01,34.1797,1.70E+01,1.0331
B_S2_D1_132-bebop_000_.wav,10,584.7604,2.21E+01,37.1094,1.63E+01,1.3581
B_S2_D1_132-bebop_001_.wav,1,67.2584,4.17E+02,39.0625,1.26E+02,3.3107
B_S2_D1_132-bebop_001_.wav,2,137.6953,1.42E+02,34.1797,6.67E+01,2.1275
B_S2_D1_132-bebop_001_.wav,3,203.1571,6.90E+01,39.0625,4.80E+01,1.4393
B_S2_D1_132-bebop_001_.wav,4,269.8367,6.43E+01,38.0859,4.57E+01,1.405
B_S2_D1_132-bebop_001_.wav,5,333.9844,6.14E+01,36.1328,3.70E+01,1.6586
B_S2_D1_132-bebop_001_.wav,6,406.4295,4.63E+01,30.2734,2.46E+01,1.8802
B_S2_D1_132-bebop_001_.wav,7,468.75,3.73E+01,15.625,1.33E+01,2.8103
B_S2_D1_132-bebop_001_.wav,8,538.0683,1.32E+01,31.25,8.62E+00,1.5325
B_S2_D1_132-bebop_001_.wav,9,603.5156,1.65E+01,17.5781,8.54E+00,1.929
B_S2_D1_132-bebop_001_.wav,10,670.8984,3.18E+01,7.8125,1.01E+01,3.1528
B_S2_D1_132-bebop_002_.wav,1,48.7326,4.95E+02,22.4609,7.96E+01,6.2178
B_S2_D1_132-bebop_002_.wav,2,94.7266,2.82E+02,38.0859,1.14E+02,2.4723
B_S2_D1_132-bebop_002_.wav,3,144.5261,1.68E+02,36.1328,9.05E+01,1.8536
B_S2_D1_132-bebop_002_.wav,4,194.4956,7.58E+01,35.1562,5.75E+01,1.3185
B_S2_D1_132-bebop_002_.wav,5,241.2109,4.17E+01,36.1328,4.12E+01,1.0134
B_S2_D1_132-bebop_002_.wav,6,290.6268,5.26E+01,33.2031,3.27E+01,1.6098
B_S2_D1_132-bebop_002_.wav,7,342.3096,3.72E+01,30.2734,1.98E+01,1.8801
B_S2_D1_132-bebop_002_.wav,8,387.6953,2.19E+01,35.1562,1.29E+01,1.7017
B_S2_D1_132-bebop_002_.wav,9,436.5234,4.09E+01,10.7422,1.57E+01,2.6055
B_S2_D1_132-bebop_002_.wav,10,491.2109,2.46E+01,21.4844,1.09E+01,2.2621
B_S2_D1_132-bebop_003_.wav,1,52.9978,9.54E+02,25.3906,1.68E+02,5.6779
B_S2_D1_132-bebop_003_.wav,2,106.5866,3.71E+02,39.0625,2.02E+02,1.8396
B_S2_D1_132-bebop_003_.wav,3,161.1328,1.37E+02,31.25,1.13E+02,1.2136
B_S2_D1_132-bebop_003_.wav,4,212.4576,1.60E+02,36.1328,9.97E+01,1.6094
B_S2_D1_132-bebop_003_.wav,5,263.7033,9.93E+01,29.2969,7.67E+01,1.2948
B_S2_D1_132-bebop_003_.wav,6,317.2936,5.14E+01,38.0859,5.30E+01,0.9698
B_S2_D1_132-bebop_003_.wav,7,366.8499,5.27E+01,38.0859,4.05E+01,1.3017
B_S2_D1_132-bebop_003_.wav,8,420.0328,3.52E+01,30.2734,2.39E+01,1.4736
B_S2_D1_132-bebop_003_.wav,9,473.4659,3.55E+01,34.1797,2.22E+01,1.5996
B_S2_D1_132-bebop_003_.wav,10,524.4141,5.89E+01,15.625,2.25E+01,2.6227
B_S2_D1_132-bebop_004_.wav,1,48.9745,3.18E+02,1.1161,3.22E+01,9.8669
B_S2_D1_132-bebop_004_.wav,2,94.8661,7.27E+01,30.1339,3.69E+01,1.967
B_S2_D1_132-bebop_004_.wav,3,146.197,6.80E+01,6.6964,2.49E+01,2.7268
B_S2_D1_132-bebop_004_.wav,4,194.1964,2.45E+01,21.2054,1.18E+01,2.0761
B_S2_D1_132-bebop_004_.wav,5,247.9299,1.66E+01,33.4821,8.20E+00,2.0188
B_S2_D1_132-bebop_004_.wav,6,296.7131,2.18E+01,35.7143,1.07E+01,2.0265
B_S2_D1_132-bebop_004_.wav,7,343.9851,2.14E+01,39.0625,1.33E+01,1.6109
B_S2_D1_132-bebop_004_.wav,8,396.2054,2.37E+01,36.8304,1.21E+01,1.9593
B_S2_D1_132-bebop_004_.wav,9,443.8314,4.36E+01,39.0625,1.49E+01,2.9288
B_S2_D1_132-bebop_004_.wav,10,494.4196,5.63E+01,26.7857,1.66E+01,3.3839
B_S2_D1_133-bebop_000_.wav,1,56.4512,4.84E+02,36.2694,1.10E+02,4.3853
B_S2_D1_133-bebop_000_.wav,2,114.3478,2.90E+02,38.8601,1.17E+02,2.4706
B_S2_D1_133-bebop_000_.wav,3,167.8406,1.31E+02,37.5648,7.06E+01,1.8506
B_S2_D1_133-bebop_000_.wav,4,224.0933,6.48E+01,33.6788,5.41E+01,1.1969
B_S2_D1_133-bebop_000_.wav,5,284.7674,8.95E+01,33.6788,5.29E+01,1.692
B_S2_D1_133-bebop_000_.wav,6,343.9874,5.86E+01,28.4974,3.43E+01,1.7104
B_S2_D1_133-bebop_000_.wav,7,400.2091,6.79E+01,37.5648,2.63E+01,2.5836
B_S2_D1_133-bebop_000_.wav,8,456.9176,2.01E+01,37.5648,1.81E+01,1.1126
B_S2_D1_133-bebop_000_.wav,9,509.0674,2.32E+01,37.5648,1.26E+01,1.8316
B_S2_D1_133-bebop_000_.wav,10,569.8599,3.50E+01,15.544,1.40E+01,2.4976
Membo_0_000-membo_000_.wav,1,49.4311,2.59E+02,0.9766,3.08E+00,83.9252
Membo_0_000-membo_000_.wav,2,100.2099,1.31E+01,15.625,2.57E+00,5.092
Membo_0_000-membo_000_.wav,3,150.2826,2.35E+00,18.5547,1.17E+00,2.0192
Membo_0_000-membo_000_.wav,4,200.1567,1.21E+01,0.9766,7.28E-01,16.611
Membo_0_000-membo_000_.wav,5,246.9235,1.96E+00,21.4844,7.86E-01,2.4946
Membo_0_000-membo_000_.wav,6,295.8984,7.57E+00,10.7422,8.76E-01,8.634
Membo_0_000-membo_000_.wav,7,345.7031,5.08E+00,0.9766,7.26E-01,6.9905
Membo_0_000-membo_000_.wav,8,395.5078,2.92E+00,1.9531,5.57E-01,5.247
Membo_0_000-membo_000_.wav,9,447.5917,5.97E-01,28.3203,4.50E-01,1.3267
Membo_0_000-membo_000_.wav,10,495.1172,1.23E+00,0.9766,5.28E-01,2.3196
Membo_0_000-membo_001_.wav,1,49.3765,2.74E+02,0.9766,2.43E+00,113.071
Membo_0_000-membo_001_.wav,2,100.2768,1.15E+01,12.6953,2.60E+00,4.4333
Membo_0_000-membo_001_.wav,3,148.0384,1.76E+00,38.0859,1.29E+00,1.3643
Membo_0_000-membo_001_.wav,4,200.1886,1.29E+01,0,1.00E+00,12.8908
Membo_0_000-membo_001_.wav,5,251.9531,1.41E+00,37.1094,8.95E-01,1.576
Membo_0_000-membo_001_.wav,6,300.662,8.88E+00,17.5781,1.07E+00,8.2758
Membo_0_000-membo_001_.wav,7,345.7031,7.02E+00,0.9766,8.96E-01,7.8267
Membo_0_000-membo_001_.wav,8,395.5078,2.50E+00,19.5312,6.57E-01,3.8121
Membo_0_000-membo_001_.wav,9,449.146,1.07E+00,32.2266,6.09E-01,1.7593
Membo_0_000-membo_001_.wav,10,495.1172,1.40E+00,1.9531,6.46E-01,2.1646
Membo_0_000-membo_002_.wav,1,49.3259,2.58E+02,0.9766,1.99E+00,129.5465
Membo_0_000-membo_002_.wav,2,99.7149,1.37E+01,1.9531,1.88E+00,7.2769
Membo_0_000-membo_002_.wav,3,152.3438,3.10E+00,38.0859,1.10E+00,2.8167
Membo_0_000-membo_002_.wav,4,200.1271,1.19E+01,0.9766,8.41E-01,14.1439
Membo_0_000-membo_002_.wav,5,247.0454,1.26E+00,39.0625,7.79E-01,1.6226
Membo_0_000-membo_002_.wav,6,299.8703,6.67E+00,18.5547,7.79E-01,8.5625
Membo_0_000-membo_002_.wav,7,345.7031,4.43E+00,0.9766,6.66E-01,6.6602
Membo_0_000-membo_002_.wav,8,395.5078,2.81E+00,7.8125,5.69E-01,4.9342
Membo_0_000-membo_002_.wav,9,451.1719,6.44E-01,36.1328,6.69E-01,0.9626
Membo_0_000-membo_002_.wav,10,495.1172,1.28E+00,33.2031,7.18E-01,1.7762
Membo_0_000-membo_003_.wav,1,49.3872,2.50E+02,0.9766,3.57E+00,70.0307
Membo_0_000-membo_003_.wav,2,99.5509,1.22E+01,1.9531,3.01E+00,4.064
Membo_0_000-membo_003_.wav,3,146.4844,1.77E+00,32.2266,1.64E+00,1.0743
Membo_0_000-membo_003_.wav,4,200.186,1.05E+01,8.7891,1.33E+00,7.9101
Membo_0_000-membo_003_.wav,5,249.3318,1.59E+00,31.25,1.21E+00,1.3137
Membo_0_000-membo_003_.wav,6,297.2519,1.15E+01,12.6953,1.01E+00,11.3532
Membo_0_000-membo_003_.wav,7,345.7031,3.85E+00,36.1328,1.04E+00,3.7082
Membo_0_000-membo_003_.wav,8,395.5078,3.22E+00,1.9531,8.92E-01,3.611
Membo_0_000-membo_003_.wav,9,445.3125,1.29E+00,37.1094,7.47E-01,1.722
Membo_0_000-membo_003_.wav,10,495.1172,2.74E+00,4.8828,7.41E-01,3.6935
Membo_0_000-membo_004_.wav,1,49.4776,2.78E+02,0.9766,2.84E+00,97.9681
Membo_0_000-membo_004_.wav,2,100.4759,8.38E+00,31.25,2.91E+00,2.8804
Membo_0_000-membo_004_.wav,3,147.9309,4.54E+00,28.3203,1.99E+00,2.2783
Membo_0_000-membo_004_.wav,4,200.4193,1.27E+01,8.7891,2.37E+00,5.3479
Membo_0_000-membo_004_.wav,5,246.8477,3.18E+00,17.5781,2.55E+00,1.2505
Membo_0_000-membo_004_.wav,6,301.1576,7.81E+00,26.3672,1.99E+00,3.9225
Membo_0_000-membo_004_.wav,7,351.5625,5.60E+00,39.0625,2.71E+00,2.0691
Membo_0_000-membo_004_.wav,8,401.3672,4.79E+00,18.5547,2.36E+00,2.031
Membo_0_000-membo_004_.wav,9,445.3125,6.31E+00,5.8594,1.76E+00,3.5894
Membo_0_000-membo_004_.wav,10,497.415,2.47E+00,37.1094,2.29E+00,1.0756
Membo_0_001-membo_000_.wav,1,49.3928,2.32E+02,0.9766,2.74E+00,84.6341
Membo_0_001-membo_000_.wav,2,99.7064,1.28E+01,1.9531,2.33E+00,5.4937
Membo_0_001-membo_000_.wav,3,148.8545,2.33E+00,37.1094,1.23E+00,1.8928
Membo_0_001-membo_000_.wav,4,200.1592,1.29E+01,0.9766,8.75E-01,14.725
Membo_0_001-membo_000_.wav,5,248.6024,1.32E+00,32.2266,7.33E-01,1.8039
Membo_0_001-membo_000_.wav,6,300.7203,8.13E+00,15.625,7.57E-01,10.742
Membo_0_001-membo_000_.wav,7,345.7031,3.79E+00,0.9766,8.35E-01,4.5424
Membo_0_001-membo_000_.wav,8,395.5078,2.11E+00,19.5312,5.94E-01,3.5492
Membo_0_001-membo_000_.wav,9,451.1719,1.07E+00,33.2031,5.65E-01,1.895
Membo_0_001-membo_000_.wav,10,495.1172,1.70E+00,22.4609,5.76E-01,2.9537
Membo_0_001-membo_001_.wav,1,49.3902,2.40E+02,0.9766,2.59E+00,92.7227
Membo_0_001-membo_001_.wav,2,99.6955,1.27E+01,1.9531,1.84E+00,6.8992
Membo_0_001-membo_001_.wav,3,149.0422,2.24E+00,20.5078,9.47E-01,2.3639
Membo_0_001-membo_001_.wav,4,200.177,1.11E+01,1.9531,7.41E-01,15.0409
Membo_0_001-membo_001_.wav,5,247.354,1.09E+00,39.0625,8.32E-01,1.3148
Membo_0_001-membo_001_.wav,6,296.4124,7.76E+00,11.7188,8.45E-01,9.1856
Membo_0_001-membo_001_.wav,7,345.7031,5.80E+00,0.9766,7.08E-01,8.1951
Membo_0_001-membo_001_.wav,8,395.5078,2.46E+00,4.8828,5.39E-01,4.5717
Membo_0_001-membo_001_.wav,9,450.1764,1.40E+00,27.3438,4.68E-01,2.9952
Membo_0_001-membo_001_.wav,10,495.1172,1.41E+00,0.9766,3.51E-01,4.0237
Membo_0_001-membo_002_.wav,1,49.4115,2.63E+02,0.9766,2.59E+00,101.4736
Membo_0_001-membo_002_.wav,2,100.1153,8.93E+00,24.4141,2.09E+00,4.2792
Membo_0_001-membo_002_.wav,3,149.4777,2.09E+00,38.0859,9.90E-01,2.1094
Membo_0_001-membo_002_.wav,4,200.1421,1.02E+01,0.9766,8.22E-01,12.4724
Membo_0_001-membo_002_.wav,5,250.9557,1.05E+00,38.0859,7.72E-01,1.3632
Membo_0_001-membo_002_.wav,6,296.4565,5.36E+00,16.6016,9.34E-01,5.7364
Membo_0_001-membo_002_.wav,7,345.7031,6.53E+00,0.9766,9.01E-01,7.256
Membo_0_001-membo_002_.wav,8,395.5078,2.80E+00,0.9766,5.30E-01,5.288
Membo_0_001-membo_002_.wav,9,445.3125,6.05E-01,20.5078,4.27E-01,1.4155
Membo_0_001-membo_002_.wav,10,500.9766,7.41E-01,35.1562,3.99E-01,1.858
Membo_0_001-membo_003_.wav,1,49.3265,2.69E+02,0.9766,2.33E+00,115.7398
Membo_0_001-membo_003_.wav,2,100.2906,7.94E+00,29.2969,2.16E+00,3.6721
Membo_0_001-membo_003_.wav,3,149.2721,1.48E+00,25.3906,9.04E-01,1.6332
Membo_0_001-membo_003_.wav,4,200.1074,1.08E+01,0.9766,6.53E-01,16.6068
Membo_0_001-membo_003_.wav,5,248.9321,1.10E+00,37.1094,9.38E-01,1.1673
Membo_0_001-membo_003_.wav,6,295.8984,9.53E+00,15.625,9.89E-01,9.6412
Membo_0_001-membo_003_.wav,7,345.7031,6.69E+00,0.9766,8.06E-01,8.3065
Membo_0_001-membo_003_.wav,8,395.5078,2.69E+00,17.5781,5.29E-01,5.0745
Membo_0_001-membo_003_.wav,9,448.5294,9.89E-01,22.4609,3.94E-01,2.5122
Membo_0_001-membo_003_.wav,10,500.3291,1.02E+00,0.9766,4.25E-01,2.4037
Membo_0_001-membo_004_.wav,1,49.3262,2.37E+02,1.1161,1.99E+00,118.927
Membo_0_001-membo_004_.wav,2,99.5326,9.84E+00,2.2321,1.91E+00,5.1445
Membo_0_001-membo_004_.wav,3,148.2679,2.06E+00,20.0893,7.44E-01,2.7699
Membo_0_001-membo_004_.wav,4,199.7768,7.85E+00,1.1161,6.15E-01,12.7648
Membo_0_001-membo_004_.wav,5,243.3036,6.75E-01,37.9464,7.46E-01,0.905
Membo_0_001-membo_004_.wav,6,296.7857,8.51E+00,4.4643,7.59E-01,11.219
Membo_0_001-membo_004_.wav,7,345.8471,5.74E+00,1.1161,6.28E-01,9.1433
Membo_0_001-membo_004_.wav,8,395.1921,2.88E+00,1.1161,4.92E-01,5.858
Membo_0_001-membo_004_.wav,9,445.3125,7.28E-01,34.5982,3.45E-01,2.1107
Membo_0_001-membo_004_.wav,10,494.4196,1.71E+00,8.9286,3.26E-01,5.2328
Membo_0_002-membo_000_.wav,1,49.4154,2.50E+02,0.9766,1.77E+00,141.3778
Membo_0_002-membo_000_.wav,2,99.7145,1.18E+01,1.9531,1.64E+00,7.1756
Membo_0_002-membo_000_.wav,3,148.4831,1.27E+00,18.5547,8.58E-01,1.4837
Membo_0_002-membo_000_.wav,4,200.0779,8.33E+00,0.9766,6.29E-01,13.2381
Membo_0_002-membo_000_.wav,5,248.9574,7.19E-01,34.1797,7.49E-01,0.9605
Membo_0_002-membo_000_.wav,6,296.8747,5.64E+00,17.5781,9.08E-01,6.2141
Membo_0_002-membo_000_.wav,7,345.7031,6.50E+00,1.9531,7.17E-01,9.076
Membo_0_002-membo_000_.wav,8,395.5078,2.93E+00,0.9766,5.16E-01,5.6733
Membo_0_002-membo_000_.wav,9,445.3125,8.11E-01,0.9766,3.98E-01,2.0379
Membo_0_002-membo_000_.wav,10,499.755,9.52E-01,25.3906,3.99E-01,2.3824
Membo_0_002-membo_001_.wav,1,49.4031,2.55E+02,0.9766,2.10E+00,121.3763
Membo_0_002-membo_001_.wav,2,99.9588,9.15E+00,1.9531,1.72E+00,5.3049
Membo_0_002-membo_001_.wav,3,152.3438,1.18E+00,20.5078,7.89E-01,1.4898
Membo_0_002-membo_001_.wav,4,200.2195,8.98E+00,0.9766,5.99E-01,14.9973
Membo_0_002-membo_001_.wav,5,250.0067,6.67E-01,37.1094,6.45E-01,1.0336
Membo_0_002-membo_001_.wav,6,295.8984,5.84E+00,15.625,7.79E-01,7.5006
Membo_0_002-membo_001_.wav,7,345.7031,6.06E+00,0.9766,7.05E-01,8.5931
Membo_0_002-membo_001_.wav,8,395.5078,2.97E+00,0.9766,4.73E-01,6.2769
Membo_0_002-membo_001_.wav,9,449.8256,7.35E-01,11.7188,3.71E-01,1.9801
Membo_0_002-membo_001_.wav,10,500.9766,9.43E-01,8.7891,3.70E-01,2.5506
Membo_0_002-membo_002_.wav,1,49.327,2.58E+02,0.9766,3.40E+00,75.8062
Membo_0_002-membo_002_.wav,2,100.5211,7.50E+00,33.2031,3.13E+00,2.3977
Membo_0_002-membo_002_.wav,3,148.6485,2.10E+00,26.3672,1.18E+00,1.7898
Membo_0_002-membo_002_.wav,4,200.1779,9.48E+00,1.9531,8.18E-01,11.5834
Membo_0_002-membo_002_.wav,5,248.0588,1.85E+00,24.4141,7.74E-01,2.3943
Membo_0_002-membo_002_.wav,6,299.9676,5.46E+00,16.6016,7.64E-01,7.1465
Membo_0_002-membo_002_.wav,7,345.7031,6.19E+00,1.9531,7.06E-01,8.7641
Membo_0_002-membo_002_.wav,8,395.5078,3.35E+00,0.9766,5.60E-01,5.9846
Membo_0_002-membo_002_.wav,9,445.3125,1.31E+00,12.6953,4.50E-01,2.9215
Membo_0_002-membo_002_.wav,10,495.1172,8.75E-01,0.9766,4.12E-01,2.1225
Membo_0_002-membo_003_.wav,1,49.2473,2.88E+02,0.9766,1.67E+00,172.0585
Membo_0_002-membo_003_.wav,2,99.8004,1.39E+01,1.9531,1.73E+00,8.031
Membo_0_002-membo_003_.wav,3,145.6748,1.04E+00,26.3672,9.69E-01,1.0741
Membo_0_002-membo_003_.wav,4,195.2933,1.81E+00,1.9531,6.99E-01,2.5812
Membo_0_002-membo_003_.wav,5,246.0395,1.01E+00,31.25,6.46E-01,1.5693
Membo_0_002-membo_003_.wav,6,295.8984,4.93E+00,16.6016,6.62E-01,7.4388
Membo_0_002-membo_003_.wav,7,344.7266,2.95E+00,1.9531,5.64E-01,5.2343
Membo_0_002-membo_003_.wav,8,387.6953,8.28E-01,0.9766,4.56E-01,1.8136
Membo_0_002-membo_003_.wav,9,439.2585,1.09E+00,37.1094,3.92E-01,2.7699
Membo_0_002-membo_003_.wav,10,485.3516,5.92E-01,0.9766,3.34E-01,1.77
Membo_0_002-membo_004_.wav,1,49.259,2.57E+02,1.1161,1.77E+00,145.2917
Membo_0_002-membo_004_.wav,2,99.4169,1.39E+01,2.2321,1.44E+00,9.6631
Membo_0_002-membo_004_.wav,3,147.2896,1.78E+00,34.5982,7.32E-01,2.4387
Membo_0_002-membo_004_.wav,4,199.7768,8.03E+00,1.1161,5.85E-01,13.7253
Membo_0_002-membo_004_.wav,5,245.3752,7.32E-01,36.8304,4.76E-01,1.5387
Membo_0_002-membo_004_.wav,6,296.5006,6.00E+00,5.5804,6.11E-01,9.8172
Membo_0_002-membo_004_.wav,7,345.9757,5.47E+00,2.2321,6.73E-01,8.1237
Membo_0_002-membo_004_.wav,8,395.0082,2.55E+00,6.6964,4.62E-01,5.5213
Membo_0_002-membo_004_.wav,9,439.7321,1.38E+00,10.0446,3.52E-01,3.9273
Membo_0_002-membo_004_.wav,10,494.4196,2.04E+00,1.1161,3.14E-01,6.4965
Membo_0_003-membo_000_.wav,1,49.5002,2.37E+02,0.9766,4.73E+00,50.0761
Membo_0_003-membo_000_.wav,2,99.6929,1.28E+01,20.5078,3.42E+00,3.7601
Membo_0_003-membo_000_.wav,3,150.1625,2.78E+00,37.1094,1.34E+00,2.0705
Membo_0_003-membo_000_.wav,4,200.1378,1.01E+01,0.9766,8.63E-01,11.676
Membo_0_003-membo_000_.wav,5,248.9732,8.88E-01,39.0625,6.93E-01,1.2809
Membo_0_003-membo_000_.wav,6,296.5502,4.98E+00,20.5078,7.42E-01,6.7212
Membo_0_003-membo_000_.wav,7,345.7031,5.91E+00,0.9766,6.66E-01,8.8775
Membo_0_003-membo_000_.wav,8,395.5078,3.02E+00,0.9766,5.20E-01,5.8169
Membo_0_003-membo_000_.wav,9,445.3125,9.33E-01,16.6016,4.95E-01,1.887
Membo_0_003-membo_000_.wav,10,496.9961,6.20E-01,0.9766,4.48E-01,1.386
Membo_0_003-membo_001_.wav,1,49.4938,2.75E+02,0.9766,7.81E+00,35.2401
Membo_0_003-membo_001_.wav,2,100.4227,1.05E+01,19.5312,4.86E+00,2.1566
Membo_0_003-membo_001_.wav,3,147.8871,4.78E+00,22.4609,2.15E+00,2.2259
Membo_0_003-membo_001_.wav,4,200.1476,9.34E+00,0.9766,1.04E+00,8.9542
Membo_0_003-membo_001_.wav,5,249.2494,1.07E+00,39.0625,8.99E-01,1.1896
Membo_0_003-membo_001_.wav,6,296.6343,4.95E+00,23.4375,1.06E+00,4.6856
Membo_0_003-membo_001_.wav,7,345.7031,4.82E+00,0.9766,9.05E-01,5.3293
Membo_0_003-membo_001_.wav,8,395.5078,2.53E+00,0.9766,6.38E-01,3.9607
Membo_0_003-membo_001_.wav,9,450.4314,5.22E-01,32.2266,4.55E-01,1.1478
Membo_0_003-membo_001_.wav,10,500.9766,1.35E+00,7.8125,4.34E-01,3.1146
Membo_0_003-membo_002_.wav,1,49.4895,2.92E+02,0.9766,1.27E+01,22.9385
Membo_0_003-membo_002_.wav,2,100.5588,1.17E+01,37.1094,7.66E+00,1.5239
Membo_0_003-membo_002_.wav,3,151.2856,7.80E+00,21.4844,2.90E+00,2.6922
Membo_0_003-membo_002_.wav,4,200.1591,1.18E+01,1.9531,1.37E+00,8.5851
Membo_0_003-membo_002_.wav,5,251.9531,1.59E+00,34.1797,9.44E-01,1.6841
Membo_0_003-membo_002_.wav,6,295.8984,7.22E+00,27.3438,1.14E+00,6.3125
Membo_0_003-membo_002_.wav,7,345.7031,5.98E+00,0.9766,8.97E-01,6.6655
Membo_0_003-membo_002_.wav,8,395.5078,3.20E+00,0.9766,5.51E-01,5.8027
Membo_0_003-membo_002_.wav,9,445.3125,1.25E+00,28.3203,5.09E-01,2.457
Membo_0_003-membo_002_.wav,10,500.9766,5.31E-01,9.7656,4.46E-01,1.1897
Membo_0_003-membo_003_.wav,1,49.3831,2.00E+02,0.9766,1.62E+01,12.3167
Membo_0_003-membo_003_.wav,2,98.5591,2.90E+01,34.1797,1.43E+01,2.0183
Membo_0_003-membo_003_.wav,3,150.2216,4.65E+00,39.0625,4.26E+00,1.0927
Membo_0_003-membo_003_.wav,4,200.2814,1.03E+01,0.9766,1.84E+00,5.5766
Membo_0_003-membo_003_.wav,5,251.9531,2.62E+00,21.4844,1.42E+00,1.8463
Membo_0_003-membo_003_.wav,6,296.6793,7.04E+00,17.5781,1.41E+00,4.9889
Membo_0_003-membo_003_.wav,7,345.7031,6.05E+00,12.6953,9.62E-01,6.2861
Membo_0_003-membo_003_.wav,8,395.5078,2.30E+00,12.6953,6.58E-01,3.4916
Membo_0_003-membo_003_.wav,9,445.3125,7.45E-01,17.5781,5.15E-01,1.4474
Membo_0_003-membo_003_.wav,10,495.1172,1.53E+00,7.8125,6.02E-01,2.5377
Membo_0_003-membo_004_.wav,1,49.3664,1.56E+02,24.5536,2.91E+01,5.3643
Membo_0_003-membo_004_.wav,2,100.7189,4.28E+01,27.9018,2.77E+01,1.547
Membo_0_003-membo_004_.wav,3,145.0893,1.04E+01,27.9018,9.58E+00,1.088
Membo_0_003-membo_004_.wav,4,199.7768,1.29E+01,34.5982,5.36E+00,2.4097
Membo_0_003-membo_004_.wav,5,248.8839,2.91E+00,36.8304,2.53E+00,1.1522
Membo_0_003-membo_004_.wav,6,296.1542,4.73E+00,22.3214,1.84E+00,2.565
Membo_0_003-membo_004_.wav,7,345.7455,4.10E+00,14.5089,1.15E+00,3.576
Membo_0_003-membo_004_.wav,8,395.2242,2.71E+00,12.2768,7.32E-01,3.6964
Membo_0_003-membo_004_.wav,9,439.7321,1.03E+00,16.7411,5.54E-01,1.8687
Membo_0_003-membo_004_.wav,10,494.4196,1.62E+00,8.9286,5.04E-01,3.2221
Membo_0_004-membo_000_.wav,1,49.5133,2.76E+02,0.9766,5.72E+00,48.1595
Membo_0_004-membo_000_.wav,2,100.6323,1.07E+01,32.2266,5.61E+00,1.9019
Membo_0_004-membo_000_.wav,3,152.3438,5.37E+00,31.25,3.49E+00,1.5389
Membo_0_004-membo_000_.wav,4,200.1873,9.84E+00,0,1.81E+00,5.4321
Membo_0_004-membo_000_.wav,5,250.8331,1.51E+00,37.1094,1.12E+00,1.3498
Membo_0_004-membo_000_.wav,6,296.5613,6.56E+00,6.8359,1.29E+00,5.0857
Membo_0_004-membo_000_.wav,7,345.7031,4.01E+00,16.6016,9.69E-01,4.1367
Membo_0_004-membo_000_.wav,8,395.5078,2.86E+00,0.9766,7.13E-01,4.015
Membo_0_004-membo_000_.wav,9,450.4706,9.68E-01,30.2734,6.01E-01,1.6096
Membo_0_004-membo_000_.wav,10,495.1172,1.05E+00,13.6719,6.29E-01,1.665
Membo_0_004-membo_001_.wav,1,49.601,2.14E+02,0.9766,1.33E+01,16.1582
Membo_0_004-membo_001_.wav,2,99.5605,3.20E+01,31.25,1.38E+01,2.3155
Membo_0_004-membo_001_.wav,3,147.6846,8.67E+00,15.625,5.84E+00,1.4842
Membo_0_004-membo_001_.wav,4,199.4752,6.87E+00,28.3203,2.22E+00,3.0974
Membo_0_004-membo_001_.wav,5,249.3036,1.64E+00,38.0859,1.51E+00,1.0896
Membo_0_004-membo_001_.wav,6,295.8984,8.07E+00,20.5078,1.77E+00,4.5675
Membo_0_004-membo_001_.wav,7,345.7031,5.05E+00,20.5078,1.07E+00,4.7259
Membo_0_004-membo_001_.wav,8,395.5078,2.02E+00,15.625,5.40E-01,3.7492
Membo_0_004-membo_001_.wav,9,451.1719,1.13E+00,27.3438,5.04E-01,2.241
Membo_0_004-membo_001_.wav,10,498.6722,1.16E+00,24.4141,4.62E-01,2.5117
Membo_0_004-membo_002_.wav,1,49.4493,2.45E+02,0.9766,1.57E+01,15.6193
Membo_0_004-membo_002_.wav,2,96.6797,1.64E+01,17.5781,1.29E+01,1.2706
Membo_0_004-membo_002_.wav,3,148.2044,6.61E+00,36.1328,5.49E+00,1.2038
Membo_0_004-membo_002_.wav,4,200.1882,1.13E+01,17.5781,2.07E+00,5.459
Membo_0_004-membo_002_.wav,5,247.1678,2.14E+00,28.3203,1.35E+00,1.5875
Membo_0_004-membo_002_.wav,6,300.037,4.59E+00,25.3906,1.28E+00,3.598
Membo_0_004-membo_002_.wav,7,345.7031,4.47E+00,0,8.98E-01,4.9756
Membo_0_004-membo_002_.wav,8,395.5078,2.45E+00,4.8828,5.48E-01,4.4737
Membo_0_004-membo_002_.wav,9,445.3125,1.29E+00,33.2031,5.56E-01,2.3099
Membo_0_004-membo_002_.wav,10,497.095,1.02E+00,36.1328,5.32E-01,1.9184
Membo_0_004-membo_003_.wav,1,49.0541,2.11E+02,7.8125,2.45E+01,8.6258
Membo_0_004-membo_003_.wav,2,94.7266,2.79E+01,9.7656,2.20E+01,1.2719
Membo_0_004-membo_003_.wav,3,144.8985,1.12E+01,11.7188,8.79E+00,1.2757
Membo_0_004-membo_003_.wav,4,197.7508,6.04E+00,32.2266,4.56E+00,1.3248
Membo_0_004-membo_003_.wav,5,241.2109,1.70E+00,39.0625,2.80E+00,0.6087
Membo_0_004-membo_003_.wav,6,295.8984,4.16E+00,15.625,1.68E+00,2.4755
Membo_0_004-membo_003_.wav,7,344.7266,2.85E+00,0.9766,8.11E-01,3.5157
Membo_0_004-membo_003_.wav,8,393.5547,7.02E-01,0.9766,6.41E-01,1.0954
Membo_0_004-membo_003_.wav,9,438.8016,1.31E+00,36.1328,6.02E-01,2.1729
Membo_0_004-membo_003_.wav,10,485.3516,8.23E-01,30.2734,4.86E-01,1.6944
Membo_0_004-membo_004_.wav,1,49.1608,2.39E+02,12.2768,2.87E+01,8.2987
Membo_0_004-membo_004_.wav,2,94.8661,3.37E+01,16.7411,2.83E+01,1.1938
Membo_0_004-membo_004_.wav,3,145.0893,1.44E+01,31.25,9.52E+00,1.5152
Membo_0_004-membo_004_.wav,4,199.1517,7.47E+00,36.8304,5.03E+00,1.4867
Membo_0_004-membo_004_.wav,5,246.9819,3.76E+00,29.0179,2.88E+00,1.3064
Membo_0_004-membo_004_.wav,6,291.2946,5.53E+00,37.9464,2.38E+00,2.3203
Membo_0_004-membo_004_.wav,7,345.9314,2.65E+00,32.3661,1.37E+00,1.9371
Membo_0_004-membo_004_.wav,8,395.0001,2.15E+00,36.8304,7.95E-01,2.7108
Membo_0_004-membo_004_.wav,9,441.6875,1.35E+00,16.7411,5.90E-01,2.29
Membo_0_004-membo_004_.wav,10,494.4196,1.74E+00,27.9018,4.80E-01,3.6157
Membo_0_005-membo_000_.wav,1,49.6566,3.60E+02,0.9766,3.68E+01,9.794
Membo_0_005-membo_000_.wav,2,100.1608,2.84E+01,31.25,3.64E+01,0.7812
Membo_0_005-membo_000_.wav,3,149.3691,3.10E+01,37.1094,1.91E+01,1.6201
Membo_0_005-membo_000_.wav,4,200.134,2.15E+01,35.1562,1.21E+01,1.7716
Membo_0_005-membo_000_.wav,5,246.0938,1.22E+01,35.1562,7.87E+00,1.5545
Membo_0_005-membo_000_.wav,6,299.4871,1.28E+01,13.6719,5.28E+00,2.4319
Membo_0_005-membo_000_.wav,7,345.7031,6.30E+00,37.1094,3.32E+00,1.8986
Membo_0_005-membo_000_.wav,8,401.3672,4.04E+00,28.3203,2.08E+00,1.949
Membo_0_005-membo_000_.wav,9,449.4754,1.44E+00,36.1328,1.19E+00,1.2055
Membo_0_005-membo_000_.wav,10,500.9766,1.20E+00,35.1562,9.60E-01,1.2525
Membo_0_005-membo_001_.wav,1,49.4969,2.29E+02,0.9766,4.44E+00,51.619
Membo_0_005-membo_001_.wav,2,99.7141,1.51E+01,15.625,2.66E+00,5.668
Membo_0_005-membo_001_.wav,3,148.431,1.55E+00,19.5312,1.14E+00,1.3637
Membo_0_005-membo_001_.wav,4,200.1617,1.02E+01,0.9766,7.90E-01,12.9404
Membo_0_005-membo_001_.wav,5,247.274,1.09E+00,28.3203,6.87E-01,1.58
Membo_0_005-membo_001_.wav,6,299.8918,4.82E+00,17.5781,6.31E-01,7.6358
Membo_0_005-membo_001_.wav,7,345.7031,3.87E+00,0.9766,6.64E-01,5.8328
Membo_0_005-membo_001_.wav,8,395.5078,3.33E+00,0.9766,5.38E-01,6.1817
Membo_0_005-membo_001_.wav,9,446.3147,7.78E-01,28.3203,4.56E-01,1.7067
Membo_0_005-membo_001_.wav,10,495.1172,1.44E+00,13.6719,4.72E-01,3.0423
Membo_0_005-membo_002_.wav,1,49.4689,2.72E+02,0.9766,4.86E+00,55.9802
Membo_0_005-membo_002_.wav,2,100.2615,9.25E+00,19.5312,3.69E+00,2.5038
Membo_0_005-membo_002_.wav,3,152.3438,2.15E+00,38.0859,1.03E+00,2.0901
Membo_0_005-membo_002_.wav,4,200.1045,8.51E+00,0.9766,6.42E-01,13.2611
Membo_0_005-membo_002_.wav,5,246.7235,1.52E+00,38.0859,6.18E-01,2.461
Membo_0_005-membo_002_.wav,6,296.8068,7.96E+00,3.9062,7.63E-01,10.4324
Membo_0_005-membo_002_.wav,7,345.7031,3.87E+00,0.9766,7.07E-01,5.472
Membo_0_005-membo_002_.wav,8,395.5078,2.82E+00,4.8828,5.09E-01,5.5346
Membo_0_005-membo_002_.wav,9,445.3125,9.46E-01,31.25,4.18E-01,2.2636
Membo_0_005-membo_002_.wav,10,495.1172,1.01E+00,0.9766,4.27E-01,2.3773
Membo_0_005-membo_003_.wav,1,49.4848,2.77E+02,0.9766,1.63E+00,169.6374
Membo_0_005-membo_003_.wav,2,100.2925,1.10E+01,1.9531,1.75E+00,6.291
Membo_0_005-membo_003_.wav,3,148.3581,1.44E+00,19.5312,9.94E-01,1.4473
Membo_0_005-membo_003_.wav,4,200.1852,1.02E+01,1.9531,6.60E-01,15.4986
Membo_0_005-membo_003_.wav,5,250.8664,1.32E+00,39.0625,8.16E-01,1.6188
Membo_0_005-membo_003_.wav,6,295.8984,9.21E+00,7.8125,9.20E-01,10.0093
Membo_0_005-membo_003_.wav,7,345.7031,4.74E+00,0.9766,9.87E-01,4.8044
Membo_0_005-membo_003_.wav,8,395.5078,2.33E+00,19.5312,5.74E-01,4.0569
Membo_0_005-membo_003_.wav,9,451.1719,8.10E-01,31.25,3.76E-01,2.1575
Membo_0_005-membo_003_.wav,10,495.1172,1.13E+00,0.9766,3.92E-01,2.8774
Membo_0_005-membo_004_.wav,1,49.8378,2.07E+02,1.1161,1.56E+01,13.2361
Membo_0_005-membo_004_.wav,2,103.7946,1.76E+01,35.7143,1.61E+01,1.0968
Membo_0_005-membo_004_.wav,3,148.2128,3.97E+00,6.6964,3.41E+00,1.1644
Membo_0_005-membo_004_.wav,4,200.5588,8.52E+00,1.1161,1.87E+00,4.5567
Membo_0_005-membo_004_.wav,5,252.4136,1.05E+00,34.5982,9.58E-01,1.0935
Membo_0_005-membo_004_.wav,6,299.9724,4.04E+00,17.8571,8.72E-01,4.6406
Membo_0_005-membo_004_.wav,7,349.3752,1.77E+00,1.1161,8.55E-01,2.0706
Membo_0_005-membo_004_.wav,8,401.3399,9.09E-01,12.2768,6.01E-01,1.5124
Membo_0_005-membo_004_.wav,9,453.2101,8.95E-01,24.5536,4.62E-01,1.9363
Membo_0_005-membo_004_.wav,10,500.3888,5.74E-01,24.5536,4.15E-01,1.3841
Membo_0_006-membo_000_.wav,1,49.4341,2.35E+02,0.9766,6.14E+00,38.2605
Membo_0_006-membo_000_.wav,2,99.5712,1.25E+01,20.5078,4.12E+00,3.0363
Membo_0_006-membo_000_.wav,3,150.2469,1.98E+00,14.6484,1.22E+00,1.6258
Membo_0_006-membo_000_.wav,4,200.0348,8.86E+00,0.9766,8.88E-01,9.9808
Membo_0_006-membo_000_.wav,5,246.0938,1.11E+00,15.625,7.14E-01,1.5614
Membo_0_006-membo_000_.wav,6,300.274,4.14E+00,20.5078,7.39E-01,5.5996
Membo_0_006-membo_000_.wav,7,345.7031,6.83E+00,0.9766,7.16E-01,9.538
Membo_0_006-membo_000_.wav,8,395.5078,3.24E+00,0.9766,4.65E-01,6.9639
Membo_0_006-membo_000_.wav,9,445.3125,7.25E-01,32.2266,4.48E-01,1.6162
Membo_0_006-membo_000_.wav,10,499.6742,5.30E-01,38.0859,4.35E-01,1.2202
Membo_0_006-membo_001_.wav,1,49.4005,2.52E+02,0.9766,3.89E+00,64.8338
Membo_0_006-membo_001_.wav,2,100.3319,1.08E+01,15.625,2.63E+00,4.1174
Membo_0_006-membo_001_.wav,3,147.9331,2.15E+00,24.4141,1.08E+00,1.9929
Membo_0_006-membo_001_.wav,4,200.1171,7.27E+00,0.9766,6.35E-01,11.4575
Membo_0_006-membo_001_.wav,5,247.9568,1.00E+00,39.0625,5.77E-01,1.7359
Membo_0_006-membo_001_.wav,6,299.7789,4.20E+00,27.3438,8.86E-01,4.743
Membo_0_006-membo_001_.wav,7,345.7031,5.93E+00,0.9766,8.86E-01,6.6908
Membo_0_006-membo_001_.wav,8,395.5078,2.45E+00,0.9766,5.79E-01,4.2339
Membo_0_006-membo_001_.wav,9,450.1292,9.52E-01,29.2969,3.89E-01,2.4454
Membo_0_006-membo_001_.wav,10,495.1172,7.74E-01,30.2734,3.33E-01,2.3233
Membo_0_006-membo_002_.wav,1,49.4095,2.56E+02,0.9766,1.87E+01,13.6811
Membo_0_006-membo_002_.wav,2,100.5951,1.90E+01,31.25,1.47E+01,1.2914
Membo_0_006-membo_002_.wav,3,146.4844,7.59E+00,8.7891,6.46E+00,1.1751
Membo_0_006-membo_002_.wav,4,200.1159,9.80E+00,17.5781,2.49E+00,3.9285
Membo_0_006-membo_002_.wav,5,248.7037,1.41E+00,31.25,1.16E+00,1.214
Membo_0_006-membo_002_.wav,6,296.7023,6.12E+00,17.5781,1.03E+00,5.9519
Membo_0_006-membo_002_.wav,7,345.7031,6.04E+00,1.9531,9.18E-01,6.577
Membo_0_006-membo_002_.wav,8,395.5078,1.40E+00,3.9062,5.56E-01,2.524
Membo_0_006-membo_002_.wav,9,449.8746,6.93E-01,34.1797,4.47E-01,1.5525
Membo_0_006-membo_002_.wav,10,495.1172,1.14E+00,1.9531,4.94E-01,2.3099
Membo_0_006-membo_003_.wav,1,49.4104,2.34E+02,0.9766,2.41E+00,97.0226
Membo_0_006-membo_003_.wav,2,100.1617,1.23E+01,21.4844,2.17E+00,5.6678
Membo_0_006-membo_003_.wav,3,148.911,1.04E+00,2.9297,8.44E-01,1.2364
Membo_0_006-membo_003_.wav,4,200.1798,8.47E+00,0.9766,6.76E-01,12.5178
Membo_0_006-membo_003_.wav,5,250.91,9.49E-01,35.1562,6.35E-01,1.4939
Membo_0_006-membo_003_.wav,6,300.0392,6.09E+00,21.4844,7.87E-01,7.7353
Membo_0_006-membo_003_.wav,7,345.7031,6.66E+00,1.9531,7.41E-01,8.9891
Membo_0_006-membo_003_.wav,8,395.5078,1.94E+00,0.9766,5.33E-01,3.6449
Membo_0_006-membo_003_.wav,9,448.7799,1.11E+00,39.0625,5.31E-01,2.0855
Membo_0_006-membo_003_.wav,10,500.9766,7.89E-01,35.1562,5.29E-01,1.4912
Membo_0_006-membo_004_.wav,1,49.2521,2.62E+02,7.8125,2.45E+01,10.6941
Membo_0_006-membo_004_.wav,2,101.5625,4.09E+01,18.9732,2.54E+01,1.6076
Membo_0_006-membo_004_.wav,3,145.0893,9.96E+00,32.3661,1.13E+01,0.8855
Membo_0_006-membo_004_.wav,4,198.6761,1.02E+01,37.9464,6.21E+00,1.6448
Membo_0_006-membo_004_.wav,5,243.3036,4.48E+00,31.25,3.59E+00,1.2502
Membo_0_006-membo_004_.wav,6,291.2946,4.48E+00,32.3661,2.75E+00,1.6323
Membo_0_006-membo_004_.wav,7,346.0028,4.34E+00,24.5536,1.77E+00,2.4505
Membo_0_006-membo_004_.wav,8,395.3079,2.18E+00,39.0625,1.05E+00,2.0812
Membo_0_006-membo_004_.wav,9,444.7463,1.30E+00,36.8304,6.32E-01,2.0613
Membo_0_006-membo_004_.wav,10,494.4196,1.42E+00,22.3214,6.36E-01,2.2333
Membo_0_007-membo_000_.wav,1,49.5413,2.37E+02,0.9766,3.76E+00,63.0519
Membo_0_007-membo_000_.wav,2,99.8075,1.39E+01,19.5312,3.17E+00,4.3757
Membo_0_007-membo_000_.wav,3,148.3201,2.50E+00,39.0625,1.39E+00,1.7949
Membo_0_007-membo_000_.wav,4,200.1572,6.11E+00,0.9766,9.00E-01,6.786
Membo_0_007-membo_000_.wav,5,247.1846,1.14E+00,37.1094,8.47E-01,1.3482
Membo_0_007-membo_000_.wav,6,295.8984,5.02E+00,2.9297,1.07E+00,4.6819
Membo_0_007-membo_000_.wav,7,345.7031,5.85E+00,0.9766,9.34E-01,6.2595
Membo_0_007-membo_000_.wav,8,395.5078,2.31E+00,0.9766,5.70E-01,4.0522
Membo_0_007-membo_000_.wav,9,450.235,1.61E+00,28.3203,5.60E-01,2.8657
Membo_0_007-membo_000_.wav,10,495.7239,1.08E+00,36.1328,5.97E-01,1.8154
Membo_0_007-membo_001_.wav,1,49.7062,2.30E+02,0.9766,7.43E+00,30.9048
Membo_0_007-membo_001_.wav,2,100.409,1.17E+01,19.5312,4.40E+00,2.6664
Membo_0_007-membo_001_.wav,3,148.3589,2.45E+00,39.0625,1.28E+00,1.914
Membo_0_007-membo_001_.wav,4,200.1401,6.54E+00,1.9531,8.93E-01,7.3246
Membo_0_007-membo_001_.wav,5,251.9531,1.04E+00,37.1094,8.15E-01,1.273
Membo_0_007-membo_001_.wav,6,295.8984,6.70E+00,18.5547,9.08E-01,7.375
Membo_0_007-membo_001_.wav,7,345.7031,6.71E+00,0.9766,8.82E-01,7.6139
Membo_0_007-membo_001_.wav,8,395.5078,2.88E+00,0,5.61E-01,5.1446
Membo_0_007-membo_001_.wav,9,450.1403,9.28E-01,35.1562,4.93E-01,1.8841
Membo_0_007-membo_001_.wav,10,495.1172,1.47E+00,0.9766,5.06E-01,2.9118
Membo_0_007-membo_002_.wav,1,49.2307,2.55E+02,0.9766,1.24E+01,20.478
Membo_0_007-membo_002_.wav,2,99.7924,1.87E+01,33.2031,1.20E+01,1.5631
Membo_0_007-membo_002_.wav,3,147.1421,7.89E+00,39.0625,6.57E+00,1.2003
Membo_0_007-membo_002_.wav,4,192.3828,3.75E+00,28.3203,3.34E+00,1.1228
Membo_0_007-membo_002_.wav,5,243.3284,1.50E+00,31.25,1.70E+00,0.8845
Membo_0_007-membo_002_.wav,6,295.8984,5.23E+00,15.625,1.42E+00,3.6776
Membo_0_007-membo_002_.wav,7,344.7266,2.98E+00,0.9766,9.41E-01,3.1654
Membo_0_007-membo_002_.wav,8,389.3625,1.44E+00,27.3438,6.44E-01,2.2404
Membo_0_007-membo_002_.wav,9,438.6562,1.14E+00,35.1562,5.31E-01,2.1565
Membo_0_007-membo_002_.wav,10,486.3908,7.30E-01,26.3672,4.70E-01,1.5508
Membo_0_007-membo_003_.wav,1,49.4327,2.60E+02,0.9766,8.30E+00,31.2997
Membo_0_007-membo_003_.wav,2,99.8012,1.92E+01,27.3438,4.94E+00,3.887
Membo_0_007-membo_003_.wav,3,148.5345,4.35E+00,34.1797,1.98E+00,2.2037
Membo_0_007-membo_003_.wav,4,200.0841,7.57E+00,0.9766,1.24E+00,6.1135
Membo_0_007-membo_003_.wav,5,249.7831,1.66E+00,11.7188,7.99E-01,2.0744
Membo_0_007-membo_003_.wav,6,296.9875,3.85E+00,4.8828,8.30E-01,4.6381
Membo_0_007-membo_003_.wav,7,345.7031,5.53E+00,0.9766,6.61E-01,8.3683
Membo_0_007-membo_003_.wav,8,395.5078,2.13E+00,17.5781,5.01E-01,4.2509
Membo_0_007-membo_003_.wav,9,449.2976,1.12E+00,23.4375,4.86E-01,2.2985
Membo_0_007-membo_003_.wav,10,495.9617,7.21E-01,38.0859,4.62E-01,1.5626
Membo_0_007-membo_004_.wav,1,49.3136,2.30E+02,1.1161,2.14E+00,107.2562
Membo_0_007-membo_004_.wav,2,100.0724,1.07E+01,15.625,2.21E+00,4.8256
Membo_0_007-membo_004_.wav,3,147.9239,1.59E+00,37.9464,8.93E-01,1.7746
Membo_0_007-membo_004_.wav,4,199.7768,5.60E+00,1.1161,6.79E-01,8.238
Membo_0_007-membo_004_.wav,5,245.389,8.03E-01,33.4821,6.91E-01,1.1621
Membo_0_007-membo_004_.wav,6,296.0661,3.39E+00,2.2321,7.62E-01,4.4458
Membo_0_007-membo_004_.wav,7,345.7421,5.27E+00,1.1161,7.75E-01,6.7911
Membo_0_007-membo_004_.wav,8,395.2655,2.15E+00,1.1161,4.72E-01,4.5445
Membo_0_007-membo_004_.wav,9,444.3183,1.05E+00,13.3929,3.38E-01,3.1126
Membo_0_007-membo_004_.wav,10,494.4196,1.48E+00,6.6964,2.98E-01,4.9701
Membo_0_008-membo_000_.wav,1,49.5238,2.46E+02,0.9766,2.04E+00,120.638
Membo_0_008-membo_000_.wav,2,100.3497,1.01E+01,19.5312,1.78E+00,5.6607
Membo_0_008-membo_000_.wav,3,148.4327,2.74E+00,16.6016,9.11E-01,3.0132
Membo_0_008-membo_000_.wav,4,200.1212,8.40E+00,0.9766,6.89E-01,12.1939
Membo_0_008-membo_000_.wav,5,248.588,1.24E+00,38.0859,6.89E-01,1.7976
Membo_0_008-membo_000_.wav,6,300.3189,6.34E+00,18.5547,8.95E-01,7.0847
Membo_0_008-membo_000_.wav,7,345.7031,6.80E+00,1.9531,8.07E-01,8.4239
Membo_0_008-membo_000_.wav,8,395.5078,2.72E+00,0.9766,6.39E-01,4.2533
Membo_0_008-membo_000_.wav,9,445.3125,8.66E-01,26.3672,5.13E-01,1.6877
Membo_0_008-membo_000_.wav,10,499.7528,9.43E-01,0,4.83E-01,1.9527
Membo_0_008-membo_001_.wav,1,49.5595,2.60E+02,0.9766,1.77E+00,146.7024
Membo_0_008-membo_001_.wav,2,99.4515,1.51E+01,2.9297,1.55E+00,9.6912
Membo_0_008-membo_001_.wav,3,147.4061,1.49E+00,0.9766,9.81E-01,1.5147
Membo_0_008-membo_001_.wav,4,200.0824,8.48E+00,0.9766,7.50E-01,11.3096
Membo_0_008-membo_001_.wav,5,249.8819,9.03E-01,39.0625,7.15E-01,1.2633
Membo_0_008-membo_001_.wav,6,300.2035,5.82E+00,16.6016,8.21E-01,7.0879
Membo_0_008-membo_001_.wav,7,345.7031,5.48E+00,0.9766,6.91E-01,7.9283
Membo_0_008-membo_001_.wav,8,395.5078,2.35E+00,0.9766,5.20E-01,4.5195
Membo_0_008-membo_001_.wav,9,451.1719,9.47E-01,36.1328,4.23E-01,2.2394
Membo_0_008-membo_001_.wav,10,495.1172,1.07E+00,0.9766,4.55E-01,2.3519
Membo_0_008-membo_002_.wav,1,49.4495,2.55E+02,0.9766,1.56E+00,163.3212
Membo_0_008-membo_002_.wav,2,100.2776,8.88E+00,25.3906,1.63E+00,5.4594
Membo_0_008-membo_002_.wav,3,151.2072,1.23E+00,39.0625,8.66E-01,1.4157
Membo_0_008-membo_002_.wav,4,200.1098,7.85E+00,0.9766,6.80E-01,11.5559
Membo_0_008-membo_002_.wav,5,251.9531,9.93E-01,32.2266,7.47E-01,1.3305
Membo_0_008-membo_002_.wav,6,295.8984,4.44E+00,20.5078,8.43E-01,5.2726
Membo_0_008-membo_002_.wav,7,345.7031,5.81E+00,1.9531,6.45E-01,9.0074
Membo_0_008-membo_002_.wav,8,395.5078,2.41E+00,0.9766,4.47E-01,5.3922
Membo_0_008-membo_002_.wav,9,450.2925,1.09E+00,31.25,4.40E-01,2.4877
Membo_0_008-membo_002_.wav,10,495.1172,8.46E-01,38.0859,4.64E-01,1.8221
Membo_0_008-membo_003_.wav,1,49.3766,2.39E+02,0.9766,2.82E+00,84.7132
Membo_0_008-membo_003_.wav,2,100.4032,7.54E+00,12.6953,2.29E+00,3.2886
Membo_0_008-membo_003_.wav,3,147.875,1.99E+00,20.5078,8.90E-01,2.2378
Membo_0_008-membo_003_.wav,4,200.1439,6.91E+00,0.9766,7.28E-01,9.4959
Membo_0_008-membo_003_.wav,5,248.2719,1.38E+00,37.1094,6.94E-01,1.9842
Membo_0_008-membo_003_.wav,6,295.8984,1.09E+01,11.7188,7.88E-01,13.8727
Membo_0_008-membo_003_.wav,7,345.7031,6.90E+00,1.9531,6.83E-01,10.1119
Membo_0_008-membo_003_.wav,8,395.5078,2.42E+00,0.9766,4.84E-01,5.0056
Membo_0_008-membo_003_.wav,9,445.3125,1.11E+00,26.3672,4.02E-01,2.7693
Membo_0_008-membo_003_.wav,10,500.4675,9.36E-01,7.8125,3.41E-01,2.7428
Membo_0_008-membo_004_.wav,1,49.3324,2.21E+02,1.1161,1.91E+00,115.7471
Membo_0_008-membo_004_.wav,2,99.6323,6.92E+00,11.1607,1.70E+00,4.0631
Membo_0_008-membo_004_.wav,3,148.5312,2.15E+00,20.0893,8.40E-01,2.5649
Membo_0_008-membo_004_.wav,4,199.7768,6.58E+00,1.1161,6.06E-01,10.8435
Membo_0_008-membo_004_.wav,5,246.7055,5.98E-01,37.9464,6.01E-01,0.9945
Membo_0_008-membo_004_.wav,6,297.1425,6.01E+00,15.625,5.08E-01,11.8375
Membo_0_008-membo_004_.wav,7,345.7756,4.97E+00,1.1161,5.15E-01,9.6547
Membo_0_008-membo_004_.wav,8,395.1206,1.79E+00,1.1161,3.53E-01,5.0748
Membo_0_008-membo_004_.wav,9,439.7321,6.68E-01,16.7411,2.90E-01,2.306
Membo_0_008-membo_004_.wav,10,494.4196,1.43E+00,1.1161,2.90E-01,4.9325
Membo_0_009-membo_000_.wav,1,49.6372,2.69E+02,0.9766,2.32E+00,116.094
Membo_0_009-membo_000_.wav,2,99.7009,1.10E+01,1.9531,2.11E+00,5.2184
Membo_0_009-membo_000_.wav,3,148.6627,1.46E+00,3.9062,8.41E-01,1.7399
Membo_0_009-membo_000_.wav,4,200.135,9.92E+00,0.9766,6.94E-01,14.3037
Membo_0_009-membo_000_.wav,5,251.9531,1.29E+00,36.1328,8.03E-01,1.6006
Membo_0_009-membo_000_.wav,6,300.1387,5.72E+00,20.5078,8.57E-01,6.6764
Membo_0_009-membo_000_.wav,7,345.7031,5.70E+00,0.9766,7.30E-01,7.8108
Membo_0_009-membo_000_.wav,8,395.5078,2.69E+00,0.9766,4.78E-01,5.6314
Membo_0_009-membo_000_.wav,9,450.227,1.19E+00,27.3438,4.33E-01,2.7485
Membo_0_009-membo_000_.wav,10,495.1172,1.49E+00,1.9531,4.65E-01,3.2045
Membo_0_009-membo_001_.wav,1,49.5549,2.43E+02,0.9766,1.92E+00,126.8814
Membo_0_009-membo_001_.wav,2,99.7464,6.76E+00,20.5078,1.87E+00,3.6059
Membo_0_009-membo_001_.wav,3,148.7195,2.85E+00,20.5078,9.85E-01,2.8917
Membo_0_009-membo_001_.wav,4,200.2714,6.73E+00,0.9766,8.58E-01,7.8461
Membo_0_009-membo_001_.wav,5,249.9916,1.62E+00,33.2031,8.91E-01,1.8226
Membo_0_009-membo_001_.wav,6,300.5093,4.93E+00,1.9531,8.58E-01,5.7422
Membo_0_009-membo_001_.wav,7,345.7031,6.84E+00,9.7656,8.42E-01,8.1228
Membo_0_009-membo_001_.wav,8,395.5078,2.44E+00,19.5312,6.62E-01,3.6878
Membo_0_009-membo_001_.wav,9,451.1719,1.07E+00,34.1797,4.45E-01,2.4011
Membo_0_009-membo_001_.wav,10,500.3705,5.58E-01,13.6719,4.34E-01,1.2839
Membo_0_009-membo_002_.wav,1,49.4823,2.20E+02,0.9766,2.31E+00,95.3902
Membo_0_009-membo_002_.wav,2,100.3719,7.75E+00,29.2969,2.12E+00,3.6543
Membo_0_009-membo_002_.wav,3,148.1747,3.77E+00,28.3203,1.05E+00,3.5818
Membo_0_009-membo_002_.wav,4,200.2208,9.28E+00,1.9531,7.66E-01,12.1266
Membo_0_009-membo_002_.wav,5,250.281,1.48E+00,39.0625,7.81E-01,1.8906
Membo_0_009-membo_002_.wav,6,300.2915,4.90E+00,9.7656,6.63E-01,7.3875
Membo_0_009-membo_002_.wav,7,345.7031,5.34E+00,0.9766,6.54E-01,8.1734
Membo_0_009-membo_002_.wav,8,395.5078,2.91E+00,0.9766,5.75E-01,5.0582
Membo_0_009-membo_002_.wav,9,450.2406,1.31E+00,13.6719,4.12E-01,3.1738
Membo_0_009-membo_002_.wav,10,495.1172,1.15E+00,0.9766,4.46E-01,2.5869
Membo_0_009-membo_003_.wav,1,49.5478,2.59E+02,0.9766,2.31E+00,112.2399
Membo_0_009-membo_003_.wav,2,99.6524,1.20E+01,2.9297,2.16E+00,5.5646
Membo_0_009-membo_003_.wav,3,149.0222,2.98E+00,24.4141,9.16E-01,3.2558
Membo_0_009-membo_003_.wav,4,200.049,8.96E+00,0.9766,6.25E-01,14.3464
Membo_0_009-membo_003_.wav,5,250.1395,1.42E+00,30.2734,6.25E-01,2.2743
Membo_0_009-membo_003_.wav,6,299.8254,1.02E+01,6.8359,9.10E-01,11.2532
Membo_0_009-membo_003_.wav,7,345.7031,5.32E+00,0.9766,7.61E-01,6.9872
Membo_0_009-membo_003_.wav,8,395.5078,2.43E+00,0.9766,4.05E-01,5.9927
Membo_0_009-membo_003_.wav,9,445.3125,7.91E-01,26.3672,3.87E-01,2.0444
Membo_0_009-membo_003_.wav,10,495.1172,1.14E+00,0.9766,3.79E-01,3.0079
Membo_0_009-membo_004_.wav,1,49.4792,2.11E+02,1.1161,2.31E+00,91.6883
Membo_0_009-membo_004_.wav,2,99.6711,1.19E+01,2.2321,1.77E+00,6.7117
Membo_0_009-membo_004_.wav,3,147.9131,1.10E+00,39.0625,9.09E-01,1.2135
Membo_0_009-membo_004_.wav,4,199.7768,6.34E+00,10.0446,7.10E-01,8.9345
Membo_0_009-membo_004_.wav,5,247.4121,7.62E-01,36.8304,6.40E-01,1.1902
Membo_0_009-membo_004_.wav,6,296.8926,5.21E+00,14.5089,7.33E-01,7.0987
Membo_0_009-membo_004_.wav,7,345.792,5.54E+00,1.1161,6.47E-01,8.5596
Membo_0_009-membo_004_.wav,8,395.2361,2.54E+00,1.1161,4.33E-01,5.8707
Membo_0_009-membo_004_.wav,9,439.7321,8.86E-01,32.3661,3.40E-01,2.6018
Membo_0_009-membo_004_.wav,10,493.4591,1.59E+00,1.1161,2.90E-01,5.4625
Membo_0_010-membo_000_.wav,1,49.5524,2.53E+02,0.9766,2.32E+00,109.1906
Membo_0_010-membo_000_.wav,2,99.9909,8.97E+00,11.7188,1.83E+00,4.9072
Membo_0_010-membo_000_.wav,3,148.6574,1.83E+00,25.3906,9.18E-01,1.9917
Membo_0_010-membo_000_.wav,4,200.0971,9.93E+00,0.9766,7.48E-01,13.2807
Membo_0_010-membo_000_.wav,5,247.1963,1.59E+00,20.5078,7.06E-01,2.2517
Membo_0_010-membo_000_.wav,6,296.5858,6.75E+00,17.5781,8.02E-01,8.4212
Membo_0_010-membo_000_.wav,7,345.7031,5.35E+00,0.9766,7.58E-01,7.065
Membo_0_010-membo_000_.wav,8,395.5078,3.46E+00,0.9766,4.22E-01,8.1915
Membo_0_010-membo_000_.wav,9,447.852,6.21E-01,20.5078,3.70E-01,1.6772
Membo_0_010-membo_000_.wav,10,495.1172,1.51E+00,1.9531,4.09E-01,3.6883
Membo_0_010-membo_001_.wav,1,49.5186,2.28E+02,0.9766,1.84E+00,124.0263
Membo_0_010-membo_001_.wav,2,100.3568,6.25E+00,30.2734,1.76E+00,3.5581
Membo_0_010-membo_001_.wav,3,151.2253,2.24E+00,39.0625,1.20E+00,1.8595
Membo_0_010-membo_001_.wav,4,200.0361,9.19E+00,0.9766,8.87E-01,10.3556
Membo_0_010-membo_001_.wav,5,246.0938,1.54E+00,24.4141,7.90E-01,1.9533
Membo_0_010-membo_001_.wav,6,295.8984,4.72E+00,24.4141,8.41E-01,5.6099
Membo_0_010-membo_001_.wav,7,345.7031,5.27E+00,20.5078,7.59E-01,6.9452
Membo_0_010-membo_001_.wav,8,395.5078,2.50E+00,2.9297,5.73E-01,4.3601
Membo_0_010-membo_001_.wav,9,450.0202,1.46E+00,11.7188,4.67E-01,3.1305
Membo_0_010-membo_001_.wav,10,495.1172,1.11E+00,26.3672,4.80E-01,2.3136
Membo_0_010-membo_002_.wav,1,49.4941,2.47E+02,0.9766,1.95E+00,126.949
Membo_0_010-membo_002_.wav,2,99.743,1.17E+01,1.9531,2.03E+00,5.749
Membo_0_010-membo_002_.wav,3,148.6539,2.96E+00,23.4375,1.22E+00,2.4197
Membo_0_010-membo_002_.wav,4,200.1087,1.07E+01,0.9766,8.81E-01,12.1383
Membo_0_010-membo_002_.wav,5,251.3138,6.59E-01,33.2031,6.25E-01,1.054
Membo_0_010-membo_002_.wav,6,300.507,5.05E+00,20.5078,6.42E-01,7.8693
Membo_0_010-membo_002_.wav,7,345.7031,7.36E+00,0.9766,7.12E-01,10.3332
Membo_0_010-membo_002_.wav,8,395.5078,3.89E+00,1.9531,4.49E-01,8.6564
Membo_0_010-membo_002_.wav,9,445.3125,9.52E-01,31.25,4.05E-01,2.3504
Membo_0_010-membo_002_.wav,10,495.1172,8.55E-01,0,4.56E-01,1.8751
Membo_0_010-membo_003_.wav,1,49.5431,2.62E+02,0.9766,1.77E+00,148.1369
Membo_0_010-membo_003_.wav,2,99.8061,1.09E+01,14.6484,1.66E+00,6.5398
Membo_0_010-membo_003_.wav,3,149.069,1.69E+00,35.1562,9.35E-01,1.8055
Membo_0_010-membo_003_.wav,4,200.0867,8.80E+00,0.9766,7.36E-01,11.9635
Membo_0_010-membo_003_.wav,5,250.6489,1.30E+00,35.1562,6.55E-01,1.9797
Membo_0_010-membo_003_.wav,6,300.1837,8.09E+00,6.8359,7.40E-01,10.9389
Membo_0_010-membo_003_.wav,7,345.7031,5.12E+00,0.9766,6.94E-01,7.3825
Membo_0_010-membo_003_.wav,8,395.5078,2.58E+00,0.9766,4.93E-01,5.2324
Membo_0_010-membo_003_.wav,9,445.3125,8.11E-01,22.4609,3.77E-01,2.1481
Membo_0_010-membo_003_.wav,10,495.1172,5.39E-01,0.9766,3.94E-01,1.368
Membo_0_010-membo_004_.wav,1,49.3864,2.30E+02,1.1161,3.77E+00,60.9586
Membo_0_010-membo_004_.wav,2,100.4593,7.57E+00,20.0893,2.23E+00,3.3934
Membo_0_010-membo_004_.wav,3,149.9741,1.72E+00,27.9018,1.08E+00,1.5926
Membo_0_010-membo_004_.wav,4,199.7768,7.58E+00,1.1161,8.43E-01,8.9893
Membo_0_010-membo_004_.wav,5,244.091,8.81E-01,39.0625,8.58E-01,1.0265
Membo_0_010-membo_004_.wav,6,296.0474,5.03E+00,20.0893,9.48E-01,5.3068
Membo_0_010-membo_004_.wav,7,345.7618,4.81E+00,1.1161,6.96E-01,6.9132
Membo_0_010-membo_004_.wav,8,394.886,2.93E+00,1.1161,5.38E-01,5.4405
Membo_0_010-membo_004_.wav,9,445.3125,9.65E-01,36.8304,4.97E-01,1.9437
Membo_0_010-membo_004_.wav,10,494.4196,2.00E+00,7.8125,4.88E-01,4.1035
Membo_0_011-membo_000_.wav,1,49.5125,2.18E+02,0.9766,2.13E+00,102.0351
Membo_0_011-membo_000_.wav,2,100.3167,6.92E+00,15.625,2.10E+00,3.2881
Membo_0_011-membo_000_.wav,3,148.1133,1.52E+00,39.0625,1.07E+00,1.4227
Membo_0_011-membo_000_.wav,4,200.0858,8.97E+00,0.9766,9.05E-01,9.9117
Membo_0_011-membo_000_.wav,5,248.2964,1.52E+00,39.0625,8.17E-01,1.8612
Membo_0_011-membo_000_.wav,6,300.1095,5.21E+00,4.8828,9.65E-01,5.3955
Membo_0_011-membo_000_.wav,7,345.7031,6.28E+00,0.9766,1.01E+00,6.207
Membo_0_011-membo_000_.wav,8,395.5078,3.01E+00,6.8359,5.46E-01,5.5067
Membo_0_011-membo_000_.wav,9,445.3125,1.36E+00,23.4375,5.32E-01,2.5483
Membo_0_011-membo_000_.wav,10,495.1172,1.02E+00,0.9766,4.80E-01,2.1255
Membo_0_011-membo_001_.wav,1,49.5671,2.23E+02,0.9766,2.05E+00,108.9121
Membo_0_011-membo_001_.wav,2,99.8522,8.55E+00,32.2266,2.25E+00,3.8042
Membo_0_011-membo_001_.wav,3,148.4751,2.24E+00,20.5078,9.42E-01,2.3778
Membo_0_011-membo_001_.wav,4,200.0195,7.93E+00,0.9766,7.91E-01,10.0271
Membo_0_011-membo_001_.wav,5,251.9531,1.15E+00,38.0859,8.46E-01,1.3603
Membo_0_011-membo_001_.wav,6,300.9626,5.10E+00,27.3438,1.01E+00,5.0384
Membo_0_011-membo_001_.wav,7,345.7031,6.65E+00,20.5078,9.48E-01,7.0114
Membo_0_011-membo_001_.wav,8,395.5078,4.16E+00,0.9766,6.14E-01,6.7751
Membo_0_011-membo_001_.wav,9,450.2646,8.92E-01,26.3672,5.05E-01,1.768
Membo_0_011-membo_001_.wav,10,495.1172,1.44E+00,19.5312,4.19E-01,3.4323
Membo_0_011-membo_002_.wav,1,49.5854,3.01E+02,0.9766,1.45E+01,20.6685
Membo_0_011-membo_002_.wav,2,96.6797,2.50E+01,25.3906,1.27E+01,1.9783
Membo_0_011-membo_002_.wav,3,146.4844,8.41E+00,32.2266,5.18E+00,1.6229
Membo_0_011-membo_002_.wav,4,200.2094,8.18E+00,25.3906,2.14E+00,3.8268
Membo_0_011-membo_002_.wav,5,247.2807,1.84E+00,29.2969,1.25E+00,1.4666
Membo_0_011-membo_002_.wav,6,300.1277,4.84E+00,11.7188,1.08E+00,4.4997
Membo_0_011-membo_002_.wav,7,345.7031,5.24E+00,18.5547,8.15E-01,6.4228
Membo_0_011-membo_002_.wav,8,395.5078,2.54E+00,15.625,6.91E-01,3.6712
Membo_0_011-membo_002_.wav,9,445.3125,1.28E+00,25.3906,6.28E-01,2.0452
Membo_0_011-membo_002_.wav,10,495.1172,9.62E-01,12.6953,5.49E-01,1.7544
Membo_0_011-membo_003_.wav,1,49.5446,2.06E+02,0.9766,9.92E+00,20.7538
Membo_0_011-membo_003_.wav,2,97.7713,2.25E+01,39.0625,9.50E+00,2.3649
Membo_0_011-membo_003_.wav,3,148.4519,7.41E+00,27.3438,3.33E+00,2.2213
Membo_0_011-membo_003_.wav,4,199.9809,6.53E+00,15.625,1.72E+00,3.7924
Membo_0_011-membo_003_.wav,5,248.9478,2.45E+00,34.1797,1.22E+00,2.0065
Membo_0_011-membo_003_.wav,6,295.8984,6.23E+00,20.5078,1.15E+00,5.417
Membo_0_011-membo_003_.wav,7,345.7031,5.08E+00,0.9766,7.62E-01,6.6606
Membo_0_011-membo_003_.wav,8,395.5078,3.36E+00,1.9531,5.21E-01,6.4425
Membo_0_011-membo_003_.wav,9,445.3125,4.07E-01,23.4375,5.09E-01,0.7994
Membo_0_011-membo_003_.wav,10,495.1172,1.31E+00,6.8359,4.62E-01,2.8427
Membo_0_011-membo_004_.wav,1,49.5869,1.98E+02,1.1161,5.07E+00,39.1597
Membo_0_011-membo_004_.wav,2,100.1031,6.16E+00,12.2768,3.30E+00,1.8631
Membo_0_011-membo_004_.wav,3,148.7952,2.23E+00,35.7143,1.62E+00,1.3741
Membo_0_011-membo_004_.wav,4,199.7768,7.53E+00,1.1161,8.92E-01,8.4414
Membo_0_011-membo_004_.wav,5,244.9506,1.56E+00,31.25,7.57E-01,2.0541
Membo_0_011-membo_004_.wav,6,292.3473,4.14E+00,17.8571,7.50E-01,5.5226
Membo_0_011-membo_004_.wav,7,345.8293,4.82E+00,1.1161,6.18E-01,7.7971
Membo_0_011-membo_004_.wav,8,395.1608,2.21E+00,1.1161,4.47E-01,4.9517
Membo_0_011-membo_004_.wav,9,444.2855,1.14E+00,29.0179,4.19E-01,2.7136
Membo_0_011-membo_004_.wav,10,494.4196,2.08E+00,1.1161,3.68E-01,5.6554
Membo_0_012-membo_000_.wav,1,48.7721,1.89E+02,1.9531,4.72E+00,40.1345
Membo_0_012-membo_000_.wav,2,100.5859,6.80E+00,20.5078,3.33E+00,2.044
Membo_0_012-membo_000_.wav,3,143.5547,2.40E+00,39.0625,1.69E+00,1.4198
Membo_0_012-membo_000_.wav,4,195.4904,5.13E+00,5.8594,1.36E+00,3.7821
Membo_0_012-membo_000_.wav,5,244.0815,1.41E+00,38.0859,1.04E+00,1.3598
Membo_0_012-membo_000_.wav,6,295.8984,3.05E+00,26.3672,9.95E-01,3.0617
Membo_0_012-membo_000_.wav,7,344.7266,4.01E+00,2.9297,8.88E-01,4.5184
Membo_0_012-membo_000_.wav,8,393.5547,9.92E-01,32.2266,6.37E-01,1.557
Membo_0_012-membo_000_.wav,9,438.6394,2.14E+00,9.7656,4.85E-01,4.4138
Membo_0_012-membo_000_.wav,10,491.2109,5.69E-01,38.0859,4.59E-01,1.2414
Membo_0_012-membo_001_.wav,1,49.5175,2.12E+02,0.9766,9.72E+00,21.8444
Membo_0_012-membo_001_.wav,2,96.6797,1.46E+01,29.2969,8.35E+00,1.7451
Membo_0_012-membo_001_.wav,3,148.4427,5.04E+00,23.4375,2.32E+00,2.1707
Membo_0_012-membo_001_.wav,4,200.2049,6.03E+00,1.9531,1.09E+00,5.5088
Membo_0_012-membo_001_.wav,5,251.9531,1.22E+00,34.1797,8.09E-01,1.5063
Membo_0_012-membo_001_.wav,6,301.7578,6.55E+00,24.4141,1.04E+00,6.2854
Membo_0_012-membo_001_.wav,7,345.7031,6.28E+00,0.9766,9.70E-01,6.4783
Membo_0_012-membo_001_.wav,8,395.5078,2.77E+00,0.9766,6.60E-01,4.1927
Membo_0_012-membo_001_.wav,9,445.3125,8.03E-01,25.3906,6.58E-01,1.2207
Membo_0_012-membo_001_.wav,10,495.1172,1.15E+00,32.2266,6.16E-01,1.8691
Membo_0_012-membo_002_.wav,1,49.2589,2.58E+02,0.9766,1.62E+01,15.9154
Membo_0_012-membo_002_.wav,2,99.0722,5.14E+01,33.2031,1.94E+01,2.6502
Membo_0_012-membo_002_.wav,3,144.863,1.37E+01,29.2969,8.70E+00,1.569
Membo_0_012-membo_002_.wav,4,194.5729,4.80E+00,36.1328,3.75E+00,1.2815
Membo_0_012-membo_002_.wav,5,241.2109,2.64E+00,36.1328,2.37E+00,1.1127
Membo_0_012-membo_002_.wav,6,295.8984,4.11E+00,39.0625,1.91E+00,2.1529
Membo_0_012-membo_002_.wav,7,344.7266,2.94E+00,0.9766,1.22E+00,2.4137
Membo_0_012-membo_002_.wav,8,391.4698,1.72E+00,34.1797,7.91E-01,2.1757
Membo_0_012-membo_002_.wav,9,439.2098,1.86E+00,18.5547,5.88E-01,3.1673
Membo_0_012-membo_002_.wav,10,486.3684,8.16E-01,38.0859,5.15E-01,1.5851
Membo_0_012-membo_003_.wav,1,49.5783,2.41E+02,0.9766,2.48E+00,97.3435
Membo_0_012-membo_003_.wav,2,100.3011,8.92E+00,11.7188,2.04E+00,4.3739
Membo_0_012-membo_003_.wav,3,148.4336,2.14E+00,37.1094,1.19E+00,1.8014
Membo_0_012-membo_003_.wav,4,200.0901,8.90E+00,0.9766,9.92E-01,8.9727
Membo_0_012-membo_003_.wav,5,247.8712,1.01E+00,39.0625,1.09E+00,0.9254
Membo_0_012-membo_003_.wav,6,296.7111,5.98E+00,21.4844,1.41E+00,4.2466
Membo_0_012-membo_003_.wav,7,345.7031,6.06E+00,20.5078,1.07E+00,5.6867
Membo_0_012-membo_003_.wav,8,395.5078,2.45E+00,6.8359,7.02E-01,3.4845
Membo_0_012-membo_003_.wav,9,445.3125,1.39E+00,16.6016,6.96E-01,1.9973
Membo_0_012-membo_003_.wav,10,497.4483,9.71E-01,39.0625,8.37E-01,1.1594
Membo_0_012-membo_004_.wav,1,52.4274,5.94E+02,11.1607,7.98E+01,7.4457
Membo_0_012-membo_004_.wav,2,102.9356,2.11E+02,32.3661,1.21E+02,1.734
Membo_0_012-membo_004_.wav,3,160.7143,1.26E+02,37.9464,7.32E+01,1.723
Membo_0_012-membo_004_.wav,4,208.1784,9.48E+01,32.3661,4.59E+01,2.0657
Membo_0_012-membo_004_.wav,5,261.8037,7.14E+01,39.0625,3.42E+01,2.0875
Membo_0_012-membo_004_.wav,6,312.5,4.15E+01,37.9464,2.77E+01,1.4965
Membo_0_012-membo_004_.wav,7,367.097,2.86E+01,37.9464,2.16E+01,1.3265
Membo_0_012-membo_004_.wav,8,419.8075,1.68E+01,31.25,1.38E+01,1.2169
Membo_0_012-membo_004_.wav,9,474.4922,7.96E+00,36.8304,8.06E+00,0.9873
Membo_0_012-membo_004_.wav,10,526.7346,1.31E+01,35.7143,7.37E+00,1.7761
Membo_0_013-membo_000_.wav,1,49.3941,2.57E+02,0.9766,1.34E+01,19.1736
Membo_0_013-membo_000_.wav,2,101.1885,1.86E+01,21.4844,1.11E+01,1.6795
Membo_0_013-membo_000_.wav,3,150.5624,7.19E+00,29.2969,3.52E+00,2.0438
Membo_0_013-membo_000_.wav,4,200.1234,6.54E+00,0.9766,1.65E+00,3.9555
Membo_0_013-membo_000_.wav,5,247.2048,1.83E+00,27.3438,1.01E+00,1.8153
Membo_0_013-membo_000_.wav,6,299.7958,5.15E+00,17.5781,8.24E-01,6.2486
Membo_0_013-membo_000_.wav,7,345.7031,4.42E+00,0.9766,7.71E-01,5.7265
Membo_0_013-membo_000_.wav,8,395.5078,1.90E+00,30.2734,5.53E-01,3.4439
Membo_0_013-membo_000_.wav,9,449.9765,1.05E+00,31.25,3.95E-01,2.647
Membo_0_013-membo_000_.wav,10,496.8033,8.96E-01,1.9531,4.24E-01,2.1112
Membo_0_013-membo_001_.wav,1,49.6204,2.42E+02,0.9766,1.91E+00,126.8041
Membo_0_013-membo_001_.wav,2,99.6035,1.03E+01,1.9531,1.86E+00,5.5349
Membo_0_013-membo_001_.wav,3,148.5054,2.25E+00,26.3672,1.09E+00,2.0688
Membo_0_013-membo_001_.wav,4,200.1816,8.53E+00,0,8.89E-01,9.5876
Membo_0_013-membo_001_.wav,5,251.9531,9.89E-01,37.1094,7.55E-01,1.3107
Membo_0_013-membo_001_.wav,6,300.0799,6.28E+00,19.5312,8.08E-01,7.7749
Membo_0_013-membo_001_.wav,7,345.7031,5.42E+00,0.9766,6.94E-01,7.8101
Membo_0_013-membo_001_.wav,8,395.5078,2.11E+00,18.5547,5.01E-01,4.2196
Membo_0_013-membo_001_.wav,9,451.1719,7.10E-01,32.2266,4.34E-01,1.6347
Membo_0_013-membo_001_.wav,10,495.1172,1.33E+00,0.9766,4.24E-01,3.1459
Membo_0_013-membo_002_.wav,1,49.5692,2.36E+02,0.9766,2.03E+00,116.4886
Membo_0_013-membo_002_.wav,2,100.4175,8.76E+00,14.6484,1.76E+00,4.986
Membo_0_013-membo_002_.wav,3,150.6021,1.90E+00,38.0859,9.72E-01,1.9595
Membo_0_013-membo_002_.wav,4,200.0695,8.20E+00,0.9766,8.42E-01,9.7416
Membo_0_013-membo_002_.wav,5,246.0938,1.22E+00,32.2266,6.81E-01,1.7877
Membo_0_013-membo_002_.wav,6,300.207,6.25E+00,22.4609,7.66E-01,8.1601
Membo_0_013-membo_002_.wav,7,345.7031,5.61E+00,0.9766,7.03E-01,7.9753
Membo_0_013-membo_002_.wav,8,395.5078,2.91E+00,0.9766,4.94E-01,5.8933
Membo_0_013-membo_002_.wav,9,445.3125,1.34E+00,29.2969,4.94E-01,2.7104
Membo_0_013-membo_002_.wav,10,500.2752,1.40E+00,23.4375,5.00E-01,2.8014
Membo_0_013-membo_003_.wav,1,49.5122,2.24E+02,0.9766,2.22E+00,101.1485
Membo_0_013-membo_003_.wav,2,100.0325,8.54E+00,1.9531,1.82E+00,4.6806
Membo_0_013-membo_003_.wav,3,148.352,1.91E+00,19.5312,9.49E-01,2.0129
Membo_0_013-membo_003_.wav,4,200.1126,8.72E+00,0.9766,7.79E-01,11.1915
Membo_0_013-membo_003_.wav,5,249.5012,6.93E-01,37.1094,6.88E-01,1.0072
Membo_0_013-membo_003_.wav,6,295.8984,4.11E+00,0.9766,6.93E-01,5.9347
Membo_0_013-membo_003_.wav,7,345.7031,5.17E+00,0.9766,6.25E-01,8.2767
Membo_0_013-membo_003_.wav,8,395.5078,3.55E+00,0.9766,4.10E-01,8.6413
Membo_0_013-membo_003_.wav,9,445.3125,7.74E-01,0.9766,3.74E-01,2.0691
Membo_0_013-membo_003_.wav,10,495.1172,8.17E-01,14.6484,4.22E-01,1.9346
Membo_0_013-membo_004_.wav,1,49.3726,1.98E+02,1.1161,2.04E+00,97.3101
Membo_0_013-membo_004_.wav,2,99.542,1.11E+01,1.1161,1.79E+00,6.201
Membo_0_013-membo_004_.wav,3,145.0893,1.51E+00,20.0893,9.53E-01,1.5842
Membo_0_013-membo_004_.wav,4,199.7768,7.27E+00,1.1161,6.53E-01,11.1379
Membo_0_013-membo_004_.wav,5,247.2217,1.28E+00,35.7143,5.70E-01,2.2526
Membo_0_013-membo_004_.wav,6,295.4876,8.18E+00,20.0893,6.73E-01,12.1453
Membo_0_013-membo_004_.wav,7,345.6961,4.44E+00,1.1161,6.68E-01,6.6544
Membo_0_013-membo_004_.wav,8,395.3137,1.96E+00,10.0446,5.01E-01,3.921
Membo_0_013-membo_004_.wav,9,443.7389,1.39E+00,17.8571,3.83E-01,3.6273
Membo_0_013-membo_004_.wav,10,493.6619,1.81E+00,1.1161,2.66E-01,6.7971
Membo_0_014-membo_000_.wav,1,49.5122,2.43E+02,0.9766,1.85E+00,131.1164
Membo_0_014-membo_000_.wav,2,99.8135,8.59E+00,19.5312,1.85E+00,4.6377
Membo_0_014-membo_000_.wav,3,148.2022,1.73E+00,36.1328,8.58E-01,2.013
Membo_0_014-membo_000_.wav,4,200.0822,9.85E+00,0.9766,6.91E-01,14.2649
Membo_0_014-membo_000_.wav,5,249.2983,1.52E+00,33.2031,6.70E-01,2.2654
Membo_0_014-membo_000_.wav,6,301.7578,5.52E+00,22.4609,7.45E-01,7.4102
Membo_0_014-membo_000_.wav,7,345.7031,5.45E+00,1.9531,8.87E-01,6.1444
Membo_0_014-membo_000_.wav,8,395.5078,3.21E+00,0.9766,4.57E-01,7.0209
Membo_0_014-membo_000_.wav,9,451.1719,1.25E+00,14.6484,4.23E-01,2.9469
Membo_0_014-membo_000_.wav,10,495.1172,1.06E+00,1.9531,4.09E-01,2.5899
Membo_0_014-membo_001_.wav,1,49.543,2.54E+02,0.9766,4.06E+00,62.5393
Membo_0_014-membo_001_.wav,2,100.7868,8.22E+00,33.2031,4.06E+00,2.0257
Membo_0_014-membo_001_.wav,3,151.3281,2.94E+00,38.0859,1.80E+00,1.632
Membo_0_014-membo_001_.wav,4,200.0795,1.12E+01,0.9766,1.04E+00,10.756
Membo_0_014-membo_001_.wav,5,249.8187,1.34E+00,18.5547,7.84E-01,1.7088
Membo_0_014-membo_001_.wav,6,299.7479,5.22E+00,15.625,1.07E+00,4.8887
Membo_0_014-membo_001_.wav,7,345.7031,5.92E+00,1.9531,1.06E+00,5.5766
Membo_0_014-membo_001_.wav,8,395.5078,2.73E+00,0.9766,5.49E-01,4.9705
Membo_0_014-membo_001_.wav,9,445.3125,8.73E-01,12.6953,4.66E-01,1.8749
Membo_0_014-membo_001_.wav,10,500.9766,7.63E-01,28.3203,4.03E-01,1.8955
Membo_0_014-membo_002_.wav,1,49.4476,2.40E+02,0.9766,6.76E+00,35.4779
Membo_0_014-membo_002_.wav,2,99.8344,1.40E+01,26.3672,5.20E+00,2.6975
Membo_0_014-membo_002_.wav,3,152.3438,3.46E+00,39.0625,1.87E+00,1.8481
Membo_0_014-membo_002_.wav,4,200.0339,1.03E+01,0.9766,1.27E+00,8.1154
Membo_0_014-membo_002_.wav,5,247.2992,2.01E+00,18.5547,6.65E-01,3.0257
Membo_0_014-membo_002_.wav,6,296.4584,5.06E+00,20.5078,7.56E-01,6.6956
Membo_0_014-membo_002_.wav,7,345.7031,5.43E+00,1.9531,7.43E-01,7.3039
Membo_0_014-membo_002_.wav,8,395.5078,2.63E+00,0.9766,4.49E-01,5.8464
Membo_0_014-membo_002_.wav,9,450.2363,6.21E-01,31.25,3.44E-01,1.8075
Membo_0_014-membo_002_.wav,10,496.3321,1.08E+00,38.0859,3.41E-01,3.1644
Membo_0_014-membo_003_.wav,1,49.4344,2.45E+02,0.9766,2.03E+00,120.6886
Membo_0_014-membo_003_.wav,2,99.7168,1.49E+01,1.9531,2.00E+00,7.4466
Membo_0_014-membo_003_.wav,3,148.4606,1.89E+00,28.3203,1.10E+00,1.7198
Membo_0_014-membo_003_.wav,4,200.0201,7.49E+00,0.9766,7.59E-01,9.8573
Membo_0_014-membo_003_.wav,5,247.2021,1.62E+00,39.0625,7.55E-01,2.151
Membo_0_014-membo_003_.wav,6,296.7794,7.29E+00,11.7188,7.79E-01,9.3601
Membo_0_014-membo_003_.wav,7,345.7031,5.89E+00,0.9766,6.89E-01,8.5575
Membo_0_014-membo_003_.wav,8,395.5078,2.63E+00,7.8125,5.18E-01,5.0668
Membo_0_014-membo_003_.wav,9,445.3125,5.96E-01,31.25,4.26E-01,1.4007
Membo_0_014-membo_003_.wav,10,495.1172,9.15E-01,0.9766,3.85E-01,2.377
Membo_0_014-membo_004_.wav,1,49.3925,2.04E+02,1.1161,1.00E+01,20.3486
Membo_0_014-membo_004_.wav,2,99.0949,8.03E+00,27.9018,8.03E+00,1
Membo_0_014-membo_004_.wav,3,148.2815,7.05E+00,36.8304,3.17E+00,2.2214
Membo_0_014-membo_004_.wav,4,199.7768,7.16E+00,1.1161,1.63E+00,4.3882
Membo_0_014-membo_004_.wav,5,246.9398,2.03E+00,17.8571,8.59E-01,2.3591
Membo_0_014-membo_004_.wav,6,296.0807,4.19E+00,20.0893,1.10E+00,3.7986
Membo_0_014-membo_004_.wav,7,345.6615,4.93E+00,1.1161,8.52E-01,5.7933
Membo_0_014-membo_004_.wav,8,394.7508,2.61E+00,1.1161,5.42E-01,4.8063
Membo_0_014-membo_004_.wav,9,444.2222,1.26E+00,27.9018,3.98E-01,3.1545
Membo_0_014-membo_004_.wav,10,493.6327,1.55E+00,21.2054,4.61E-01,3.3662
Membo_0_015-membo_000_.wav,1,49.559,2.44E+02,0.9766,1.53E+00,159.3268
Membo_0_015-membo_000_.wav,2,99.6484,1.23E+01,1.9531,1.58E+00,7.798
Membo_0_015-membo_000_.wav,3,148.8533,1.71E+00,32.2266,8.22E-01,2.0837
Membo_0_015-membo_000_.wav,4,200.1585,8.04E+00,0.9766,7.10E-01,11.3212
Membo_0_015-membo_000_.wav,5,249.9977,8.90E-01,36.1328,6.37E-01,1.3972
Membo_0_015-membo_000_.wav,6,300.1571,6.25E+00,9.7656,7.21E-01,8.6559
Membo_0_015-membo_000_.wav,7,345.7031,6.25E+00,0.9766,8.60E-01,7.2632
Membo_0_015-membo_000_.wav,8,395.5078,2.95E+00,0.9766,5.43E-01,5.4249
Membo_0_015-membo_000_.wav,9,445.3125,9.11E-01,13.6719,3.65E-01,2.4955
Membo_0_015-membo_000_.wav,10,500.1536,7.72E-01,0.9766,4.06E-01,1.901
Membo_0_015-membo_001_.wav,1,49.5591,2.28E+02,0.9766,1.84E+00,123.7273
Membo_0_015-membo_001_.wav,2,100.2314,1.08E+01,15.625,1.97E+00,5.4931
Membo_0_015-membo_001_.wav,3,148.2912,3.10E+00,21.4844,8.08E-01,3.8313
Membo_0_015-membo_001_.wav,4,200.0883,8.54E+00,0.9766,5.65E-01,15.1157
Membo_0_015-membo_001_.wav,5,246.6467,7.98E-01,1.9531,5.15E-01,1.55
Membo_0_015-membo_001_.wav,6,300.1687,5.28E+00,17.5781,6.73E-01,7.8406
Membo_0_015-membo_001_.wav,7,345.7031,5.55E+00,0.9766,6.68E-01,8.3088
Membo_0_015-membo_001_.wav,8,395.5078,1.28E+00,29.2969,4.40E-01,2.9147
Membo_0_015-membo_001_.wav,9,447.3823,6.39E-01,0.9766,3.90E-01,1.6395
Membo_0_015-membo_001_.wav,10,500.9766,7.82E-01,8.7891,3.77E-01,2.0726
Membo_0_015-membo_002_.wav,1,49.5286,2.14E+02,0.9766,2.18E+00,97.7436
Membo_0_015-membo_002_.wav,2,99.6451,1.69E+01,1.9531,1.89E+00,8.8981
Membo_0_015-membo_002_.wav,3,150.1054,1.63E+00,38.0859,1.00E+00,1.625
Membo_0_015-membo_002_.wav,4,200.1377,7.90E+00,0.9766,6.74E-01,11.7158
Membo_0_015-membo_002_.wav,5,246.0938,9.97E-01,33.2031,7.50E-01,1.3288
Membo_0_015-membo_002_.wav,6,299.8633,5.39E+00,25.3906,1.46E+00,3.7011
Membo_0_015-membo_002_.wav,7,345.7031,7.09E+00,15.625,1.32E+00,5.3792
Membo_0_015-membo_002_.wav,8,395.5078,2.30E+00,9.7656,6.51E-01,3.527
Membo_0_015-membo_002_.wav,9,445.3125,1.08E+00,23.4375,5.06E-01,2.1305
Membo_0_015-membo_002_.wav,10,500.9766,1.97E+00,11.7188,7.25E-01,2.7155
Membo_0_015-membo_003_.wav,1,49.3612,2.43E+02,0.9766,1.13E+01,21.5099
Membo_0_015-membo_003_.wav,2,96.6797,1.67E+01,39.0625,1.10E+01,1.5092
Membo_0_015-membo_003_.wav,3,148.4369,1.16E+01,25.3906,4.07E+00,2.8511
Membo_0_015-membo_003_.wav,4,200.2336,9.76E+00,12.6953,2.14E+00,4.5532
Membo_0_015-membo_003_.wav,5,249.9227,1.79E+00,37.1094,1.62E+00,1.1014
Membo_0_015-membo_003_.wav,6,298.7624,1.16E+01,14.6484,1.44E+00,8.0198
Membo_0_015-membo_003_.wav,7,345.7031,4.91E+00,1.9531,9.73E-01,5.0438
Membo_0_015-membo_003_.wav,8,395.5078,2.07E+00,2.9297,6.61E-01,3.1313
Membo_0_015-membo_003_.wav,9,445.3125,1.28E+00,26.3672,6.29E-01,2.0335
Membo_0_015-membo_003_.wav,10,495.1172,1.59E+00,16.6016,7.37E-01,2.1525
Membo_0_015-membo_004_.wav,1,49.4916,2.68E+02,1.1161,1.33E+01,20.0418
Membo_0_015-membo_004_.wav,2,96.1933,3.40E+01,18.9732,1.29E+01,2.6303
Membo_0_015-membo_004_.wav,3,147.3581,7.99E+00,34.5982,6.30E+00,1.2694
Membo_0_015-membo_004_.wav,4,198.4897,4.39E+00,36.8304,2.99E+00,1.465
Membo_0_015-membo_004_.wav,5,246.3325,2.43E+00,31.25,1.88E+00,1.2911
Membo_0_015-membo_004_.wav,6,293.7715,7.62E+00,11.1607,1.49E+00,5.0983
Membo_0_015-membo_004_.wav,7,342.6108,4.45E+00,21.2054,1.42E+00,3.1296
Membo_0_015-membo_004_.wav,8,391.7259,1.65E+00,14.5089,7.82E-01,2.1052
Membo_0_015-membo_004_.wav,9,441.0469,6.11E-01,30.1339,6.63E-01,0.9222
Membo_0_015-membo_004_.wav,10,491.4539,8.37E-01,37.9464,6.73E-01,1.2445
Membo_0_016-membo_000_.wav,1,49.4814,2.21E+02,0.9766,7.57E+00,29.207
Membo_0_016-membo_000_.wav,2,99.5857,1.62E+01,29.2969,7.33E+00,2.2098
Membo_0_016-membo_000_.wav,3,150.2527,4.00E+00,39.0625,2.90E+00,1.3781
Membo_0_016-membo_000_.wav,4,200.1872,9.30E+00,9.7656,2.35E+00,3.9618
Membo_0_016-membo_000_.wav,5,248.0002,1.91E+00,12.6953,1.48E+00,1.2873
Membo_0_016-membo_000_.wav,6,299.7392,1.06E+01,9.7656,1.01E+00,10.5079
Membo_0_016-membo_000_.wav,7,345.7031,5.02E+00,0.9766,8.68E-01,5.789
Membo_0_016-membo_000_.wav,8,395.5078,2.77E+00,0.9766,6.00E-01,4.6156
Membo_0_016-membo_000_.wav,9,451.1719,9.48E-01,36.1328,4.94E-01,1.9183
Membo_0_016-membo_000_.wav,10,495.1172,1.56E+00,0.9766,4.82E-01,3.2335
Membo_0_016-membo_001_.wav,1,49.1326,2.54E+02,0.9766,8.13E+00,31.2189
Membo_0_016-membo_001_.wav,2,100.5859,9.80E+00,19.5312,6.16E+00,1.5915
Membo_0_016-membo_001_.wav,3,147.2355,2.88E+00,30.2734,2.18E+00,1.32
Membo_0_016-membo_001_.wav,4,195.3424,3.01E+00,0.9766,1.04E+00,2.879
Membo_0_016-membo_001_.wav,5,246.0585,1.49E+00,34.1797,8.05E-01,1.8521
Membo_0_016-membo_001_.wav,6,295.8984,5.95E+00,9.7656,8.56E-01,6.9476
Membo_0_016-membo_001_.wav,7,344.7266,1.76E+00,20.5078,6.85E-01,2.5632
Membo_0_016-membo_001_.wav,8,389.3852,6.62E-01,0.9766,5.06E-01,1.3091
Membo_0_016-membo_001_.wav,9,439.5957,1.44E+00,29.2969,4.52E-01,3.1943
Membo_0_016-membo_001_.wav,10,485.8683,9.02E-01,18.5547,4.36E-01,2.0699
Membo_0_016-membo_002_.wav,1,49.5159,2.30E+02,0.9766,3.59E+00,64.1208
Membo_0_016-membo_002_.wav,2,100.0155,1.82E+01,1.9531,2.79E+00,6.4968
Membo_0_016-membo_002_.wav,3,148.1849,3.40E+00,37.1094,1.45E+00,2.3505
Membo_0_016-membo_002_.wav,4,199.9111,5.30E+00,13.6719,1.13E+00,4.7083
Membo_0_016-membo_002_.wav,5,251.2257,1.61E+00,33.2031,1.13E+00,1.4263
Membo_0_016-membo_002_.wav,6,295.8984,5.36E+00,26.3672,1.50E+00,3.5658
Membo_0_016-membo_002_.wav,7,345.7031,6.18E+00,20.5078,1.05E+00,5.8927
Membo_0_016-membo_002_.wav,8,395.5078,2.77E+00,25.3906,9.20E-01,3.0068
Membo_0_016-membo_002_.wav,9,445.8687,1.12E+00,36.1328,9.03E-01,1.2349
Membo_0_016-membo_002_.wav,10,499.4434,1.43E+00,34.1797,8.61E-01,1.6572
Membo_0_016-membo_003_.wav,1,49.6441,2.22E+02,0.9766,8.39E+00,26.4197
Membo_0_016-membo_003_.wav,2,100.4759,1.76E+01,4.8828,7.79E+00,2.2592
Membo_0_016-membo_003_.wav,3,149.0719,4.54E+00,29.2969,2.91E+00,1.5572
Membo_0_016-membo_003_.wav,4,200.2336,6.51E+00,1.9531,1.49E+00,4.3648
Membo_0_016-membo_003_.wav,5,248.5842,1.34E+00,39.0625,8.78E-01,1.5248
Membo_0_016-membo_003_.wav,6,296.4039,5.15E+00,19.5312,7.92E-01,6.5061
Membo_0_016-membo_003_.wav,7,345.7031,4.43E+00,0.9766,7.22E-01,6.1287
Membo_0_016-membo_003_.wav,8,395.5078,2.07E+00,12.6953,5.75E-01,3.6019
Membo_0_016-membo_003_.wav,9,450.3537,1.38E+00,24.4141,5.33E-01,2.5967
Membo_0_016-membo_003_.wav,10,495.1172,1.33E+00,2.9297,4.71E-01,2.8326
Membo_0_016-membo_004_.wav,1,49.5659,2.47E+02,0.9766,2.04E+00,120.9898
Membo_0_016-membo_004_.wav,2,100.0355,1.18E+01,2.9297,1.84E+00,6.4394
Membo_0_016-membo_004_.wav,3,149.4082,2.37E+00,37.1094,8.98E-01,2.6439
Membo_0_016-membo_004_.wav,4,200.155,7.64E+00,1.9531,8.08E-01,9.4581
Membo_0_016-membo_004_.wav,5,246.8032,1.36E+00,4.8828,7.98E-01,1.7103
Membo_0_016-membo_004_.wav,6,295.8984,5.79E+00,10.7422,7.94E-01,7.2876
Membo_0_016-membo_004_.wav,7,345.7031,5.15E+00,0.9766,8.08E-01,6.3685
Membo_0_016-membo_004_.wav,8,395.5078,3.45E+00,0.9766,5.18E-01,6.6599
Membo_0_016-membo_004_.wav,9,450.1096,8.53E-01,31.25,3.54E-01,2.4074
Membo_0_016-membo_004_.wav,10,495.1172,1.03E+00,15.625,3.49E-01,2.9448
Membo_0_017-membo_000_.wav,1,49.5389,2.44E+02,0.9766,2.05E+00,118.9583
Membo_0_017-membo_000_.wav,2,99.6515,1.48E+01,1.9531,1.76E+00,8.4136
Membo_0_017-membo_000_.wav,3,149.0296,2.32E+00,23.4375,9.25E-01,2.5101
Membo_0_017-membo_000_.wav,4,200.1397,5.16E+00,0.9766,6.73E-01,7.6641
Membo_0_017-membo_000_.wav,5,247.9924,1.01E+00,39.0625,5.59E-01,1.8125
Membo_0_017-membo_000_.wav,6,295.8984,6.05E+00,18.5547,5.76E-01,10.5144
Membo_0_017-membo_000_.wav,7,345.7031,5.48E+00,0.9766,6.66E-01,8.2223
Membo_0_017-membo_000_.wav,8,395.5078,2.55E+00,0.9766,4.74E-01,5.3797
Membo_0_017-membo_000_.wav,9,450.2387,7.83E-01,14.6484,4.32E-01,1.8143
Membo_0_017-membo_000_.wav,10,498.9594,9.76E-01,39.0625,4.80E-01,2.0329
Membo_0_017-membo_001_.wav,1,49.6954,2.46E+02,0.9766,1.72E+00,142.5154
Membo_0_017-membo_001_.wav,2,99.8555,1.16E+01,0.9766,1.80E+00,6.4369
Membo_0_017-membo_001_.wav,3,148.3441,1.23E+00,30.2734,9.41E-01,1.3089
Membo_0_017-membo_001_.wav,4,200.1742,6.81E+00,0,7.39E-01,9.2086
Membo_0_017-membo_001_.wav,5,250.3636,9.93E-01,34.1797,7.37E-01,1.3474
Membo_0_017-membo_001_.wav,6,300.6507,6.58E+00,15.625,8.37E-01,7.8648
Membo_0_017-membo_001_.wav,7,345.7031,6.21E+00,0.9766,6.16E-01,10.0715
Membo_0_017-membo_001_.wav,8,395.5078,2.33E+00,0.9766,4.80E-01,4.8652
Membo_0_017-membo_001_.wav,9,445.3125,1.13E+00,24.4141,4.76E-01,2.3817
Membo_0_017-membo_001_.wav,10,500.9766,8.69E-01,24.4141,5.35E-01,1.6257
Membo_0_017-membo_002_.wav,1,49.6832,2.41E+02,0.9766,2.21E+00,109.083
Membo_0_017-membo_002_.wav,2,100.4538,1.55E+01,2.9297,2.15E+00,7.1894
Membo_0_017-membo_002_.wav,3,150.1301,1.75E+00,39.0625,1.13E+00,1.5424
Membo_0_017-membo_002_.wav,4,200.1551,7.86E+00,10.7422,9.28E-01,8.4732
Membo_0_017-membo_002_.wav,5,247.3611,1.19E+00,38.0859,7.72E-01,1.5458
Membo_0_017-membo_002_.wav,6,301.7578,6.83E+00,8.7891,7.71E-01,8.8523
Membo_0_017-membo_002_.wav,7,345.7031,5.37E+00,0.9766,7.08E-01,7.584
Membo_0_017-membo_002_.wav,8,395.5078,2.87E+00,0.9766,4.94E-01,5.8181
Membo_0_017-membo_002_.wav,9,445.3125,9.32E-01,6.8359,4.51E-01,2.0643
Membo_0_017-membo_002_.wav,10,495.1172,1.17E+00,0,4.71E-01,2.482
Membo_0_017-membo_003_.wav,1,49.4919,2.38E+02,0.9766,2.27E+00,104.7057
Membo_0_017-membo_003_.wav,2,100.1396,1.11E+01,2.9297,2.27E+00,4.8869
Membo_0_017-membo_003_.wav,3,152.3438,1.65E+00,39.0625,9.37E-01,1.7571
Membo_0_017-membo_003_.wav,4,200.1793,7.41E+00,1.9531,7.57E-01,9.7867
Membo_0_017-membo_003_.wav,5,246.8167,1.09E+00,38.0859,7.10E-01,1.5418
Membo_0_017-membo_003_.wav,6,296.7529,4.59E+00,11.7188,8.32E-01,5.5229
Membo_0_017-membo_003_.wav,7,345.7031,5.75E+00,18.5547,6.85E-01,8.3952
Membo_0_017-membo_003_.wav,8,395.5078,2.80E+00,0.9766,4.23E-01,6.6191
Membo_0_017-membo_003_.wav,9,445.3125,8.64E-01,38.0859,3.63E-01,2.3772
Membo_0_017-membo_003_.wav,10,495.1172,8.69E-01,0.9766,3.70E-01,2.3489
Membo_0_017-membo_004_.wav,1,49.3414,2.04E+02,1.1161,2.34E+00,87.0885
Membo_0_017-membo_004_.wav,2,99.2951,1.73E+01,2.2321,1.80E+00,9.6085
Membo_0_017-membo_004_.wav,3,145.0893,1.80E+00,27.9018,9.38E-01,1.9226
Membo_0_017-membo_004_.wav,4,199.7768,7.20E+00,1.1161,8.51E-01,8.4605
Membo_0_017-membo_004_.wav,5,244.3802,8.99E-01,31.25,7.73E-01,1.1637
Membo_0_017-membo_004_.wav,6,296.7267,5.51E+00,6.6964,8.79E-01,6.2651
Membo_0_017-membo_004_.wav,7,345.8411,5.74E+00,1.1161,8.05E-01,7.1337
Membo_0_017-membo_004_.wav,8,395.3368,2.28E+00,15.625,6.34E-01,3.6027
Membo_0_017-membo_004_.wav,9,439.7321,1.16E+00,18.9732,4.81E-01,2.4131
Membo_0_017-membo_004_.wav,10,494.4196,1.48E+00,17.8571,4.26E-01,3.4853
Membo_0_034-membo_000_.wav,1,49.3729,1.86E+02,0.9766,2.15E+00,86.7959
Membo_0_034-membo_000_.wav,2,100.1871,1.89E+01,0.9766,1.91E+00,9.9052
Membo_0_034-membo_000_.wav,3,148.2028,2.96E+00,19.5312,1.13E+00,2.6181
Membo_0_034-membo_000_.wav,4,200.2137,8.67E+00,0.9766,8.97E-01,9.6697
Membo_0_034-membo_000_.wav,5,246.7874,1.70E+00,38.0859,7.68E-01,2.2165
Membo_0_034-membo_000_.wav,6,295.8984,7.96E+00,3.9062,7.78E-01,10.2333
Membo_0_034-membo_000_.wav,7,345.7031,4.21E+00,0.9766,6.86E-01,6.1304
Membo_0_034-membo_000_.wav,8,395.5078,1.57E+00,17.5781,4.43E-01,3.5354
Membo_0_034-membo_000_.wav,9,450.1851,8.55E-01,31.25,4.42E-01,1.934
Membo_0_034-membo_000_.wav,10,495.1172,9.73E-01,1.9531,4.55E-01,2.1388
Membo_0_034-membo_001_.wav,1,49.4113,1.81E+02,0.9766,6.23E+00,29.0557
Membo_0_034-membo_001_.wav,2,100.0165,1.89E+01,13.6719,3.57E+00,5.2867
Membo_0_034-membo_001_.wav,3,147.2804,2.18E+00,31.25,1.38E+00,1.5865
Membo_0_034-membo_001_.wav,4,200.1075,1.00E+01,0.9766,1.09E+00,9.1682
Membo_0_034-membo_001_.wav,5,247.5902,1.36E+00,38.0859,9.46E-01,1.4325
Membo_0_034-membo_001_.wav,6,295.8984,4.72E+00,14.6484,1.00E+00,4.7163
Membo_0_034-membo_001_.wav,7,345.7031,5.50E+00,0.9766,6.88E-01,7.9831
Membo_0_034-membo_001_.wav,8,395.5078,2.49E+00,0.9766,5.27E-01,4.7214
Membo_0_034-membo_001_.wav,9,447.7042,1.39E+00,1.9531,4.99E-01,2.7737
Membo_0_034-membo_001_.wav,10,495.1172,8.91E-01,0.9766,4.26E-01,2.0922
Membo_0_034-membo_002_.wav,1,49.6211,1.96E+02,0.9766,1.01E+01,19.3664
Membo_0_034-membo_002_.wav,2,100.4286,1.60E+01,33.2031,9.11E+00,1.7534
Membo_0_034-membo_002_.wav,3,148.668,6.48E+00,17.5781,3.94E+00,1.6446
Membo_0_034-membo_002_.wav,4,200.0288,1.16E+01,0.9766,1.76E+00,6.6247
Membo_0_034-membo_002_.wav,5,247.0268,1.89E+00,30.2734,9.14E-01,2.0666
Membo_0_034-membo_002_.wav,6,298.0764,6.77E+00,13.6719,8.82E-01,7.6759
Membo_0_034-membo_002_.wav,7,345.7031,5.31E+00,0.9766,8.00E-01,6.6324
Membo_0_034-membo_002_.wav,8,395.5078,2.49E+00,5.8594,6.03E-01,4.1272
Membo_0_034-membo_002_.wav,9,445.3125,1.45E+00,34.1797,6.47E-01,2.2364
Membo_0_034-membo_002_.wav,10,495.1172,8.77E-01,8.7891,6.18E-01,1.4198
Membo_0_034-membo_003_.wav,1,49.567,3.33E+02,0.9766,3.27E+01,10.1892
Membo_0_034-membo_003_.wav,2,99.8226,4.61E+01,28.3203,2.59E+01,1.7806
Membo_0_034-membo_003_.wav,3,146.4844,2.93E+01,35.1562,1.13E+01,2.5924
Membo_0_034-membo_003_.wav,4,197.5786,1.38E+01,37.1094,7.97E+00,1.7253
Membo_0_034-membo_003_.wav,5,251.1817,8.07E+00,21.4844,4.06E+00,1.9874
Membo_0_034-membo_003_.wav,6,300.9826,6.47E+00,7.8125,1.83E+00,3.5291
Membo_0_034-membo_003_.wav,7,345.7031,4.24E+00,19.5312,1.33E+00,3.1906
Membo_0_034-membo_003_.wav,8,395.5078,2.94E+00,13.6719,8.48E-01,3.4716
Membo_0_034-membo_003_.wav,9,448.4818,2.07E+00,34.1797,6.94E-01,2.9895
Membo_0_034-membo_003_.wav,10,495.1172,8.48E-01,0.9766,6.00E-01,1.4133
Membo_0_034-membo_004_.wav,1,49.3467,2.63E+02,14.5089,3.06E+01,8.5942
Membo_0_034-membo_004_.wav,2,95.4613,7.01E+01,30.1339,3.36E+01,2.0867
Membo_0_034-membo_004_.wav,3,149.841,2.62E+01,22.3214,1.41E+01,1.8559
Membo_0_034-membo_004_.wav,4,194.1964,1.71E+01,35.7143,7.58E+00,2.2568
Membo_0_034-membo_004_.wav,5,245.6122,7.79E+00,37.9464,3.81E+00,2.0437
Membo_0_034-membo_004_.wav,6,295.8262,7.69E+00,16.7411,3.11E+00,2.472
Membo_0_034-membo_004_.wav,7,344.6265,5.20E+00,33.4821,2.32E+00,2.2451
Membo_0_034-membo_004_.wav,8,395.1407,3.36E+00,17.8571,1.14E+00,2.957
Membo_0_034-membo_004_.wav,9,445.3125,1.61E+00,32.3661,7.91E-01,2.0415
Membo_0_034-membo_004_.wav,10,494.4196,3.24E+00,1.1161,6.89E-01,4.7028
Membo_0_036-membo_000_.wav,1,49.2807,2.40E+02,0.9766,1.41E+01,16.9691
Membo_0_036-membo_000_.wav,2,100.5859,2.98E+01,25.3906,1.11E+01,2.6904
Membo_0_036-membo_000_.wav,3,148.1885,1.26E+01,27.3438,4.24E+00,2.9691
Membo_0_036-membo_000_.wav,4,192.3828,4.68E+00,31.25,2.04E+00,2.2957
Membo_0_036-membo_000_.wav,5,242.5598,1.36E+00,39.0625,1.12E+00,1.2114
Membo_0_036-membo_000_.wav,6,295.8984,3.63E+00,7.8125,1.02E+00,3.5639
Membo_0_036-membo_000_.wav,7,344.7266,2.72E+00,0.9766,8.47E-01,3.2093
Membo_0_036-membo_000_.wav,8,387.6953,7.26E-01,33.2031,5.97E-01,1.2158
Membo_0_036-membo_000_.wav,9,438.4091,8.38E-01,17.5781,4.91E-01,1.7068
Membo_0_036-membo_000_.wav,10,487.6997,8.16E-01,38.0859,4.49E-01,1.8188
Membo_0_036-membo_001_.wav,1,49.6422,3.04E+02,1.9531,2.04E+01,14.9066
Membo_0_036-membo_001_.wav,2,100.546,3.18E+01,18.5547,1.57E+01,2.0239
Membo_0_036-membo_001_.wav,3,146.4844,1.39E+01,25.3906,6.42E+00,2.168
Membo_0_036-membo_001_.wav,4,200.2028,9.55E+00,0,1.58E+00,6.037
Membo_0_036-membo_001_.wav,5,251.9531,1.74E+00,36.1328,1.22E+00,1.4282
Membo_0_036-membo_001_.wav,6,301.7578,9.73E+00,7.8125,1.21E+00,8.065
Membo_0_036-membo_001_.wav,7,345.7031,4.64E+00,0.9766,8.27E-01,5.6105
Membo_0_036-membo_001_.wav,8,395.5078,2.24E+00,0.9766,4.42E-01,5.057
Membo_0_036-membo_001_.wav,9,446.5503,1.09E+00,37.1094,4.46E-01,2.451
Membo_0_036-membo_001_.wav,10,495.1172,8.40E-01,26.3672,5.84E-01,1.4371
Membo_0_036-membo_002_.wav,1,49.3961,2.12E+02,0.9766,8.06E+00,26.3287
Membo_0_036-membo_002_.wav,2,100.3641,1.82E+01,19.5312,5.23E+00,3.4817
Membo_0_036-membo_002_.wav,3,151.4615,3.32E+00,39.0625,2.46E+00,1.3478
Membo_0_036-membo_002_.wav,4,200.1749,5.51E+00,10.7422,1.15E+00,4.7851
Membo_0_036-membo_002_.wav,5,247.8483,1.43E+00,39.0625,9.14E-01,1.5651
Membo_0_036-membo_002_.wav,6,296.5254,4.83E+00,23.4375,8.56E-01,5.6372
Membo_0_036-membo_002_.wav,7,345.7031,6.28E+00,0.9766,6.98E-01,8.9995
Membo_0_036-membo_002_.wav,8,395.5078,2.75E+00,0.9766,4.82E-01,5.7121
Membo_0_036-membo_002_.wav,9,446.4787,7.33E-01,19.5312,4.64E-01,1.5787
Membo_0_036-membo_002_.wav,10,495.1172,5.51E-01,15.625,4.93E-01,1.1176
Membo_0_036-membo_003_.wav,1,49.3786,1.87E+02,0.9766,4.47E+00,41.9085
Membo_0_036-membo_003_.wav,2,99.6616,2.71E+01,1.9531,4.15E+00,6.5353
Membo_0_036-membo_003_.wav,3,151.4925,4.94E+00,37.1094,2.76E+00,1.7891
Membo_0_036-membo_003_.wav,4,200.3562,8.91E+00,0.9766,1.67E+00,5.3309
Membo_0_036-membo_003_.wav,5,250.4933,1.33E+00,38.0859,1.02E+00,1.3078
Membo_0_036-membo_003_.wav,6,300.4076,5.19E+00,17.5781,8.42E-01,6.1609
Membo_0_036-membo_003_.wav,7,345.7031,5.76E+00,0.9766,7.32E-01,7.8762
Membo_0_036-membo_003_.wav,8,395.5078,3.31E+00,0.9766,5.73E-01,5.7806
Membo_0_036-membo_003_.wav,9,451.1719,9.27E-01,23.4375,4.77E-01,1.9434
Membo_0_036-membo_003_.wav,10,495.1172,1.02E+00,0.9766,4.74E-01,2.1519
Membo_0_036-membo_004_.wav,1,49.2322,1.81E+02,1.1161,2.66E+00,68.0465
Membo_0_036-membo_004_.wav,2,99.9471,1.79E+01,1.1161,2.50E+00,7.1626
Membo_0_036-membo_004_.wav,3,147.8707,2.71E+00,1.1161,9.69E-01,2.7978
Membo_0_036-membo_004_.wav,4,199.7768,7.32E+00,1.1161,6.78E-01,10.799
Membo_0_036-membo_004_.wav,5,245.5355,1.08E+00,25.6696,5.89E-01,1.8298
Membo_0_036-membo_004_.wav,6,296.2648,2.63E+00,18.9732,5.84E-01,4.5022
Membo_0_036-membo_004_.wav,7,345.8234,5.65E+00,1.1161,5.97E-01,9.4632
Membo_0_036-membo_004_.wav,8,395.1439,2.09E+00,1.1161,4.91E-01,4.2613
Membo_0_036-membo_004_.wav,9,439.7321,9.22E-01,22.3214,3.87E-01,2.382
Membo_0_036-membo_004_.wav,10,494.4196,2.28E+00,1.1161,4.08E-01,5.5873
Membo_0_037-membo_000_.wav,1,49.4932,2.33E+02,0.9766,2.28E+00,102.157
Membo_0_037-membo_000_.wav,2,100.2768,2.15E+01,0.9766,2.19E+00,9.8128
Membo_0_037-membo_000_.wav,3,147.0442,2.75E+00,20.5078,9.05E-01,3.0427
Membo_0_037-membo_000_.wav,4,200.1662,1.13E+01,1.9531,8.84E-01,12.7486
Membo_0_037-membo_000_.wav,5,247.0406,7.89E-01,36.1328,9.19E-01,0.859
Membo_0_037-membo_000_.wav,6,299.9905,5.60E+00,9.7656,7.71E-01,7.2703
Membo_0_037-membo_000_.wav,7,345.7031,4.97E+00,0.9766,6.93E-01,7.171
Membo_0_037-membo_000_.wav,8,395.5078,3.13E+00,0.9766,4.33E-01,7.2214
Membo_0_037-membo_000_.wav,9,448.8814,7.03E-01,21.4844,3.85E-01,1.8253
Membo_0_037-membo_000_.wav,10,496.6597,8.84E-01,3.9062,3.59E-01,2.4619
Membo_0_037-membo_001_.wav,1,49.4647,2.74E+02,0.9766,2.09E+00,131.0046
Membo_0_037-membo_001_.wav,2,100.1518,1.80E+01,2.9297,1.90E+00,9.4774
Membo_0_037-membo_001_.wav,3,148.2087,1.50E+00,21.4844,9.58E-01,1.5689
Membo_0_037-membo_001_.wav,4,200.092,1.12E+01,0.9766,8.02E-01,13.897
Membo_0_037-membo_001_.wav,5,251.9531,1.23E+00,39.0625,6.05E-01,2.0255
Membo_0_037-membo_001_.wav,6,300.303,3.93E+00,17.5781,5.41E-01,7.2673
Membo_0_037-membo_001_.wav,7,345.7031,5.03E+00,0.9766,5.84E-01,8.6167
Membo_0_037-membo_001_.wav,8,395.5078,2.54E+00,0.9766,4.96E-01,5.1255
Membo_0_037-membo_001_.wav,9,446.0475,1.09E+00,25.3906,4.31E-01,2.5329
Membo_0_037-membo_001_.wav,10,495.1172,8.46E-01,0.9766,3.91E-01,2.1621
Membo_0_037-membo_002_.wav,1,49.31,2.81E+02,0.9766,2.21E+00,127.3871
Membo_0_037-membo_002_.wav,2,99.8618,2.21E+01,0.9766,1.97E+00,11.2471
Membo_0_037-membo_002_.wav,3,148.4072,1.47E+00,3.9062,8.50E-01,1.7271
Membo_0_037-membo_002_.wav,4,195.3966,3.00E+00,0.9766,7.19E-01,4.1784
Membo_0_037-membo_002_.wav,5,241.2109,7.37E-01,32.2266,6.30E-01,1.1705
Membo_0_037-membo_002_.wav,6,295.8984,4.82E+00,12.6953,5.98E-01,8.0644
Membo_0_037-membo_002_.wav,7,344.7266,3.38E+00,1.9531,6.18E-01,5.4677
Membo_0_037-membo_002_.wav,8,389.9587,1.56E+00,28.3203,5.62E-01,2.7728
Membo_0_037-membo_002_.wav,9,438.5912,2.03E+00,13.6719,4.58E-01,4.4386
Membo_0_037-membo_002_.wav,10,491.2109,4.43E-01,0.9766,3.91E-01,1.1344
Membo_0_037-membo_003_.wav,1,49.4726,2.47E+02,0.9766,2.32E+00,106.5046
Membo_0_037-membo_003_.wav,2,99.9994,2.04E+01,0.9766,2.11E+00,9.6605
Membo_0_037-membo_003_.wav,3,152.3438,2.28E+00,37.1094,9.86E-01,2.3123
Membo_0_037-membo_003_.wav,4,200.1567,9.42E+00,0.9766,6.66E-01,14.1443
Membo_0_037-membo_003_.wav,5,249.9159,8.84E-01,36.1328,6.00E-01,1.475
Membo_0_037-membo_003_.wav,6,299.758,3.08E+00,25.3906,8.13E-01,3.7926
Membo_0_037-membo_003_.wav,7,345.7031,5.12E+00,0,6.94E-01,7.3708
Membo_0_037-membo_003_.wav,8,395.5078,2.26E+00,0.9766,5.43E-01,4.1688
Membo_0_037-membo_003_.wav,9,445.3125,8.97E-01,25.3906,5.64E-01,1.5911
Membo_0_037-membo_003_.wav,10,495.1172,1.34E+00,16.6016,5.56E-01,2.4187
Membo_0_037-membo_004_.wav,1,49.3861,2.01E+02,1.1161,4.02E+00,49.8687
Membo_0_037-membo_004_.wav,2,100.3542,1.83E+01,20.0893,2.98E+00,6.14
Membo_0_037-membo_004_.wav,3,146.1771,1.83E+00,21.2054,1.09E+00,1.6807
Membo_0_037-membo_004_.wav,4,199.7768,8.61E+00,1.1161,6.91E-01,12.4604
Membo_0_037-membo_004_.wav,5,246.6382,8.27E-01,37.9464,6.10E-01,1.3558
Membo_0_037-membo_004_.wav,6,296.3574,5.23E+00,18.9732,7.16E-01,7.3053
Membo_0_037-membo_004_.wav,7,345.7497,5.26E+00,1.1161,6.82E-01,7.7186
Membo_0_037-membo_004_.wav,8,395.2676,2.65E+00,1.1161,5.00E-01,5.3058
Membo_0_037-membo_004_.wav,9,439.7321,1.06E+00,20.0893,5.55E-01,1.9093
Membo_0_037-membo_004_.wav,10,493.8396,2.23E+00,17.8571,4.54E-01,4.9139
Membo_0_038-membo_000_.wav,1,49.5779,1.88E+02,0.9766,3.03E+00,62.2567
Membo_0_038-membo_000_.wav,2,100.1431,2.20E+01,0.9766,2.42E+00,9.0899
Membo_0_038-membo_000_.wav,3,147.6839,3.97E+00,20.5078,1.02E+00,3.8853
Membo_0_038-membo_000_.wav,4,200.0783,8.56E+00,0.9766,8.97E-01,9.5475
Membo_0_038-membo_000_.wav,5,246.0938,1.07E+00,37.1094,8.88E-01,1.2048
Membo_0_038-membo_000_.wav,6,295.8984,4.54E+00,12.6953,8.67E-01,5.2327
Membo_0_038-membo_000_.wav,7,345.7031,5.24E+00,0,6.93E-01,7.5666
Membo_0_038-membo_000_.wav,8,395.5078,2.19E+00,5.8594,6.23E-01,3.5116
Membo_0_038-membo_000_.wav,9,447.6568,1.92E+00,16.6016,6.23E-01,3.0856
Membo_0_038-membo_000_.wav,10,496.0623,1.13E+00,33.2031,4.97E-01,2.281
Membo_0_038-membo_001_.wav,1,49.4605,2.32E+02,0.9766,1.49E+01,15.562
Membo_0_038-membo_001_.wav,2,99.9109,2.70E+01,36.1328,1.55E+01,1.7392
Membo_0_038-membo_001_.wav,3,152.3438,7.32E+00,35.1562,7.53E+00,0.9715
Membo_0_038-membo_001_.wav,4,200.0194,8.06E+00,33.2031,3.06E+00,2.6344
Membo_0_038-membo_001_.wav,5,250.6658,3.59E+00,25.3906,1.83E+00,1.9662
Membo_0_038-membo_001_.wav,6,300.3182,4.15E+00,21.4844,1.63E+00,2.5554
Membo_0_038-membo_001_.wav,7,345.7031,5.97E+00,0.9766,1.15E+00,5.201
Membo_0_038-membo_001_.wav,8,395.5078,3.24E+00,0.9766,6.90E-01,4.6951
Membo_0_038-membo_001_.wav,9,445.3125,2.03E+00,12.6953,5.41E-01,3.7545
Membo_0_038-membo_001_.wav,10,496.2798,8.21E-01,33.2031,4.89E-01,1.68
Membo_0_038-membo_002_.wav,1,49.3889,2.05E+02,0.9766,6.01E+00,34.0385
Membo_0_038-membo_002_.wav,2,100.436,1.84E+01,18.5547,5.38E+00,3.4283
Membo_0_038-membo_002_.wav,3,146.4844,4.36E+00,36.1328,3.02E+00,1.4462
Membo_0_038-membo_002_.wav,4,200.2502,1.17E+01,1.9531,1.42E+00,8.2527
Membo_0_038-membo_002_.wav,5,248.9982,1.38E+00,31.25,1.09E+00,1.2707
Membo_0_038-membo_002_.wav,6,300.0281,5.33E+00,21.4844,1.16E+00,4.591
Membo_0_038-membo_002_.wav,7,345.7031,6.07E+00,0.9766,1.03E+00,5.8841
Membo_0_038-membo_002_.wav,8,395.5078,2.78E+00,15.625,8.87E-01,3.1363
Membo_0_038-membo_002_.wav,9,445.3125,1.46E+00,39.0625,8.12E-01,1.7912
Membo_0_038-membo_002_.wav,10,495.1172,9.58E-01,21.4844,7.16E-01,1.337
Membo_0_038-membo_003_.wav,1,49.3526,2.93E+02,0.9766,8.63E+00,33.9793
Membo_0_038-membo_003_.wav,2,98.4472,1.59E+01,18.5547,6.06E+00,2.6233
Membo_0_038-membo_003_.wav,3,147.6209,2.65E+00,30.2734,2.22E+00,1.1945
Membo_0_038-membo_003_.wav,4,200.1296,1.07E+01,1.9531,1.66E+00,6.4787
Membo_0_038-membo_003_.wav,5,247.3393,2.70E+00,30.2734,1.45E+00,1.8606
Membo_0_038-membo_003_.wav,6,296.42,4.71E+00,29.2969,1.26E+00,3.7232
Membo_0_038-membo_003_.wav,7,345.7031,5.59E+00,0.9766,8.28E-01,6.7512
Membo_0_038-membo_003_.wav,8,395.5078,1.58E+00,22.4609,6.32E-01,2.4956
Membo_0_038-membo_003_.wav,9,447.5904,2.01E+00,9.7656,4.98E-01,4.0393
Membo_0_038-membo_003_.wav,10,495.1172,1.42E+00,1.9531,4.72E-01,3.0204
Membo_0_038-membo_004_.wav,1,49.3587,2.44E+02,1.1161,3.33E+00,73.3782
Membo_0_038-membo_004_.wav,2,99.9053,1.85E+01,1.1161,2.51E+00,7.3767
Membo_0_038-membo_004_.wav,3,148.4072,2.07E+00,25.6696,1.05E+00,1.9628
Membo_0_038-membo_004_.wav,4,199.7768,6.08E+00,8.9286,8.00E-01,7.5996
Membo_0_038-membo_004_.wav,5,246.4595,5.04E-01,39.0625,7.12E-01,0.7085
Membo_0_038-membo_004_.wav,6,296.6044,6.00E+00,17.8571,6.96E-01,8.6125
Membo_0_038-membo_004_.wav,7,345.7558,4.76E+00,1.1161,6.21E-01,7.6618
Membo_0_038-membo_004_.wav,8,395.2983,1.94E+00,5.5804,4.41E-01,4.3979
Membo_0_038-membo_004_.wav,9,444.2687,1.09E+00,35.7143,3.85E-01,2.8321
Membo_0_038-membo_004_.wav,10,494.4196,1.26E+00,14.5089,3.53E-01,3.5778
Membo_0_039-membo_000_.wav,1,49.3548,2.24E+02,0.9766,2.65E+00,84.464
Membo_0_039-membo_000_.wav,2,99.7838,2.58E+01,1.9531,1.97E+00,13.1355
Membo_0_039-membo_000_.wav,3,148.686,1.71E+00,20.5078,8.74E-01,1.9555
Membo_0_039-membo_000_.wav,4,200.1222,8.92E+00,0.9766,7.29E-01,12.2389
Membo_0_039-membo_000_.wav,5,246.8336,8.97E-01,38.0859,7.10E-01,1.2634
Membo_0_039-membo_000_.wav,6,299.5532,7.10E+00,7.8125,7.03E-01,10.1088
Membo_0_039-membo_000_.wav,7,345.7031,6.06E+00,1.9531,6.37E-01,9.5231
Membo_0_039-membo_000_.wav,8,395.5078,1.99E+00,0.9766,5.31E-01,3.7496
Membo_0_039-membo_000_.wav,9,445.3125,1.43E+00,6.8359,4.94E-01,2.8994
Membo_0_039-membo_000_.wav,10,499.1957,8.46E-01,0.9766,3.63E-01,2.3331
Membo_0_039-membo_001_.wav,1,49.5032,1.62E+02,0.9766,2.21E+00,73.1898
Membo_0_039-membo_001_.wav,2,100.1077,1.95E+01,0.9766,2.08E+00,9.3479
Membo_0_039-membo_001_.wav,3,147.9788,3.92E+00,19.5312,1.06E+00,3.6977
Membo_0_039-membo_001_.wav,4,200.0739,8.75E+00,0.9766,7.15E-01,12.2386
Membo_0_039-membo_001_.wav,5,247.2416,1.84E+00,31.25,7.65E-01,2.4085
Membo_0_039-membo_001_.wav,6,300.0565,7.14E+00,5.8594,7.72E-01,9.2501
Membo_0_039-membo_001_.wav,7,345.7031,4.77E+00,0.9766,7.00E-01,6.8137
Membo_0_039-membo_001_.wav,8,395.5078,2.38E+00,14.6484,5.62E-01,4.2442
Membo_0_039-membo_001_.wav,9,446.538,7.53E-01,15.625,5.02E-01,1.4992
Membo_0_039-membo_001_.wav,10,499.5635,1.63E+00,6.8359,4.39E-01,3.7188
Membo_0_039-membo_002_.wav,1,49.6772,2.13E+02,0.9766,2.49E+00,85.6007
Membo_0_039-membo_002_.wav,2,100.0706,1.87E+01,0.9766,1.86E+00,10.0854
Membo_0_039-membo_002_.wav,3,151.171,1.56E+00,38.0859,7.96E-01,1.9602
Membo_0_039-membo_002_.wav,4,200.1633,8.11E+00,0,8.56E-01,9.4781
Membo_0_039-membo_002_.wav,5,249.1514,7.65E-01,39.0625,8.19E-01,0.934
Membo_0_039-membo_002_.wav,6,300.0504,7.42E+00,19.5312,7.76E-01,9.5614
Membo_0_039-membo_002_.wav,7,345.7031,4.52E+00,0.9766,6.86E-01,6.5911
Membo_0_039-membo_002_.wav,8,395.5078,2.52E+00,0.9766,4.99E-01,5.0435
Membo_0_039-membo_002_.wav,9,445.3125,1.15E+00,34.1797,5.24E-01,2.1919
Membo_0_039-membo_002_.wav,10,495.1172,7.23E-01,11.7188,4.28E-01,1.6892
Membo_0_039-membo_003_.wav,1,49.5313,2.74E+02,0.9766,2.23E+00,122.6458
Membo_0_039-membo_003_.wav,2,99.8336,2.36E+01,1.9531,2.00E+00,11.7921
Membo_0_039-membo_003_.wav,3,149.3411,2.03E+00,36.1328,9.70E-01,2.0898
Membo_0_039-membo_003_.wav,4,200.1984,9.47E+00,0,8.50E-01,11.1413
Membo_0_039-membo_003_.wav,5,247.0172,1.38E+00,38.0859,7.39E-01,1.8711
Membo_0_039-membo_003_.wav,6,299.9938,5.79E+00,20.5078,7.21E-01,8.026
Membo_0_039-membo_003_.wav,7,345.7031,4.14E+00,0,6.17E-01,6.7073
Membo_0_039-membo_003_.wav,8,395.5078,1.74E+00,14.6484,5.39E-01,3.229
Membo_0_039-membo_003_.wav,9,450.6024,9.46E-01,26.3672,5.11E-01,1.853
Membo_0_039-membo_003_.wav,10,495.1172,1.53E+00,0.9766,4.91E-01,3.1228
Membo_0_039-membo_004_.wav,1,49.2938,2.37E+02,1.1161,5.10E+00,46.4681
Membo_0_039-membo_004_.wav,2,100.1852,2.10E+01,1.1161,3.51E+00,5.9671
Membo_0_039-membo_004_.wav,3,147.7442,1.94E+00,21.2054,1.08E+00,1.7918
Membo_0_039-membo_004_.wav,4,199.7768,7.11E+00,1.1161,7.33E-01,9.6874
Membo_0_039-membo_004_.wav,5,248.0948,8.92E-01,34.5982,7.16E-01,1.245
Membo_0_039-membo_004_.wav,6,296.6976,6.36E+00,4.4643,9.20E-01,6.9087
Membo_0_039-membo_004_.wav,7,345.9221,4.50E+00,2.2321,8.35E-01,5.3874
Membo_0_039-membo_004_.wav,8,395.057,2.70E+00,2.2321,5.57E-01,4.8518
Membo_0_039-membo_004_.wav,9,439.7321,1.56E+00,13.3929,5.38E-01,2.901
Membo_0_039-membo_004_.wav,10,493.7105,2.85E+00,3.3482,6.00E-01,4.7394
Membo_0_040-membo_000_.wav,1,49.3857,2.46E+02,0.9766,3.55E+00,69.2424
Membo_0_040-membo_000_.wav,2,100.3641,2.06E+01,0.9766,2.89E+00,7.1488
Membo_0_040-membo_000_.wav,3,148.0353,2.45E+00,19.5312,9.06E-01,2.7003
Membo_0_040-membo_000_.wav,4,200.2172,9.95E+00,0.9766,7.40E-01,13.4477
Membo_0_040-membo_000_.wav,5,250.5788,1.03E+00,36.1328,7.27E-01,1.4134
Membo_0_040-membo_000_.wav,6,301.7578,3.80E+00,24.4141,7.09E-01,5.3599
Membo_0_040-membo_000_.wav,7,345.7031,5.18E+00,0,5.71E-01,9.071
Membo_0_040-membo_000_.wav,8,395.5078,1.84E+00,0,4.92E-01,3.7345
Membo_0_040-membo_000_.wav,9,451.1719,1.07E+00,28.3203,4.94E-01,2.1544
Membo_0_040-membo_000_.wav,10,495.1172,7.62E-01,0.9766,4.53E-01,1.684
Membo_0_040-membo_001_.wav,1,49.3759,2.04E+02,0.9766,1.90E+00,107.3922
Membo_0_040-membo_001_.wav,2,99.8236,1.69E+01,1.9531,1.79E+00,9.4332
Membo_0_040-membo_001_.wav,3,148.1851,3.14E+00,20.5078,9.05E-01,3.4678
Membo_0_040-membo_001_.wav,4,200.0616,9.50E+00,0.9766,7.21E-01,13.1688
Membo_0_040-membo_001_.wav,5,246.8287,1.10E+00,35.1562,6.64E-01,1.6535
Membo_0_040-membo_001_.wav,6,296.5203,5.61E+00,20.5078,6.17E-01,9.0873
Membo_0_040-membo_001_.wav,7,345.7031,4.92E+00,0.9766,5.96E-01,8.2513
Membo_0_040-membo_001_.wav,8,395.5078,2.14E+00,0.9766,4.80E-01,4.4614
Membo_0_040-membo_001_.wav,9,450.2262,9.80E-01,30.2734,5.43E-01,1.8043
Membo_0_040-membo_001_.wav,10,497.6449,1.05E+00,4.8828,4.48E-01,2.3486
Membo_0_040-membo_002_.wav,1,49.6082,1.87E+02,0.9766,3.28E+00,56.838
Membo_0_040-membo_002_.wav,2,99.5727,2.29E+01,2.9297,2.51E+00,9.1362
Membo_0_040-membo_002_.wav,3,148.0455,3.15E+00,4.8828,1.09E+00,2.8865
Membo_0_040-membo_002_.wav,4,200.0797,1.12E+01,0.9766,8.37E-01,13.3506
Membo_0_040-membo_002_.wav,5,247.0456,1.88E+00,39.0625,7.86E-01,2.3874
Membo_0_040-membo_002_.wav,6,300.5779,7.19E+00,22.4609,8.39E-01,8.5679
Membo_0_040-membo_002_.wav,7,345.7031,4.72E+00,0.9766,7.61E-01,6.2045
Membo_0_040-membo_002_.wav,8,395.5078,2.21E+00,14.6484,5.89E-01,3.7536
Membo_0_040-membo_002_.wav,9,445.3125,1.26E+00,29.2969,5.85E-01,2.1495
Membo_0_040-membo_002_.wav,10,495.1172,1.58E+00,1.9531,5.01E-01,3.1499
Membo_0_040-membo_003_.wav,1,49.425,1.95E+02,0.9766,2.34E+00,83.2978
Membo_0_040-membo_003_.wav,2,100.1433,1.73E+01,0.9766,2.34E+00,7.381
Membo_0_040-membo_003_.wav,3,148.2903,1.82E+00,1.9531,1.19E+00,1.5346
Membo_0_040-membo_003_.wav,4,200.1531,9.52E+00,0.9766,8.15E-01,11.6737
Membo_0_040-membo_003_.wav,5,247.1923,9.26E-01,34.1797,6.90E-01,1.3436
Membo_0_040-membo_003_.wav,6,301.0771,5.20E+00,18.5547,8.39E-01,6.1932
Membo_0_040-membo_003_.wav,7,345.7031,6.97E+00,0.9766,8.11E-01,8.5971
Membo_0_040-membo_003_.wav,8,395.5078,2.28E+00,0.9766,5.24E-01,4.354
Membo_0_040-membo_003_.wav,9,445.3125,1.65E+00,18.5547,5.80E-01,2.8519
Membo_0_040-membo_003_.wav,10,495.1172,8.68E-01,34.1797,4.62E-01,1.8794
Membo_0_040-membo_004_.wav,1,49.4819,2.31E+02,1.1161,6.51E+00,35.4055
Membo_0_040-membo_004_.wav,2,100.667,1.75E+01,32.3661,6.37E+00,2.7473
Membo_0_040-membo_004_.wav,3,150.6696,2.59E+00,35.7143,2.55E+00,1.0178
Membo_0_040-membo_004_.wav,4,199.7768,7.59E+00,1.1161,1.43E+00,5.3166
Membo_0_040-membo_004_.wav,5,248.8839,7.93E-01,31.25,9.09E-01,0.8718
Membo_0_040-membo_004_.wav,6,296.3406,3.77E+00,17.8571,7.77E-01,4.8513
Membo_0_040-membo_004_.wav,7,345.8865,4.73E+00,1.1161,6.69E-01,7.0614
Membo_0_040-membo_004_.wav,8,390.625,1.35E+00,27.9018,5.25E-01,2.571
Membo_0_040-membo_004_.wav,9,445.3125,2.06E+00,29.0179,5.33E-01,3.8688
Membo_0_040-membo_004_.wav,10,493.4131,1.56E+00,17.8571,4.97E-01,3.1417
Membo_0_041-membo_000_.wav,1,49.4219,2.80E+02,0.9766,9.81E+00,28.5423
Membo_0_041-membo_000_.wav,2,97.8084,1.23E+01,7.8125,9.79E+00,1.2586
Membo_0_041-membo_000_.wav,3,147.4096,6.04E+00,20.5078,3.45E+00,1.7516
Membo_0_041-membo_000_.wav,4,200.0914,1.02E+01,0.9766,1.77E+00,5.7421
Membo_0_041-membo_000_.wav,5,246.0938,1.19E+00,36.1328,1.15E+00,1.0343
Membo_0_041-membo_000_.wav,6,300.4477,6.82E+00,21.4844,9.79E-01,6.9675
Membo_0_041-membo_000_.wav,7,345.7031,6.81E+00,0.9766,7.62E-01,8.9415
Membo_0_041-membo_000_.wav,8,395.5078,2.18E+00,20.5078,5.40E-01,4.0306
Membo_0_041-membo_000_.wav,9,445.3125,1.03E+00,17.5781,5.38E-01,1.915
Membo_0_041-membo_000_.wav,10,495.1172,7.78E-01,0.9766,5.49E-01,1.4169
Membo_0_041-membo_001_.wav,1,49.5791,2.47E+02,0.9766,1.76E+00,140.4211
Membo_0_041-membo_001_.wav,2,99.7732,1.99E+01,1.9531,1.70E+00,11.7515
Membo_0_041-membo_001_.wav,3,152.3438,1.34E+00,33.2031,9.90E-01,1.3519
Membo_0_041-membo_001_.wav,4,200.0571,9.98E+00,0.9766,8.29E-01,12.0384
Membo_0_041-membo_001_.wav,5,250.9763,1.14E+00,37.1094,7.08E-01,1.6037
Membo_0_041-membo_001_.wav,6,295.8984,3.80E+00,11.7188,7.90E-01,4.804
Membo_0_041-membo_001_.wav,7,345.7031,5.80E+00,1.9531,6.76E-01,8.5871
Membo_0_041-membo_001_.wav,8,395.5078,2.13E+00,23.4375,5.74E-01,3.7086
Membo_0_041-membo_001_.wav,9,448.2048,1.13E+00,39.0625,5.89E-01,1.9237
Membo_0_041-membo_001_.wav,10,495.1172,1.57E+00,1.9531,5.82E-01,2.7066
Membo_0_041-membo_002_.wav,1,49.4424,1.82E+02,0.9766,2.42E+00,75.4873
Membo_0_041-membo_002_.wav,2,100.0495,1.58E+01,0.9766,2.17E+00,7.2915
Membo_0_041-membo_002_.wav,3,147.4659,3.54E+00,17.5781,1.05E+00,3.3771
Membo_0_041-membo_002_.wav,4,200.219,9.68E+00,1.9531,7.91E-01,12.2372
Membo_0_041-membo_002_.wav,5,246.0938,1.42E+00,19.5312,7.93E-01,1.7872
Membo_0_041-membo_002_.wav,6,300.2335,3.62E+00,1.9531,8.59E-01,4.2121
Membo_0_041-membo_002_.wav,7,345.7031,5.95E+00,0.9766,6.72E-01,8.8473
Membo_0_041-membo_002_.wav,8,395.5078,2.46E+00,0.9766,5.58E-01,4.4035
Membo_0_041-membo_002_.wav,9,448.1747,5.60E-01,28.3203,5.41E-01,1.036
Membo_0_041-membo_002_.wav,10,495.1172,1.68E+00,1.9531,5.08E-01,3.3085
Membo_0_041-membo_003_.wav,1,49.5706,1.45E+02,0.9766,2.52E+00,57.7297
Membo_0_041-membo_003_.wav,2,100.0673,1.93E+01,0.9766,2.40E+00,8.0545
Membo_0_041-membo_003_.wav,3,148.212,3.22E+00,24.4141,1.22E+00,2.6324
Membo_0_041-membo_003_.wav,4,200.187,9.57E+00,1.9531,7.89E-01,12.1271
Membo_0_041-membo_003_.wav,5,251.3375,9.17E-01,34.1797,7.61E-01,1.2046
Membo_0_041-membo_003_.wav,6,295.8984,5.31E+00,18.5547,8.08E-01,6.5739
Membo_0_041-membo_003_.wav,7,345.7031,5.87E+00,0,7.00E-01,8.3857
Membo_0_041-membo_003_.wav,8,395.5078,2.59E+00,0.9766,5.13E-01,5.0511
Membo_0_041-membo_003_.wav,9,447.4071,3.00E+00,13.6719,5.20E-01,5.7687
Membo_0_041-membo_003_.wav,10,496.1868,7.63E-01,0.9766,4.73E-01,1.6129
Membo_0_041-membo_004_.wav,1,49.4365,2.03E+02,1.1161,5.85E+00,34.6981
Membo_0_041-membo_004_.wav,2,99.343,2.99E+01,2.2321,6.78E+00,4.4193
Membo_0_041-membo_004_.wav,3,147.7408,2.73E+00,5.5804,1.98E+00,1.3787
Membo_0_041-membo_004_.wav,4,199.7768,8.77E+00,2.2321,1.04E+00,8.4708
Membo_0_041-membo_004_.wav,5,248.8839,1.60E+00,36.8304,9.22E-01,1.7371
Membo_0_041-membo_004_.wav,6,296.4352,4.96E+00,29.0179,1.11E+00,4.4522
Membo_0_041-membo_004_.wav,7,345.7344,5.01E+00,1.1161,8.66E-01,5.7827
Membo_0_041-membo_004_.wav,8,395.2139,2.62E+00,1.1161,5.46E-01,4.8026
Membo_0_041-membo_004_.wav,9,445.3125,1.23E+00,4.4643,5.53E-01,2.2221
Membo_0_041-membo_004_.wav,10,494.4196,2.05E+00,2.2321,6.44E-01,3.1874
Membo_1_000-membo_000_.wav,1,49.3202,2.74E+02,0.9766,1.76E+01,15.5188
Membo_1_000-membo_000_.wav,2,99.76,3.21E+01,17.5781,1.52E+01,2.1086
Membo_1_000-membo_000_.wav,3,149.3216,7.12E+00,5.8594,5.60E+00,1.271
Membo_1_000-membo_000_.wav,4,199.6905,1.82E+01,3.9062,3.85E+00,4.7154
Membo_1_000-membo_000_.wav,5,251.9531,7.61E+00,32.2266,3.83E+00,1.9855
Membo_1_000-membo_000_.wav,6,295.8984,1.01E+01,30.2734,3.91E+00,2.594
Membo_1_000-membo_000_.wav,7,348.638,7.43E+00,24.4141,4.52E+00,1.644
Membo_1_000-membo_000_.wav,8,398.7125,7.42E+00,39.0625,6.31E+00,1.1765
Membo_1_000-membo_000_.wav,9,451.1719,2.60E+01,27.3438,9.15E+00,2.8412
Membo_1_000-membo_000_.wav,10,500.083,1.73E+01,14.6484,1.55E+01,1.1176
Membo_1_000-membo_001_.wav,1,55.4021,4.95E+02,25.3906,9.70E+01,5.1042
Membo_1_000-membo_001_.wav,2,112.427,1.63E+02,37.1094,8.63E+01,1.8929
Membo_1_000-membo_001_.wav,3,169.9219,6.24E+01,32.2266,3.88E+01,1.6093
Membo_1_000-membo_001_.wav,4,223.6338,4.48E+01,35.1562,2.21E+01,2.0316
Membo_1_000-membo_001_.wav,5,276.4645,2.36E+01,32.2266,1.41E+01,1.6766
Membo_1_000-membo_001_.wav,6,332.1316,1.91E+01,32.2266,1.01E+01,1.8895
Membo_1_000-membo_001_.wav,7,392.5781,1.09E+01,37.1094,5.53E+00,1.9669
Membo_1_000-membo_001_.wav,8,446.6162,5.46E+00,31.25,3.95E+00,1.3831
Membo_1_000-membo_001_.wav,9,503.9062,4.65E+00,34.1797,3.17E+00,1.4644
Membo_1_000-membo_001_.wav,10,554.5265,9.26E+00,30.2734,4.43E+00,2.0918
Membo_1_000-membo_002_.wav,1,49.5436,5.46E+02,22.4609,6.89E+01,7.9279
Membo_1_000-membo_002_.wav,2,98.0536,1.46E+02,38.0859,7.84E+01,1.8557
Membo_1_000-membo_002_.wav,3,147.7927,5.32E+01,35.1562,4.86E+01,1.0948
Membo_1_000-membo_002_.wav,4,202.1484,4.39E+01,38.0859,3.19E+01,1.3738
Membo_1_000-membo_002_.wav,5,247.4445,3.31E+01,35.1562,2.24E+01,1.4742
Membo_1_000-membo_002_.wav,6,295.8984,1.51E+01,39.0625,1.08E+01,1.3912
Membo_1_000-membo_002_.wav,7,347.3033,2.01E+01,35.1562,6.74E+00,2.9817
Membo_1_000-membo_002_.wav,8,397.711,9.46E+00,38.0859,5.58E+00,1.6951
Membo_1_000-membo_002_.wav,9,447.3508,7.00E+00,33.2031,4.14E+00,1.6917
Membo_1_000-membo_002_.wav,10,500.9766,4.05E+00,31.25,2.76E+00,1.4686
Membo_1_000-membo_003_.wav,1,65.3839,4.69E+02,19.5312,1.06E+02,4.4359
Membo_1_000-membo_003_.wav,2,132.2117,1.14E+02,38.0859,6.48E+01,1.7653
Membo_1_000-membo_003_.wav,3,199.2188,5.16E+01,38.0859,3.45E+01,1.4979
Membo_1_000-membo_003_.wav,4,263.9018,3.13E+01,39.0625,2.17E+01,1.4442
Membo_1_000-membo_003_.wav,5,324.8295,2.05E+01,33.2031,1.14E+01,1.8019
Membo_1_000-membo_003_.wav,6,395.5078,1.21E+01,24.4141,4.96E+00,2.4442
Membo_1_000-membo_003_.wav,7,460.9375,5.52E+00,39.0625,3.11E+00,1.7756
Membo_1_000-membo_003_.wav,8,520.5078,4.33E+00,21.4844,2.21E+00,1.9638
Membo_1_000-membo_003_.wav,9,591.7969,5.22E+00,15.625,3.52E+00,1.4835
Membo_1_000-membo_003_.wav,10,654.4042,2.90E+00,0.9766,1.58E+00,1.8325
Membo_1_000-membo_004_.wav,1,46.6945,6.71E+02,12.6953,9.43E+01,7.1168
Membo_1_000-membo_004_.wav,2,92.354,2.16E+02,39.0625,1.30E+02,1.6594
Membo_1_000-membo_004_.wav,3,143.5547,1.63E+02,36.1328,7.87E+01,2.0762
Membo_1_000-membo_004_.wav,4,187.9021,7.42E+01,36.1328,5.80E+01,1.2804
Membo_1_000-membo_004_.wav,5,236.1476,6.03E+01,38.0859,3.17E+01,1.9045
Membo_1_000-membo_004_.wav,6,279.4169,3.71E+01,28.3203,1.91E+01,1.941
Membo_1_000-membo_004_.wav,7,331.0547,1.92E+01,22.4609,1.02E+01,1.8801
Membo_1_000-membo_004_.wav,8,377.9297,1.32E+01,38.0859,8.14E+00,1.6267
Membo_1_000-membo_004_.wav,9,424.8047,9.91E+00,36.1328,6.90E+00,1.4363
Membo_1_000-membo_004_.wav,10,467.6204,8.30E+00,39.0625,5.84E+00,1.4201
Membo_1_001-membo_000_.wav,1,46.827,3.26E+02,19.5312,3.15E+01,10.3549
Membo_1_001-membo_000_.wav,2,90.8203,6.87E+01,28.3203,4.83E+01,1.4217
Membo_1_001-membo_000_.wav,3,137.6953,2.63E+01,17.5781,1.97E+01,1.335
Membo_1_001-membo_000_.wav,4,190.4297,4.54E+01,16.6016,1.28E+01,3.5486
Membo_1_001-membo_000_.wav,5,234.8634,1.87E+01,27.3438,8.37E+00,2.2308
Membo_1_001-membo_000_.wav,6,278.3203,3.81E+00,34.1797,5.30E+00,0.7192
Membo_1_001-membo_000_.wav,7,331.0547,7.32E+00,30.2734,3.01E+00,2.4328
Membo_1_001-membo_000_.wav,8,373.2978,3.09E+00,38.0859,2.05E+00,1.5093
Membo_1_001-membo_000_.wav,9,418.9453,1.66E+00,36.1328,1.15E+00,1.4426
Membo_1_001-membo_000_.wav,10,471.6797,1.37E+00,29.2969,8.55E-01,1.604
Membo_1_001-membo_001_.wav,1,49.5588,1.51E+02,0.9766,8.27E+00,18.2211
Membo_1_001-membo_001_.wav,2,99.3793,1.51E+01,16.6016,4.58E+00,3.3027
Membo_1_001-membo_001_.wav,3,148.0433,2.37E+00,37.1094,1.69E+00,1.4021
Membo_1_001-membo_001_.wav,4,200.0458,1.13E+01,0.9766,1.14E+00,9.9026
Membo_1_001-membo_001_.wav,5,251.9531,1.64E+00,33.2031,8.93E-01,1.8344
Membo_1_001-membo_001_.wav,6,295.8984,5.18E+00,17.5781,9.31E-01,5.5624
Membo_1_001-membo_001_.wav,7,345.7031,3.34E+00,0.9766,8.96E-01,3.7267
Membo_1_001-membo_001_.wav,8,395.5078,4.71E+00,0.9766,6.35E-01,7.4293
Membo_1_001-membo_001_.wav,9,445.3125,1.38E+00,30.2734,4.79E-01,2.8828
Membo_1_001-membo_001_.wav,10,495.1172,1.27E+00,0.9766,4.45E-01,2.8469
Membo_1_001-membo_002_.wav,1,49.2516,1.89E+02,0.9766,2.85E+00,66.248
Membo_1_001-membo_002_.wav,2,100.5859,8.60E+00,18.5547,2.24E+00,3.8427
Membo_1_001-membo_002_.wav,3,149.4141,2.36E+00,35.1562,1.15E+00,2.0503
Membo_1_001-membo_002_.wav,4,194.5734,2.07E+00,0.9766,9.07E-01,2.2832
Membo_1_001-membo_002_.wav,5,247.0703,2.03E+00,31.25,7.52E-01,2.6951
Membo_1_001-membo_002_.wav,6,295.8984,3.98E+00,18.5547,7.50E-01,5.3082
Membo_1_001-membo_002_.wav,7,344.7266,1.72E+00,0.9766,7.48E-01,2.2954
Membo_1_001-membo_002_.wav,8,391.7146,1.38E+00,0.9766,4.72E-01,2.9176
Membo_1_001-membo_002_.wav,9,438.5113,1.49E+00,32.2266,4.96E-01,2.9985
Membo_1_001-membo_002_.wav,10,491.2109,6.33E-01,17.5781,4.95E-01,1.2791
Membo_1_001-membo_003_.wav,1,49.2962,2.57E+02,0.9766,5.48E+00,46.9178
Membo_1_001-membo_003_.wav,2,100.5859,1.03E+01,18.5547,3.53E+00,2.9024
Membo_1_001-membo_003_.wav,3,143.5547,2.25E+00,33.2031,1.39E+00,1.6236
Membo_1_001-membo_003_.wav,4,197.5103,4.15E+00,0,1.22E+00,3.3868
Membo_1_001-membo_003_.wav,5,247.0703,1.86E+00,33.2031,1.21E+00,1.5349
Membo_1_001-membo_003_.wav,6,291.896,3.26E+00,9.7656,1.06E+00,3.0719
Membo_1_001-membo_003_.wav,7,342.1722,1.38E+00,23.4375,8.95E-01,1.5369
Membo_1_001-membo_003_.wav,8,393.5547,1.28E+00,0.9766,7.03E-01,1.8258
Membo_1_001-membo_003_.wav,9,438.7704,1.22E+00,36.1328,7.44E-01,1.6458
Membo_1_001-membo_003_.wav,10,486.0896,1.20E+00,18.5547,6.34E-01,1.8871
Membo_1_001-membo_004_.wav,1,49.2082,2.78E+02,1.1161,2.53E+00,109.8216
Membo_1_001-membo_004_.wav,2,99.4691,1.22E+01,2.2321,2.10E+00,5.8029
Membo_1_001-membo_004_.wav,3,147.4195,2.68E+00,24.5536,1.02E+00,2.6322
Membo_1_001-membo_004_.wav,4,199.7768,9.64E+00,1.1161,9.05E-01,10.6525
Membo_1_001-membo_004_.wav,5,247.4538,1.73E+00,30.1339,9.74E-01,1.7803
Membo_1_001-membo_004_.wav,6,296.0203,4.03E+00,25.6696,1.22E+00,3.3096
Membo_1_001-membo_004_.wav,7,346.0857,3.33E+00,30.1339,1.26E+00,2.6484
Membo_1_001-membo_004_.wav,8,395.3507,4.61E+00,4.4643,9.97E-01,4.6245
Membo_1_001-membo_004_.wav,9,439.7321,1.14E+00,32.3661,7.03E-01,1.6239
Membo_1_001-membo_004_.wav,10,494.4196,2.04E+00,15.625,6.14E-01,3.3168
Membo_1_002-membo_000_.wav,1,49.2325,2.08E+02,0.9766,2.70E+00,77.0769
Membo_1_002-membo_000_.wav,2,99.7605,1.28E+01,12.6953,2.43E+00,5.2948
Membo_1_002-membo_000_.wav,3,148.3833,2.48E+00,37.1094,1.08E+00,2.3025
Membo_1_002-membo_000_.wav,4,198.2422,1.56E+00,0.9766,9.27E-01,1.6864
Membo_1_002-membo_000_.wav,5,247.0703,1.19E+00,29.2969,8.50E-01,1.399
Membo_1_002-membo_000_.wav,6,292.7103,4.97E+00,7.8125,9.62E-01,5.1694
Membo_1_002-membo_000_.wav,7,341.6882,2.44E+00,23.4375,8.53E-01,2.8596
Membo_1_002-membo_000_.wav,8,388.9914,6.01E-01,0.9766,5.68E-01,1.0585
Membo_1_002-membo_000_.wav,9,439.6476,1.97E+00,35.1562,5.36E-01,3.6779
Membo_1_002-membo_000_.wav,10,485.3516,8.27E-01,0.9766,5.06E-01,1.636
Membo_1_002-membo_001_.wav,1,49.3147,1.76E+02,0.9766,6.05E+00,29.077
Membo_1_002-membo_001_.wav,2,99.1418,1.39E+01,28.3203,5.10E+00,2.721
Membo_1_002-membo_001_.wav,3,144.6034,2.34E+00,33.2031,1.90E+00,1.2362
Membo_1_002-membo_001_.wav,4,194.9957,2.51E+00,9.7656,9.87E-01,2.5446
Membo_1_002-membo_001_.wav,5,247.0703,1.35E+00,39.0625,8.22E-01,1.6402
Membo_1_002-membo_001_.wav,6,295.8984,4.11E+00,17.5781,9.15E-01,4.4881
Membo_1_002-membo_001_.wav,7,344.7266,2.44E+00,15.625,8.66E-01,2.8219
Membo_1_002-membo_001_.wav,8,389.1861,1.64E+00,0.9766,6.15E-01,2.6603
Membo_1_002-membo_001_.wav,9,438.9899,1.59E+00,12.6953,5.64E-01,2.8195
Membo_1_002-membo_001_.wav,10,489.135,6.62E-01,0.9766,5.94E-01,1.1141
Membo_1_002-membo_002_.wav,1,49.0989,2.93E+02,0.9766,1.57E+01,18.6219
Membo_1_002-membo_002_.wav,2,94.7266,2.06E+01,12.6953,1.44E+01,1.4263
Membo_1_002-membo_002_.wav,3,144.6274,8.56E+00,11.7188,4.71E+00,1.8185
Membo_1_002-membo_002_.wav,4,198.2422,4.57E+00,30.2734,2.34E+00,1.954
Membo_1_002-membo_002_.wav,5,244.4277,2.54E+00,34.1797,1.45E+00,1.7485
Membo_1_002-membo_002_.wav,6,295.8984,6.48E+00,0.9766,1.11E+00,5.8385
Membo_1_002-membo_002_.wav,7,344.7266,2.34E+00,20.5078,8.48E-01,2.7636
Membo_1_002-membo_002_.wav,8,392.7085,1.42E+00,0.9766,5.04E-01,2.8224
Membo_1_002-membo_002_.wav,9,438.8551,1.88E+00,11.7188,4.17E-01,4.5166
Membo_1_002-membo_002_.wav,10,489.414,7.48E-01,0.9766,3.91E-01,1.9138
Membo_1_002-membo_003_.wav,1,49.2131,2.85E+02,0.9766,1.02E+01,28.0601
Membo_1_002-membo_003_.wav,2,96.0383,1.91E+01,33.2031,1.00E+01,1.9072
Membo_1_002-membo_003_.wav,3,148.5028,8.07E+00,17.5781,3.51E+00,2.298
Membo_1_002-membo_003_.wav,4,197.4069,4.52E+00,9.7656,1.80E+00,2.5101
Membo_1_002-membo_003_.wav,5,244.3001,3.46E+00,30.2734,1.14E+00,3.0334
Membo_1_002-membo_003_.wav,6,295.8984,2.75E+00,18.5547,9.46E-01,2.9078
Membo_1_002-membo_003_.wav,7,344.7266,2.91E+00,19.5312,7.58E-01,3.8411
Membo_1_002-membo_003_.wav,8,387.6953,7.01E-01,0.9766,5.70E-01,1.2298
Membo_1_002-membo_003_.wav,9,441.6926,9.98E-01,32.2266,4.26E-01,2.3446
Membo_1_002-membo_003_.wav,10,488.9842,7.98E-01,11.7188,3.69E-01,2.159
Membo_1_002-membo_004_.wav,1,49.3806,2.46E+02,6.6964,2.93E+01,8.4046
Membo_1_002-membo_004_.wav,2,94.8661,4.46E+01,37.9464,3.54E+01,1.2579
Membo_1_002-membo_004_.wav,3,145.0893,3.57E+01,36.8304,1.54E+01,2.3234
Membo_1_002-membo_004_.wav,4,194.1964,9.99E+00,33.4821,6.64E+00,1.5033
Membo_1_002-membo_004_.wav,5,246.8396,5.65E+00,36.8304,3.04E+00,1.858
Membo_1_002-membo_004_.wav,6,291.2946,3.97E+00,22.3214,1.93E+00,2.059
Membo_1_002-membo_004_.wav,7,345.7243,5.14E+00,25.6696,1.54E+00,3.3331
Membo_1_002-membo_004_.wav,8,395.0682,4.35E+00,1.1161,7.55E-01,5.7644
Membo_1_002-membo_004_.wav,9,445.3125,1.60E+00,25.6696,4.68E-01,3.4171
Membo_1_002-membo_004_.wav,10,494.4196,2.45E+00,1.1161,4.35E-01,5.6224
Membo_1_004-membo_000_.wav,1,49.4341,1.96E+02,7.8125,2.83E+01,6.9304
Membo_1_004-membo_000_.wav,2,96.6797,3.94E+01,10.7422,2.38E+01,1.6515
Membo_1_004-membo_000_.wav,3,147.7483,1.45E+01,30.2734,9.59E+00,1.508
Membo_1_004-membo_000_.wav,4,199.9227,1.59E+01,0.9766,3.92E+00,4.0574
Membo_1_004-membo_000_.wav,5,247.736,3.77E+00,31.25,2.37E+00,1.5901
Membo_1_004-membo_000_.wav,6,300.14,4.53E+00,0.9766,1.94E+00,2.334
Membo_1_004-membo_000_.wav,7,345.7031,4.13E+00,10.7422,1.13E+00,3.6644
Membo_1_004-membo_000_.wav,8,395.5078,4.84E+00,0.9766,5.47E-01,8.8521
Membo_1_004-membo_000_.wav,9,445.3125,1.71E+00,7.8125,4.58E-01,3.7423
Membo_1_004-membo_000_.wav,10,497.9444,1.08E+00,19.5312,5.50E-01,1.9567
Membo_1_004-membo_001_.wav,1,49.2466,2.34E+02,0.9766,2.13E+01,10.9816
Membo_1_004-membo_001_.wav,2,96.5367,5.13E+01,25.3906,2.48E+01,2.0661
Membo_1_004-membo_001_.wav,3,147.502,1.91E+01,38.0859,1.12E+01,1.7034
Membo_1_004-membo_001_.wav,4,194.4021,1.65E+01,35.1562,6.05E+00,2.7325
Membo_1_004-membo_001_.wav,5,242.9873,6.94E+00,25.3906,3.45E+00,2.0102
Membo_1_004-membo_001_.wav,6,294.0709,3.28E+00,29.2969,2.12E+00,1.5472
Membo_1_004-membo_001_.wav,7,341.0019,1.77E+00,10.7422,1.09E+00,1.6293
Membo_1_004-membo_001_.wav,8,389.7517,1.33E+00,0.9766,7.36E-01,1.8142
Membo_1_004-membo_001_.wav,9,438.8677,2.01E+00,6.8359,5.70E-01,3.5255
Membo_1_004-membo_001_.wav,10,485.3516,8.67E-01,21.4844,4.81E-01,1.804
Membo_1_004-membo_002_.wav,1,49.7368,2.32E+02,14.6484,2.97E+01,7.8253
Membo_1_004-membo_002_.wav,2,98.5799,6.68E+01,23.4375,2.22E+01,3.0084
Membo_1_004-membo_002_.wav,3,152.3438,2.72E+01,39.0625,1.09E+01,2.4984
Membo_1_004-membo_002_.wav,4,200.3576,1.31E+01,16.6016,6.12E+00,2.15
Membo_1_004-membo_002_.wav,5,250.3941,3.31E+00,30.2734,3.83E+00,0.8637
Membo_1_004-membo_002_.wav,6,296.6999,5.95E+00,27.3438,1.94E+00,3.06
Membo_1_004-membo_002_.wav,7,345.7031,5.83E+00,1.9531,1.20E+00,4.8703
Membo_1_004-membo_002_.wav,8,395.5078,5.66E+00,0.9766,8.47E-01,6.6803
Membo_1_004-membo_002_.wav,9,447.0548,1.75E+00,23.4375,6.66E-01,2.6326
Membo_1_004-membo_002_.wav,10,495.1172,1.94E+00,16.6016,5.83E-01,3.3259
Membo_1_004-membo_003_.wav,1,49.5947,2.31E+02,1.9531,1.97E+01,11.7058
Membo_1_004-membo_003_.wav,2,102.5391,3.84E+01,15.625,1.89E+01,2.0339
Membo_1_004-membo_003_.wav,3,152.3438,9.04E+00,11.7188,7.62E+00,1.1861
Membo_1_004-membo_003_.wav,4,199.8493,6.14E+00,12.6953,3.30E+00,1.8593
Membo_1_004-membo_003_.wav,5,246.8625,3.42E+00,36.1328,1.98E+00,1.7271
Membo_1_004-membo_003_.wav,6,296.4475,4.70E+00,20.5078,1.39E+00,3.3788
Membo_1_004-membo_003_.wav,7,345.7031,4.50E+00,9.7656,1.12E+00,4.0038
Membo_1_004-membo_003_.wav,8,395.5078,3.89E+00,0.9766,7.21E-01,5.3972
Membo_1_004-membo_003_.wav,9,445.3125,1.34E+00,24.4141,5.89E-01,2.2706
Membo_1_004-membo_003_.wav,10,495.1172,1.31E+00,0.9766,5.43E-01,2.4159
Membo_1_004-membo_004_.wav,1,49.8998,1.78E+02,23.4375,4.65E+01,3.8234
Membo_1_004-membo_004_.wav,2,101.9907,5.28E+01,32.3661,3.12E+01,1.6934
Membo_1_004-membo_004_.wav,3,147.3214,1.54E+01,31.25,1.03E+01,1.5022
Membo_1_004-membo_004_.wav,4,200.0205,1.31E+01,22.3214,3.82E+00,3.423
Membo_1_004-membo_004_.wav,5,253.3482,1.70E+00,36.8304,1.18E+00,1.4422
Membo_1_004-membo_004_.wav,6,300.2555,1.67E+00,6.6964,1.11E+00,1.4979
Membo_1_004-membo_004_.wav,7,349.2902,1.50E+00,1.1161,6.97E-01,2.1485
Membo_1_004-membo_004_.wav,8,398.4375,1.29E+00,1.1161,5.37E-01,2.4066
Membo_1_004-membo_004_.wav,9,449.7116,8.03E-01,26.7857,4.90E-01,1.6398
Membo_1_004-membo_004_.wav,10,498.8839,7.33E-01,1.1161,4.22E-01,1.7367
Membo_1_029-membo_000_.wav,1,58.6368,2.26E+02,27.3438,4.61E+01,4.8997
Membo_1_029-membo_000_.wav,2,119.3676,5.56E+01,37.1094,4.37E+01,1.2724
Membo_1_029-membo_000_.wav,3,178.7109,7.19E+01,37.1094,3.07E+01,2.3462
Membo_1_029-membo_000_.wav,4,237.3047,2.31E+01,39.0625,2.17E+01,1.0635
Membo_1_029-membo_000_.wav,5,293.422,2.01E+01,38.0859,1.45E+01,1.3854
Membo_1_029-membo_000_.wav,6,348.6328,1.59E+01,36.1328,8.49E+00,1.8723
Membo_1_029-membo_000_.wav,7,410.4066,5.50E+00,39.0625,4.63E+00,1.1898
Membo_1_029-membo_000_.wav,8,465.8203,5.43E+00,39.0625,4.17E+00,1.3005
Membo_1_029-membo_000_.wav,9,529.4539,5.40E+00,33.2031,3.57E+00,1.5117
Membo_1_029-membo_000_.wav,10,583.0078,1.09E+01,5.8594,2.98E+00,3.6744
Membo_1_029-membo_001_.wav,1,49.475,2.49E+02,0.9766,9.07E+00,27.4236
Membo_1_029-membo_001_.wav,2,100.0844,1.89E+01,19.5312,5.56E+00,3.4064
Membo_1_029-membo_001_.wav,3,148.1241,3.83E+00,22.4609,2.28E+00,1.6788
Membo_1_029-membo_001_.wav,4,200.2976,8.49E+00,0.9766,1.41E+00,6.0266
Membo_1_029-membo_001_.wav,5,249.9142,1.14E+00,37.1094,9.14E-01,1.2483
Membo_1_029-membo_001_.wav,6,296.8136,5.25E+00,29.2969,1.12E+00,4.6862
Membo_1_029-membo_001_.wav,7,345.7031,3.96E+00,29.2969,1.09E+00,3.6337
Membo_1_029-membo_001_.wav,8,395.5078,4.66E+00,4.8828,9.48E-01,4.921
Membo_1_029-membo_001_.wav,9,445.3125,1.71E+00,33.2031,9.23E-01,1.8512
Membo_1_029-membo_001_.wav,10,500.2214,8.93E-01,23.4375,7.58E-01,1.1773
Membo_1_029-membo_002_.wav,1,49.5457,1.84E+02,0.9766,2.21E+00,83.3259
Membo_1_029-membo_002_.wav,2,100.1494,3.06E+01,0.9766,2.01E+00,15.1945
Membo_1_029-membo_002_.wav,3,148.4251,2.16E+00,6.8359,9.12E-01,2.3643
Membo_1_029-membo_002_.wav,4,200.1002,1.18E+01,0.9766,8.17E-01,14.4951
Membo_1_029-membo_002_.wav,5,251.9531,1.98E+00,32.2266,9.40E-01,2.1071
Membo_1_029-membo_002_.wav,6,296.8534,4.74E+00,31.25,1.14E+00,4.1429
Membo_1_029-membo_002_.wav,7,345.7031,3.41E+00,18.5547,8.56E-01,3.9882
Membo_1_029-membo_002_.wav,8,395.5078,3.72E+00,0.9766,5.91E-01,6.2958
Membo_1_029-membo_002_.wav,9,445.3125,1.49E+00,37.1094,6.76E-01,2.2005
Membo_1_029-membo_002_.wav,10,500.9766,8.85E-01,20.5078,6.64E-01,1.3324
Membo_1_029-membo_003_.wav,1,57.0782,1.95E+02,29.2969,3.50E+01,5.5533
Membo_1_029-membo_003_.wav,2,113.7932,7.44E+01,18.5547,3.94E+01,1.8858
Membo_1_029-membo_003_.wav,3,166.9922,2.69E+01,36.1328,2.04E+01,1.3219
Membo_1_029-membo_003_.wav,4,227.2757,1.38E+01,37.1094,9.65E+00,1.4308
Membo_1_029-membo_003_.wav,5,281.1316,8.73E+00,37.1094,5.36E+00,1.6299
Membo_1_029-membo_003_.wav,6,341.6208,7.97E+00,31.25,3.51E+00,2.2683
Membo_1_029-membo_003_.wav,7,394.6004,4.03E+00,26.3672,1.78E+00,2.2602
Membo_1_029-membo_003_.wav,8,456.0547,2.60E+00,29.2969,1.07E+00,2.4202
Membo_1_029-membo_003_.wav,9,506.8359,1.50E+00,30.2734,7.67E-01,1.9583
Membo_1_029-membo_003_.wav,10,569.3359,1.80E+00,27.3438,1.21E+00,1.4892
Membo_1_029-membo_004_.wav,1,49.3522,2.05E+02,2.2321,1.74E+01,11.7329
Membo_1_029-membo_004_.wav,2,100.1791,3.93E+01,24.5536,1.44E+01,2.7281
Membo_1_029-membo_004_.wav,3,145.0893,9.87E+00,12.2768,5.15E+00,1.9138
Membo_1_029-membo_004_.wav,4,199.7768,8.71E+00,1.1161,1.93E+00,4.5195
Membo_1_029-membo_004_.wav,5,248.8839,1.76E+00,26.7857,1.03E+00,1.7055
Membo_1_029-membo_004_.wav,6,296.6254,3.84E+00,18.9732,8.49E-01,4.5214
Membo_1_029-membo_004_.wav,7,345.8619,3.72E+00,1.1161,7.07E-01,5.2652
Membo_1_029-membo_004_.wav,8,395.1481,3.66E+00,2.2321,5.73E-01,6.394
Membo_1_029-membo_004_.wav,9,443.9443,1.84E+00,25.6696,4.89E-01,3.7612
Membo_1_029-membo_004_.wav,10,494.4196,1.28E+00,29.0179,4.27E-01,3.0023
Membo_1_030-membo_000_.wav,1,49.5061,2.50E+02,0.9766,3.03E+00,82.5283
Membo_1_030-membo_000_.wav,2,100.1293,3.13E+01,0.9766,2.97E+00,10.54
Membo_1_030-membo_000_.wav,3,146.4844,1.71E+00,15.625,1.23E+00,1.3978
Membo_1_030-membo_000_.wav,4,200.2132,1.02E+01,0,9.47E-01,10.7496
Membo_1_030-membo_000_.wav,5,247.1004,1.57E+00,28.3203,9.04E-01,1.741
Membo_1_030-membo_000_.wav,6,296.738,4.83E+00,11.7188,9.01E-01,5.3581
Membo_1_030-membo_000_.wav,7,345.7031,4.69E+00,0.9766,8.39E-01,5.5901
Membo_1_030-membo_000_.wav,8,395.5078,4.47E+00,0.9766,7.07E-01,6.327
Membo_1_030-membo_000_.wav,9,445.3125,1.93E+00,28.3203,6.32E-01,3.0585
Membo_1_030-membo_000_.wav,10,495.1172,1.83E+00,14.6484,6.56E-01,2.7932
Membo_1_030-membo_001_.wav,1,49.5659,2.56E+02,0.9766,8.12E+00,31.4715
Membo_1_030-membo_001_.wav,2,99.8306,2.35E+01,20.5078,8.12E+00,2.8971
Membo_1_030-membo_001_.wav,3,150.5924,4.03E+00,39.0625,3.05E+00,1.3221
Membo_1_030-membo_001_.wav,4,200.0472,1.35E+01,0.9766,1.51E+00,8.934
Membo_1_030-membo_001_.wav,5,246.876,1.68E+00,36.1328,1.01E+00,1.6658
Membo_1_030-membo_001_.wav,6,299.4847,4.13E+00,29.2969,8.98E-01,4.599
Membo_1_030-membo_001_.wav,7,345.7031,4.02E+00,2.9297,8.72E-01,4.6101
Membo_1_030-membo_001_.wav,8,395.5078,4.45E+00,0.9766,6.55E-01,6.7988
Membo_1_030-membo_001_.wav,9,449.1157,1.62E+00,15.625,6.61E-01,2.4492
Membo_1_030-membo_001_.wav,10,495.1172,2.18E+00,36.1328,6.93E-01,3.1494
Membo_1_030-membo_002_.wav,1,49.5154,1.67E+02,0.9766,1.93E+00,86.3502
Membo_1_030-membo_002_.wav,2,99.9733,3.41E+01,0.9766,2.20E+00,15.4819
Membo_1_030-membo_002_.wav,3,146.4844,8.19E-01,16.6016,1.44E+00,0.569
Membo_1_030-membo_002_.wav,4,200.0686,1.36E+01,0.9766,1.03E+00,13.1196
Membo_1_030-membo_002_.wav,5,250.4467,1.16E+00,38.0859,9.37E-01,1.2428
Membo_1_030-membo_002_.wav,6,296.8114,3.70E+00,31.25,1.01E+00,3.6791
Membo_1_030-membo_002_.wav,7,345.7031,3.70E+00,3.9062,1.08E+00,3.4151
Membo_1_030-membo_002_.wav,8,395.5078,5.08E+00,1.9531,7.71E-01,6.5827
Membo_1_030-membo_002_.wav,9,445.3125,2.97E+00,30.2734,6.90E-01,4.3038
Membo_1_030-membo_002_.wav,10,499.8092,1.79E+00,15.625,7.10E-01,2.5175
Membo_1_030-membo_003_.wav,1,49.3937,2.28E+02,3.9062,1.58E+01,14.4256
Membo_1_030-membo_003_.wav,2,99.5089,5.36E+01,23.4375,1.27E+01,4.2241
Membo_1_030-membo_003_.wav,3,151.7536,4.57E+00,39.0625,4.25E+00,1.0774
Membo_1_030-membo_003_.wav,4,199.9319,1.17E+01,0.9766,2.06E+00,5.6862
Membo_1_030-membo_003_.wav,5,247.2236,1.85E+00,20.5078,1.22E+00,1.5149
Membo_1_030-membo_003_.wav,6,296.577,3.28E+00,19.5312,8.67E-01,3.7873
Membo_1_030-membo_003_.wav,7,345.7031,3.68E+00,4.8828,7.20E-01,5.1096
Membo_1_030-membo_003_.wav,8,395.5078,4.77E+00,0.9766,5.92E-01,8.054
Membo_1_030-membo_003_.wav,9,445.3125,1.60E+00,26.3672,4.98E-01,3.2114
Membo_1_030-membo_003_.wav,10,495.1172,1.72E+00,1.9531,5.28E-01,3.2596
Membo_1_030-membo_004_.wav,1,49.4683,1.72E+02,1.1161,2.68E+00,64.1168
Membo_1_030-membo_004_.wav,2,100.0094,2.62E+01,1.1161,2.31E+00,11.311
Membo_1_030-membo_004_.wav,3,148.3074,2.55E+00,20.0893,1.01E+00,2.5164
Membo_1_030-membo_004_.wav,4,199.7768,8.84E+00,1.1161,8.53E-01,10.3632
Membo_1_030-membo_004_.wav,5,247.2891,1.28E+00,34.5982,8.15E-01,1.5742
Membo_1_030-membo_004_.wav,6,296.5403,2.81E+00,25.6696,7.36E-01,3.8119
Membo_1_030-membo_004_.wav,7,345.851,3.78E+00,7.8125,6.62E-01,5.7164
Membo_1_030-membo_004_.wav,8,395.2224,3.59E+00,1.1161,5.81E-01,6.1786
Membo_1_030-membo_004_.wav,9,444.2955,1.13E+00,34.5982,5.61E-01,2.0139
Membo_1_030-membo_004_.wav,10,494.4196,1.90E+00,17.8571,5.13E-01,3.7076
Membo_1_031-membo_000_.wav,1,49.6138,2.47E+02,0.9766,2.96E+00,83.4282
Membo_1_031-membo_000_.wav,2,100.1717,2.79E+01,0.9766,2.09E+00,13.3488
Membo_1_031-membo_000_.wav,3,147.7153,2.06E+00,20.5078,1.19E+00,1.736
Membo_1_031-membo_000_.wav,4,200.1527,1.13E+01,0.9766,9.28E-01,12.1653
Membo_1_031-membo_000_.wav,5,249.5721,1.68E+00,32.2266,9.07E-01,1.8498
Membo_1_031-membo_000_.wav,6,296.7226,3.78E+00,25.3906,8.48E-01,4.4612
Membo_1_031-membo_000_.wav,7,345.7031,4.09E+00,1.9531,7.99E-01,5.1192
Membo_1_031-membo_000_.wav,8,395.5078,4.22E+00,0.9766,6.23E-01,6.778
Membo_1_031-membo_000_.wav,9,451.1719,2.37E+00,7.8125,5.09E-01,4.6477
Membo_1_031-membo_000_.wav,10,500.0121,1.26E+00,6.8359,4.24E-01,2.9716
Membo_1_031-membo_001_.wav,1,49.5758,2.20E+02,0.9766,2.57E+00,85.5414
Membo_1_031-membo_001_.wav,2,100.0751,2.95E+01,0.9766,2.18E+00,13.5503
Membo_1_031-membo_001_.wav,3,149.2126,2.06E+00,32.2266,1.14E+00,1.8146
Membo_1_031-membo_001_.wav,4,200.1961,1.18E+01,0,8.37E-01,14.1105
Membo_1_031-membo_001_.wav,5,251.9531,1.68E+00,35.1562,8.56E-01,1.9641
Membo_1_031-membo_001_.wav,6,295.8984,3.92E+00,21.4844,8.61E-01,4.5533
Membo_1_031-membo_001_.wav,7,345.7031,4.95E+00,0.9766,7.92E-01,6.2533
Membo_1_031-membo_001_.wav,8,395.5078,3.91E+00,0.9766,7.58E-01,5.1546
Membo_1_031-membo_001_.wav,9,445.3125,1.54E+00,31.25,5.98E-01,2.5752
Membo_1_031-membo_001_.wav,10,495.1172,1.38E+00,0.9766,4.72E-01,2.9263
Membo_1_031-membo_002_.wav,1,49.7026,1.16E+02,0,6.31E+00,18.3576
Membo_1_031-membo_002_.wav,2,99.9208,3.37E+01,0.9766,4.20E+00,8.0162
Membo_1_031-membo_002_.wav,3,146.4844,1.31E+00,31.25,1.05E+00,1.2415
Membo_1_031-membo_002_.wav,4,200.1553,1.15E+01,1.9531,7.96E-01,14.4925
Membo_1_031-membo_002_.wav,5,246.7557,1.46E+00,39.0625,7.86E-01,1.8573
Membo_1_031-membo_002_.wav,6,301.7578,7.67E+00,10.7422,9.56E-01,8.022
Membo_1_031-membo_002_.wav,7,345.7031,4.29E+00,0.9766,9.02E-01,4.7532
Membo_1_031-membo_002_.wav,8,395.5078,3.84E+00,0.9766,6.49E-01,5.9168
Membo_1_031-membo_002_.wav,9,449.4046,1.72E+00,30.2734,6.35E-01,2.7011
Membo_1_031-membo_002_.wav,10,499.639,1.49E+00,32.2266,5.73E-01,2.5972
Membo_1_031-membo_003_.wav,1,49.6063,1.78E+02,0.9766,5.80E+00,30.7464
Membo_1_031-membo_003_.wav,2,99.8081,3.12E+01,0.9766,4.51E+00,6.9245
Membo_1_031-membo_003_.wav,3,150.9751,2.75E+00,36.1328,1.35E+00,2.0437
Membo_1_031-membo_003_.wav,4,200.142,1.11E+01,0.9766,1.10E+00,10.0714
Membo_1_031-membo_003_.wav,5,246.0938,1.17E+00,38.0859,1.11E+00,1.0501
Membo_1_031-membo_003_.wav,6,300.7715,8.16E+00,15.625,1.13E+00,7.2257
Membo_1_031-membo_003_.wav,7,345.7031,4.72E+00,0.9766,9.12E-01,5.1804
Membo_1_031-membo_003_.wav,8,395.5078,4.35E+00,0.9766,8.04E-01,5.4093
Membo_1_031-membo_003_.wav,9,451.1719,1.84E+00,25.3906,6.98E-01,2.6363
Membo_1_031-membo_003_.wav,10,498.2359,9.87E-01,38.0859,6.14E-01,1.609
Membo_1_031-membo_004_.wav,1,49.523,2.05E+02,1.1161,2.09E+00,98.2802
Membo_1_031-membo_004_.wav,2,100.2841,2.73E+01,1.1161,1.80E+00,15.1668
Membo_1_031-membo_004_.wav,3,147.6485,1.75E+00,21.2054,9.50E-01,1.8464
Membo_1_031-membo_004_.wav,4,199.7768,1.30E+01,1.1161,8.49E-01,15.2858
Membo_1_031-membo_004_.wav,5,248.8839,1.14E+00,37.9464,9.63E-01,1.1798
Membo_1_031-membo_004_.wav,6,296.4129,4.64E+00,29.0179,1.02E+00,4.5529
Membo_1_031-membo_004_.wav,7,345.8096,5.01E+00,1.1161,8.83E-01,5.6753
Membo_1_031-membo_004_.wav,8,395.0948,3.76E+00,2.2321,6.63E-01,5.6604
Membo_1_031-membo_004_.wav,9,439.7321,1.04E+00,31.25,6.13E-01,1.6996
Membo_1_031-membo_004_.wav,10,494.4196,2.32E+00,14.5089,5.45E-01,4.2611
Membo_1_032-membo_000_.wav,1,49.3023,2.69E+02,0.9766,6.42E+00,41.9143
Membo_1_032-membo_000_.wav,2,99.9847,2.89E+01,20.5078,5.22E+00,5.5352
Membo_1_032-membo_000_.wav,3,149.4141,2.40E+00,29.2969,1.53E+00,1.5638
Membo_1_032-membo_000_.wav,4,195.9247,1.92E+00,0.9766,1.02E+00,1.88
Membo_1_032-membo_000_.wav,5,246.1304,1.70E+00,29.2969,9.10E-01,1.87
Membo_1_032-membo_000_.wav,6,295.8984,4.06E+00,13.6719,9.51E-01,4.2698
Membo_1_032-membo_000_.wav,7,342.6343,2.90E+00,4.8828,8.37E-01,3.4695
Membo_1_032-membo_000_.wav,8,389.625,1.34E+00,29.2969,7.41E-01,1.8119
Membo_1_032-membo_000_.wav,9,436.5234,1.09E+00,28.3203,6.14E-01,1.7781
Membo_1_032-membo_000_.wav,10,485.3516,1.35E+00,1.9531,5.71E-01,2.3698
Membo_1_032-membo_001_.wav,1,49.5996,1.55E+02,0.9766,3.56E+00,43.6082
Membo_1_032-membo_001_.wav,2,99.8658,3.24E+01,0.9766,3.44E+00,9.4161
Membo_1_032-membo_001_.wav,3,148.5225,2.17E+00,34.1797,1.84E+00,1.1821
Membo_1_032-membo_001_.wav,4,200.2096,9.59E+00,0,9.24E-01,10.3722
Membo_1_032-membo_001_.wav,5,247.2805,9.04E-01,30.2734,8.18E-01,1.1057
Membo_1_032-membo_001_.wav,6,296.6173,2.81E+00,12.6953,8.38E-01,3.3534
Membo_1_032-membo_001_.wav,7,345.7031,4.00E+00,0.9766,8.53E-01,4.6925
Membo_1_032-membo_001_.wav,8,395.5078,4.11E+00,0.9766,7.05E-01,5.8244
Membo_1_032-membo_001_.wav,9,451.1719,1.22E+00,23.4375,5.51E-01,2.2143
Membo_1_032-membo_001_.wav,10,495.1172,1.57E+00,38.0859,5.10E-01,3.0802
Membo_1_032-membo_002_.wav,1,49.6251,1.38E+02,0.9766,3.05E+00,45.2431
Membo_1_032-membo_002_.wav,2,100.1086,2.72E+01,0.9766,2.23E+00,12.2072
Membo_1_032-membo_002_.wav,3,147.8493,1.95E+00,27.3438,8.87E-01,2.1923
Membo_1_032-membo_002_.wav,4,200.0869,1.14E+01,0.9766,7.73E-01,14.7045
Membo_1_032-membo_002_.wav,5,247.1579,1.71E+00,30.2734,7.61E-01,2.2427
Membo_1_032-membo_002_.wav,6,296.4591,3.88E+00,17.5781,8.17E-01,4.7534
Membo_1_032-membo_002_.wav,7,345.7031,3.68E+00,2.9297,8.01E-01,4.5972
Membo_1_032-membo_002_.wav,8,395.5078,4.09E+00,0.9766,6.68E-01,6.1197
Membo_1_032-membo_002_.wav,9,445.3125,1.23E+00,29.2969,6.26E-01,1.9681
Membo_1_032-membo_002_.wav,10,498.906,1.57E+00,14.6484,6.29E-01,2.5013
Membo_1_032-membo_003_.wav,1,49.5328,2.35E+02,0.9766,4.64E+00,50.7393
Membo_1_032-membo_003_.wav,2,100.1539,2.92E+01,0.9766,3.37E+00,8.6867
Membo_1_032-membo_003_.wav,3,147.4178,2.40E+00,33.2031,1.19E+00,2.0247
Membo_1_032-membo_003_.wav,4,200.1113,1.44E+01,0.9766,8.75E-01,16.4314
Membo_1_032-membo_003_.wav,5,251.9531,1.06E+00,0.9766,8.97E-01,1.1793
Membo_1_032-membo_003_.wav,6,296.772,4.88E+00,18.5547,9.56E-01,5.1045
Membo_1_032-membo_003_.wav,7,345.7031,4.87E+00,0.9766,9.25E-01,5.2598
Membo_1_032-membo_003_.wav,8,395.5078,3.59E+00,5.8594,7.53E-01,4.768
Membo_1_032-membo_003_.wav,9,450.2345,2.03E+00,27.3438,6.57E-01,3.0904
Membo_1_032-membo_003_.wav,10,495.1172,1.33E+00,39.0625,6.01E-01,2.2135
Membo_1_032-membo_004_.wav,1,49.5152,2.20E+02,0.9766,3.28E+00,66.9804
Membo_1_032-membo_004_.wav,2,99.889,3.45E+01,0.9766,2.69E+00,12.83
Membo_1_032-membo_004_.wav,3,150.8892,1.35E+00,29.2969,1.12E+00,1.2137
Membo_1_032-membo_004_.wav,4,200.0778,1.12E+01,0.9766,7.59E-01,14.8038
Membo_1_032-membo_004_.wav,5,246.9978,1.71E+00,33.2031,8.51E-01,2.0071
Membo_1_032-membo_004_.wav,6,295.8984,3.21E+00,18.5547,9.29E-01,3.4556
Membo_1_032-membo_004_.wav,7,345.7031,3.77E+00,0.9766,7.77E-01,4.8513
Membo_1_032-membo_004_.wav,8,395.5078,3.63E+00,0.9766,6.09E-01,5.9648
Membo_1_032-membo_004_.wav,9,449.2919,1.37E+00,12.6953,5.74E-01,2.3833
Membo_1_032-membo_004_.wav,10,495.1172,1.44E+00,37.1094,4.68E-01,3.0767
Membo_1_033-membo_000_.wav,1,49.5558,1.69E+02,0.9766,3.94E+00,42.8158
Membo_1_033-membo_000_.wav,2,99.7921,3.84E+01,1.9531,2.83E+00,13.5453
Membo_1_033-membo_000_.wav,3,146.4844,1.96E+00,19.5312,1.31E+00,1.4944
Membo_1_033-membo_000_.wav,4,200.2226,1.05E+01,1.9531,8.93E-01,11.7085
Membo_1_033-membo_000_.wav,5,251.9531,1.13E+00,33.2031,9.09E-01,1.2424
Membo_1_033-membo_000_.wav,6,296.6447,4.61E+00,25.3906,9.18E-01,5.0194
Membo_1_033-membo_000_.wav,7,345.7031,4.89E+00,1.9531,9.09E-01,5.3788
Membo_1_033-membo_000_.wav,8,395.5078,3.00E+00,5.8594,7.42E-01,4.0492
Membo_1_033-membo_000_.wav,9,449.8143,1.93E+00,17.5781,5.68E-01,3.3917
Membo_1_033-membo_000_.wav,10,499.8978,1.96E+00,33.2031,5.95E-01,3.2864
Membo_1_033-membo_001_.wav,1,49.7127,1.65E+02,0.9766,3.74E+00,44.166
Membo_1_033-membo_001_.wav,2,100.2058,3.01E+01,0.9766,2.66E+00,11.308
Membo_1_033-membo_001_.wav,3,147.4129,2.78E+00,19.5312,1.30E+00,2.143
Membo_1_033-membo_001_.wav,4,200.1449,1.12E+01,0.9766,1.04E+00,10.6828
Membo_1_033-membo_001_.wav,5,249.7486,1.49E+00,1.9531,1.00E+00,1.4901
Membo_1_033-membo_001_.wav,6,295.8984,3.63E+00,28.3203,8.83E-01,4.1111
Membo_1_033-membo_001_.wav,7,345.7031,4.11E+00,19.5312,8.76E-01,4.6898
Membo_1_033-membo_001_.wav,8,395.5078,3.25E+00,6.8359,8.50E-01,3.8216
Membo_1_033-membo_001_.wav,9,449.1915,1.30E+00,26.3672,7.20E-01,1.8013
Membo_1_033-membo_001_.wav,10,499.3609,1.83E+00,29.2969,6.10E-01,2.9926
Membo_1_033-membo_002_.wav,1,49.6165,2.09E+02,0.9766,2.61E+00,80.2427
Membo_1_033-membo_002_.wav,2,100.2071,3.32E+01,0.9766,2.43E+00,13.6655
Membo_1_033-membo_002_.wav,3,150.1291,2.80E+00,38.0859,1.28E+00,2.1933
Membo_1_033-membo_002_.wav,4,200.012,1.46E+01,0.9766,9.94E-01,14.6916
Membo_1_033-membo_002_.wav,5,247.3459,1.72E+00,29.2969,9.43E-01,1.8282
Membo_1_033-membo_002_.wav,6,296.6855,4.66E+00,19.5312,1.00E+00,4.6443
Membo_1_033-membo_002_.wav,7,345.7031,3.92E+00,18.5547,9.50E-01,4.1224
Membo_1_033-membo_002_.wav,8,395.5078,4.24E+00,0.9766,7.70E-01,5.5044
Membo_1_033-membo_002_.wav,9,448.3292,1.82E+00,33.2031,7.22E-01,2.5189
Membo_1_033-membo_002_.wav,10,495.1172,8.06E-01,32.2266,7.38E-01,1.0914
Membo_1_033-membo_003_.wav,1,49.6185,2.27E+02,0.9766,9.61E+00,23.6581
Membo_1_033-membo_003_.wav,2,100.0007,2.47E+01,27.3438,8.88E+00,2.7821
Membo_1_033-membo_003_.wav,3,146.4844,2.31E+00,16.6016,2.01E+00,1.1521
Membo_1_033-membo_003_.wav,4,200.0768,1.41E+01,0.9766,1.07E+00,13.28
Membo_1_033-membo_003_.wav,5,247.1913,2.02E+00,29.2969,9.86E-01,2.0531
Membo_1_033-membo_003_.wav,6,296.7414,5.95E+00,24.4141,1.18E+00,5.0628
Membo_1_033-membo_003_.wav,7,345.7031,3.74E+00,18.5547,9.64E-01,3.8805
Membo_1_033-membo_003_.wav,8,395.5078,3.84E+00,4.8828,6.01E-01,6.3835
Membo_1_033-membo_003_.wav,9,451.1719,1.24E+00,32.2266,5.55E-01,2.2296
Membo_1_033-membo_003_.wav,10,499.8499,1.38E+00,8.7891,6.43E-01,2.1477
Membo_1_033-membo_004_.wav,1,49.4513,1.82E+02,1.1161,4.98E+00,36.6006
Membo_1_033-membo_004_.wav,2,100.0182,2.74E+01,1.1161,3.32E+00,8.2571
Membo_1_033-membo_004_.wav,3,148.1879,1.66E+00,13.3929,9.72E-01,1.7052
Membo_1_033-membo_004_.wav,4,199.7768,6.22E+00,1.1161,7.47E-01,8.3304
Membo_1_033-membo_004_.wav,5,247.4554,2.57E+00,29.0179,8.00E-01,3.2109
Membo_1_033-membo_004_.wav,6,295.9844,5.11E+00,30.1339,1.14E+00,4.5
Membo_1_033-membo_004_.wav,7,342.5334,3.44E+00,22.3214,9.97E-01,3.4485
Membo_1_033-membo_004_.wav,8,395.2096,2.97E+00,4.4643,7.75E-01,3.8259
Membo_1_033-membo_004_.wav,9,445.3125,1.41E+00,30.1339,8.07E-01,1.7431
Membo_1_033-membo_004_.wav,10,493.6452,1.97E+00,37.9464,8.00E-01,2.4634
Membo_1_034-membo_000_.wav,1,49.5083,1.99E+02,0.9766,6.21E+00,32.0503
Membo_1_034-membo_000_.wav,2,99.9111,3.02E+01,1.9531,4.09E+00,7.3755
Membo_1_034-membo_000_.wav,3,149.6663,2.34E+00,19.5312,1.19E+00,1.9746
Membo_1_034-membo_000_.wav,4,200.1286,9.57E+00,0.9766,8.36E-01,11.4375
Membo_1_034-membo_000_.wav,5,246.7029,1.87E+00,29.2969,8.85E-01,2.1145
Membo_1_034-membo_000_.wav,6,295.8984,3.97E+00,30.2734,1.10E+00,3.5945
Membo_1_034-membo_000_.wav,7,345.7031,4.12E+00,3.9062,1.06E+00,3.8792
Membo_1_034-membo_000_.wav,8,395.5078,3.53E+00,5.8594,8.30E-01,4.2517
Membo_1_034-membo_000_.wav,9,451.1719,1.69E+00,10.7422,7.12E-01,2.3702
Membo_1_034-membo_000_.wav,10,495.1172,1.19E+00,36.1328,6.39E-01,1.8599
Membo_1_034-membo_001_.wav,1,49.6621,1.83E+02,0.9766,2.66E+00,68.9203
Membo_1_034-membo_001_.wav,2,100.0434,3.09E+01,0.9766,2.35E+00,13.161
Membo_1_034-membo_001_.wav,3,148.1879,1.69E+00,1.9531,1.41E+00,1.204
Membo_1_034-membo_001_.wav,4,200.0039,1.59E+01,0.9766,1.16E+00,13.7197
Membo_1_034-membo_001_.wav,5,251.9531,1.09E+00,1.9531,1.04E+00,1.0413
Membo_1_034-membo_001_.wav,6,295.8984,5.65E+00,2.9297,1.05E+00,5.3865
Membo_1_034-membo_001_.wav,7,345.7031,3.78E+00,16.6016,1.32E+00,2.8596
Membo_1_034-membo_001_.wav,8,395.5078,4.28E+00,22.4609,1.30E+00,3.293
Membo_1_034-membo_001_.wav,9,450.4006,1.56E+00,32.2266,1.05E+00,1.4928
Membo_1_034-membo_001_.wav,10,495.1172,1.10E+00,30.2734,9.31E-01,1.1828
Membo_1_034-membo_002_.wav,1,49.6439,1.92E+02,0.9766,7.76E+00,24.7788
Membo_1_034-membo_002_.wav,2,99.2458,1.95E+01,11.7188,6.46E+00,3.0187
Membo_1_034-membo_002_.wav,3,149.6258,1.01E+01,23.4375,3.84E+00,2.6351
Membo_1_034-membo_002_.wav,4,199.9166,1.49E+01,0.9766,2.32E+00,6.4005
Membo_1_034-membo_002_.wav,5,247.1159,2.91E+00,29.2969,1.15E+00,2.5232
Membo_1_034-membo_002_.wav,6,295.8984,5.58E+00,29.2969,1.11E+00,5.0099
Membo_1_034-membo_002_.wav,7,345.7031,4.31E+00,10.7422,1.03E+00,4.1906
Membo_1_034-membo_002_.wav,8,395.5078,3.95E+00,20.5078,8.96E-01,4.4132
Membo_1_034-membo_002_.wav,9,449.5358,2.20E+00,34.1797,8.58E-01,2.5686
Membo_1_034-membo_002_.wav,10,495.1172,1.52E+00,30.2734,8.38E-01,1.8133
Membo_1_034-membo_003_.wav,1,49.1638,2.03E+02,11.7188,3.36E+01,6.0551
Membo_1_034-membo_003_.wav,2,94.7266,9.48E+01,31.25,4.24E+01,2.2342
Membo_1_034-membo_003_.wav,3,145.4251,3.89E+01,35.1562,3.38E+01,1.1525
Membo_1_034-membo_003_.wav,4,192.3828,3.01E+01,36.1328,2.65E+01,1.137
Membo_1_034-membo_003_.wav,5,247.0703,6.51E+00,4.8828,5.73E+00,1.1371
Membo_1_034-membo_003_.wav,6,295.8984,5.73E+00,23.4375,2.06E+00,2.7813
Membo_1_034-membo_003_.wav,7,342.0952,1.99E+00,23.4375,1.35E+00,1.478
Membo_1_034-membo_003_.wav,8,387.6953,9.78E-01,26.3672,1.06E+00,0.9221
Membo_1_034-membo_003_.wav,9,436.5234,1.16E+00,39.0625,6.83E-01,1.6999
Membo_1_034-membo_003_.wav,10,491.2109,9.33E-01,31.25,5.12E-01,1.8218
Membo_1_034-membo_004_.wav,1,49.3173,2.15E+02,1.1161,2.21E+00,97.2895
Membo_1_034-membo_004_.wav,2,100.2948,9.00E+00,12.2768,1.62E+00,5.543
Membo_1_034-membo_004_.wav,3,145.0893,7.04E-01,29.0179,8.65E-01,0.8132
Membo_1_034-membo_004_.wav,4,199.7768,9.11E+00,1.1161,8.68E-01,10.5069
Membo_1_034-membo_004_.wav,5,246.8933,1.72E+00,30.1339,8.10E-01,2.1191
Membo_1_034-membo_004_.wav,6,297.09,4.28E+00,2.2321,8.07E-01,5.3121
Membo_1_034-membo_004_.wav,7,345.8749,3.98E+00,1.1161,8.47E-01,4.7012
Membo_1_034-membo_004_.wav,8,395.1279,4.18E+00,1.1161,7.46E-01,5.6058
Membo_1_034-membo_004_.wav,9,445.3125,2.35E+00,7.8125,6.53E-01,3.5949
Membo_1_034-membo_004_.wav,10,493.3223,1.57E+00,26.7857,5.71E-01,2.7483
Membo_1_041-membo_000_.wav,1,49.4004,2.10E+02,21.4844,2.93E+01,7.1777
Membo_1_041-membo_000_.wav,2,100.0131,7.92E+01,32.2266,3.10E+01,2.5553
Membo_1_041-membo_000_.wav,3,149.4953,1.15E+01,5.8594,8.75E+00,1.3206
Membo_1_041-membo_000_.wav,4,199.9798,8.50E+00,29.2969,3.45E+00,2.4627
Membo_1_041-membo_000_.wav,5,248.3165,2.98E+00,29.2969,2.15E+00,1.3868
Membo_1_041-membo_000_.wav,6,300.6304,8.05E+00,30.2734,1.81E+00,4.4558
Membo_1_041-membo_000_.wav,7,345.7031,4.17E+00,20.5078,1.24E+00,3.3642
Membo_1_041-membo_000_.wav,8,395.5078,4.59E+00,5.8594,9.29E-01,4.9343
Membo_1_041-membo_000_.wav,9,445.3125,1.70E+00,30.2734,9.62E-01,1.7654
Membo_1_041-membo_000_.wav,10,500.0832,1.77E+00,31.25,8.20E-01,2.1591
Membo_1_041-membo_001_.wav,1,49.4415,1.73E+02,0.9766,2.48E+00,69.9193
Membo_1_041-membo_001_.wav,2,99.962,2.92E+01,0.9766,2.48E+00,11.8125
Membo_1_041-membo_001_.wav,3,150.0441,2.18E+00,0.9766,1.76E+00,1.2392
Membo_1_041-membo_001_.wav,4,199.9805,1.86E+01,0.9766,1.58E+00,11.7811
Membo_1_041-membo_001_.wav,5,249.7298,3.99E+00,7.8125,1.81E+00,2.2087
Membo_1_041-membo_001_.wav,6,295.8984,5.79E+00,28.3203,2.12E+00,2.7279
Membo_1_041-membo_001_.wav,7,345.7031,5.45E+00,38.0859,1.97E+00,2.7634
Membo_1_041-membo_001_.wav,8,399.2756,4.52E+00,29.2969,1.50E+00,3.0094
Membo_1_041-membo_001_.wav,9,451.1719,3.67E+00,9.7656,1.38E+00,2.6645
Membo_1_041-membo_001_.wav,10,500.9766,1.45E+00,29.2969,1.35E+00,1.0759
Membo_1_041-membo_002_.wav,1,49.3078,1.91E+02,0.9766,2.01E+00,95.2432
Membo_1_041-membo_002_.wav,2,100.5859,2.64E+01,0.9766,2.41E+00,10.933
Membo_1_041-membo_002_.wav,3,143.5547,5.66E+00,1.9531,1.46E+00,3.8855
Membo_1_041-membo_002_.wav,4,195.391,3.46E+00,0.9766,1.22E+00,2.8343
Membo_1_041-membo_002_.wav,5,247.0703,3.65E+00,30.2734,1.35E+00,2.7019
Membo_1_041-membo_002_.wav,6,295.8984,5.19E+00,1.9531,1.71E+00,3.0316
Membo_1_041-membo_002_.wav,7,342.563,6.91E+00,1.9531,1.48E+00,4.6747
Membo_1_041-membo_002_.wav,8,389.6141,1.91E+00,30.2734,1.18E+00,1.6194
Membo_1_041-membo_002_.wav,9,442.3828,1.81E+00,30.2734,1.08E+00,1.6714
Membo_1_041-membo_002_.wav,10,485.3516,4.62E+00,24.4141,1.16E+00,3.9799
Membo_1_041-membo_003_.wav,1,49.3862,2.40E+02,0.9766,3.15E+00,76.3456
Membo_1_041-membo_003_.wav,2,100.0642,2.46E+01,0.9766,2.51E+00,9.8169
Membo_1_041-membo_003_.wav,3,147.2057,1.56E+00,1.9531,1.15E+00,1.3548
Membo_1_041-membo_003_.wav,4,200.2058,1.24E+01,0.9766,1.06E+00,11.6912
Membo_1_041-membo_003_.wav,5,246.0938,2.97E+00,30.2734,1.03E+00,2.8849
Membo_1_041-membo_003_.wav,6,295.8984,2.01E+01,0.9766,1.17E+00,17.1373
Membo_1_041-membo_003_.wav,7,345.7031,4.36E+00,9.7656,1.40E+00,3.1131
Membo_1_041-membo_003_.wav,8,395.5078,4.45E+00,5.8594,1.30E+00,3.4315
Membo_1_041-membo_003_.wav,9,450.3445,1.53E+00,19.5312,8.94E-01,1.7158
Membo_1_041-membo_003_.wav,10,500.3674,1.64E+00,33.2031,9.75E-01,1.6825
Membo_1_041-membo_004_.wav,1,49.201,2.67E+02,1.1161,3.66E+00,72.8251
Membo_1_041-membo_004_.wav,2,99.9066,2.57E+01,1.1161,2.46E+00,10.4347
Membo_1_041-membo_004_.wav,3,148.5158,1.49E+00,18.9732,1.09E+00,1.364
Membo_1_041-membo_004_.wav,4,199.7768,1.07E+01,1.1161,8.39E-01,12.7712
Membo_1_041-membo_004_.wav,5,248.8839,1.59E+00,2.2321,8.50E-01,1.8716
Membo_1_041-membo_004_.wav,6,295.8527,4.52E+00,30.1339,1.03E+00,4.395
Membo_1_041-membo_004_.wav,7,345.7884,4.26E+00,1.1161,1.01E+00,4.2145
Membo_1_041-membo_004_.wav,8,395.0094,2.52E+00,13.3929,7.02E-01,3.5852
Membo_1_041-membo_004_.wav,9,444.1999,8.73E-01,29.0179,5.55E-01,1.573
Membo_1_041-membo_004_.wav,10,493.5155,2.11E+00,30.1339,6.68E-01,3.1605
Membo_1_042-membo_000_.wav,1,49.3872,2.09E+02,0.9766,2.15E+00,97.3303
Membo_1_042-membo_000_.wav,2,99.8862,2.87E+01,0.9766,2.24E+00,12.8122
Membo_1_042-membo_000_.wav,3,147.841,2.45E+00,20.5078,1.26E+00,1.9349
Membo_1_042-membo_000_.wav,4,200.0615,1.56E+01,0.9766,8.04E-01,19.405
Membo_1_042-membo_000_.wav,5,247.1274,1.30E+00,33.2031,7.74E-01,1.6741
Membo_1_042-membo_000_.wav,6,295.8984,3.72E+00,20.5078,9.93E-01,3.7516
Membo_1_042-membo_000_.wav,7,345.7031,4.18E+00,0.9766,9.86E-01,4.2384
Membo_1_042-membo_000_.wav,8,395.5078,3.61E+00,0.9766,6.05E-01,5.9619
Membo_1_042-membo_000_.wav,9,445.3125,1.59E+00,36.1328,6.45E-01,2.4676
Membo_1_042-membo_000_.wav,10,500.9766,1.55E+00,22.4609,8.03E-01,1.93
Membo_1_042-membo_001_.wav,1,49.5589,1.57E+02,0.9766,3.96E+00,39.5761
Membo_1_042-membo_001_.wav,2,100.0723,2.47E+01,0.9766,2.71E+00,9.1008
Membo_1_042-membo_001_.wav,3,149.4755,1.63E+00,39.0625,1.24E+00,1.3126
Membo_1_042-membo_001_.wav,4,200.0706,1.81E+01,0.9766,1.00E+00,18.0531
Membo_1_042-membo_001_.wav,5,251.9531,1.17E+00,33.2031,9.30E-01,1.2553
Membo_1_042-membo_001_.wav,6,295.8984,4.61E+00,19.5312,1.09E+00,4.2258
Membo_1_042-membo_001_.wav,7,345.7031,5.36E+00,20.5078,1.24E+00,4.3239
Membo_1_042-membo_001_.wav,8,395.5078,3.08E+00,13.6719,7.47E-01,4.1188
Membo_1_042-membo_001_.wav,9,445.3125,1.91E+00,29.2969,5.35E-01,3.5742
Membo_1_042-membo_001_.wav,10,499.5886,1.04E+00,34.1797,5.64E-01,1.8432
Membo_1_042-membo_002_.wav,1,49.2644,2.34E+02,0.9766,3.18E+00,73.7384
Membo_1_042-membo_002_.wav,2,99.8199,3.00E+01,0.9766,2.32E+00,12.8891
Membo_1_042-membo_002_.wav,3,148.5497,1.93E+00,31.25,1.10E+00,1.7532
Membo_1_042-membo_002_.wav,4,197.6867,2.40E+00,0.9766,9.06E-01,2.6473
Membo_1_042-membo_002_.wav,5,247.0703,1.62E+00,38.0859,8.38E-01,1.9281
Membo_1_042-membo_002_.wav,6,295.8984,4.00E+00,19.5312,9.05E-01,4.4197
Membo_1_042-membo_002_.wav,7,344.7266,2.83E+00,20.5078,1.02E+00,2.7757
Membo_1_042-membo_002_.wav,8,391.3346,1.35E+00,1.9531,7.79E-01,1.737
Membo_1_042-membo_002_.wav,9,439.1656,1.29E+00,35.1562,5.51E-01,2.3453
Membo_1_042-membo_002_.wav,10,485.3516,8.80E-01,4.8828,5.69E-01,1.5461
Membo_1_042-membo_003_.wav,1,49.2627,2.64E+02,0.9766,2.66E+00,98.977
Membo_1_042-membo_003_.wav,2,99.7466,3.32E+01,1.9531,2.28E+00,14.5773
Membo_1_042-membo_003_.wav,3,144.6871,1.18E+00,0.9766,9.87E-01,1.1915
Membo_1_042-membo_003_.wav,4,196.9225,2.55E+00,0.9766,9.75E-01,2.6144
Membo_1_042-membo_003_.wav,5,247.0703,1.30E+00,37.1094,8.67E-01,1.5015
Membo_1_042-membo_003_.wav,6,295.8984,2.55E+00,16.6016,7.56E-01,3.3717
Membo_1_042-membo_003_.wav,7,344.7266,2.61E+00,19.5312,7.96E-01,3.2778
Membo_1_042-membo_003_.wav,8,393.5547,1.54E+00,0.9766,6.98E-01,2.2036
Membo_1_042-membo_003_.wav,9,438.0107,2.10E+00,15.625,4.90E-01,4.2813
Membo_1_042-membo_003_.wav,10,491.2109,7.70E-01,0.9766,4.86E-01,1.5848
Membo_1_042-membo_004_.wav,1,49.3563,2.05E+02,1.1161,2.40E+00,85.1712
Membo_1_042-membo_004_.wav,2,100.101,2.27E+01,1.1161,1.92E+00,11.7871
Membo_1_042-membo_004_.wav,3,148.6586,1.92E+00,37.9464,1.13E+00,1.7041
Membo_1_042-membo_004_.wav,4,199.7768,1.40E+01,1.1161,9.96E-01,14.0622
Membo_1_042-membo_004_.wav,5,247.5458,1.71E+00,36.8304,8.89E-01,1.9226
Membo_1_042-membo_004_.wav,6,296.7323,1.33E+00,2.2321,8.71E-01,1.5245
Membo_1_042-membo_004_.wav,7,345.8933,3.95E+00,1.1161,8.35E-01,4.735
Membo_1_042-membo_004_.wav,8,395.1519,2.84E+00,4.4643,7.41E-01,3.836
Membo_1_042-membo_004_.wav,9,444.2482,1.75E+00,32.3661,5.77E-01,3.0269
Membo_1_042-membo_004_.wav,10,494.4196,9.36E-01,34.5982,5.77E-01,1.6227
Membo_1_043-membo_000_.wav,1,49.66,1.46E+02,0.9766,2.83E+00,51.579
Membo_1_043-membo_000_.wav,2,100.2561,2.53E+01,0.9766,2.01E+00,12.5863
Membo_1_043-membo_000_.wav,3,150.0376,1.59E+00,32.2266,1.12E+00,1.4181
Membo_1_043-membo_000_.wav,4,200.0957,1.88E+01,0.9766,9.35E-01,20.0571
Membo_1_043-membo_000_.wav,5,247.0003,1.36E+00,39.0625,8.23E-01,1.6518
Membo_1_043-membo_000_.wav,6,295.8984,5.83E+00,15.625,8.33E-01,6.9993
Membo_1_043-membo_000_.wav,7,345.7031,4.46E+00,0.9766,8.09E-01,5.5171
Membo_1_043-membo_000_.wav,8,395.5078,3.05E+00,8.7891,6.11E-01,4.9967
Membo_1_043-membo_000_.wav,9,445.3125,1.70E+00,10.7422,5.76E-01,2.9564
Membo_1_043-membo_000_.wav,10,498.8007,9.09E-01,25.3906,5.44E-01,1.6714
Membo_1_043-membo_001_.wav,1,49.5915,1.66E+02,0.9766,2.55E+00,64.8539
Membo_1_043-membo_001_.wav,2,100.0415,2.61E+01,0.9766,2.37E+00,11.0381
Membo_1_043-membo_001_.wav,3,148.1479,1.94E+00,24.4141,9.68E-01,2.0087
Membo_1_043-membo_001_.wav,4,200.0602,1.65E+01,0.9766,7.32E-01,22.5875
Membo_1_043-membo_001_.wav,5,247.0296,1.27E+00,34.1797,6.13E-01,2.0798
Membo_1_043-membo_001_.wav,6,296.591,4.08E+00,16.6016,1.03E+00,3.9671
Membo_1_043-membo_001_.wav,7,345.7031,3.93E+00,18.5547,9.30E-01,4.2262
Membo_1_043-membo_001_.wav,8,395.5078,3.09E+00,0.9766,4.36E-01,7.085
Membo_1_043-membo_001_.wav,9,449.7513,1.28E+00,26.3672,4.61E-01,2.7828
Membo_1_043-membo_001_.wav,10,495.1172,1.43E+00,0.9766,4.74E-01,3.0132
Membo_1_043-membo_002_.wav,1,49.5054,2.43E+02,0.9766,1.80E+00,134.4428
Membo_1_043-membo_002_.wav,2,99.9664,2.93E+01,0.9766,1.80E+00,16.235
Membo_1_043-membo_002_.wav,3,148.5366,2.83E+00,25.3906,8.77E-01,3.2219
Membo_1_043-membo_002_.wav,4,200.0817,1.51E+01,0.9766,6.47E-01,23.3904
Membo_1_043-membo_002_.wav,5,247.4468,9.17E-01,34.1797,6.60E-01,1.3884
Membo_1_043-membo_002_.wav,6,295.8984,4.57E+00,23.4375,8.98E-01,5.0878
Membo_1_043-membo_002_.wav,7,345.7031,3.27E+00,1.9531,8.98E-01,3.6398
Membo_1_043-membo_002_.wav,8,395.5078,3.21E+00,5.8594,5.11E-01,6.2789
Membo_1_043-membo_002_.wav,9,445.3125,1.37E+00,16.6016,3.82E-01,3.5979
Membo_1_043-membo_002_.wav,10,495.1172,7.95E-01,0.9766,3.35E-01,2.3716
Membo_1_043-membo_003_.wav,1,49.5008,2.50E+02,0.9766,2.31E+00,108.3763
Membo_1_043-membo_003_.wav,2,100.051,2.79E+01,0.9766,1.98E+00,14.1233
Membo_1_043-membo_003_.wav,3,152.3438,1.35E+00,28.3203,8.62E-01,1.5688
Membo_1_043-membo_003_.wav,4,200.078,1.56E+01,0.9766,7.11E-01,21.9431
Membo_1_043-membo_003_.wav,5,251.9531,1.07E+00,35.1562,6.23E-01,1.7196
Membo_1_043-membo_003_.wav,6,299.7276,3.34E+00,23.4375,8.08E-01,4.1288
Membo_1_043-membo_003_.wav,7,345.7031,4.32E+00,19.5312,7.62E-01,5.6723
Membo_1_043-membo_003_.wav,8,395.5078,4.17E+00,0.9766,4.25E-01,9.8226
Membo_1_043-membo_003_.wav,9,449.4119,1.00E+00,35.1562,4.29E-01,2.3405
Membo_1_043-membo_003_.wav,10,495.1172,9.73E-01,17.5781,4.33E-01,2.2496
Membo_1_043-membo_004_.wav,1,49.3986,1.92E+02,1.1161,2.37E+00,81.1048
Membo_1_043-membo_004_.wav,2,100.0935,2.44E+01,1.1161,1.97E+00,12.3958
Membo_1_043-membo_004_.wav,3,148.4618,2.34E+00,37.9464,9.43E-01,2.4852
Membo_1_043-membo_004_.wav,4,199.7768,1.38E+01,1.1161,6.77E-01,20.3794
Membo_1_043-membo_004_.wav,5,246.6609,1.01E+00,36.8304,6.42E-01,1.5751
Membo_1_043-membo_004_.wav,6,296.3554,4.54E+00,20.0893,7.37E-01,6.1615
Membo_1_043-membo_004_.wav,7,345.6965,3.48E+00,1.1161,6.14E-01,5.671
Membo_1_043-membo_004_.wav,8,395.1933,3.31E+00,1.1161,4.06E-01,8.1386
Membo_1_043-membo_004_.wav,9,439.7321,1.00E+00,23.4375,3.76E-01,2.6699
Membo_1_043-membo_004_.wav,10,494.4196,1.34E+00,17.8571,3.73E-01,3.5923
Membo_1_044-membo_000_.wav,1,49.6112,1.68E+02,0.9766,2.86E+00,58.655
Membo_1_044-membo_000_.wav,2,99.9558,2.97E+01,0.9766,2.13E+00,13.9241
Membo_1_044-membo_000_.wav,3,148.1644,3.23E+00,16.6016,8.80E-01,3.6772
Membo_1_044-membo_000_.wav,4,200.1051,1.68E+01,0.9766,6.31E-01,26.5469
Membo_1_044-membo_000_.wav,5,246.0938,1.87E+00,34.1797,6.81E-01,2.7454
Membo_1_044-membo_000_.wav,6,296.6565,3.84E+00,4.8828,8.73E-01,4.3943
Membo_1_044-membo_000_.wav,7,345.7031,3.38E+00,31.25,9.47E-01,3.5662
Membo_1_044-membo_000_.wav,8,395.5078,3.48E+00,0.9766,6.52E-01,5.3406
Membo_1_044-membo_000_.wav,9,449.1362,1.13E+00,18.5547,6.85E-01,1.6433
Membo_1_044-membo_000_.wav,10,495.1172,1.85E+00,37.1094,1.09E+00,1.6995
Membo_1_044-membo_001_.wav,1,49.5659,1.98E+02,0.9766,2.14E+00,92.5832
Membo_1_044-membo_001_.wav,2,99.8375,3.32E+01,0.9766,2.14E+00,15.4978
Membo_1_044-membo_001_.wav,3,148.1431,2.44E+00,21.4844,1.05E+00,2.3299
Membo_1_044-membo_001_.wav,4,200.1104,1.59E+01,0.9766,7.12E-01,22.315
Membo_1_044-membo_001_.wav,5,248.8436,1.30E+00,39.0625,7.01E-01,1.861
Membo_1_044-membo_001_.wav,6,295.8984,4.96E+00,8.7891,8.52E-01,5.8234
Membo_1_044-membo_001_.wav,7,345.7031,4.04E+00,7.8125,7.85E-01,5.1542
Membo_1_044-membo_001_.wav,8,395.5078,4.28E+00,0.9766,5.58E-01,7.6649
Membo_1_044-membo_001_.wav,9,445.3125,7.97E-01,17.5781,4.32E-01,1.8473
Membo_1_044-membo_001_.wav,10,495.1172,1.00E+00,0.9766,4.98E-01,2.018
Membo_1_044-membo_002_.wav,1,49.4724,2.43E+02,0.9766,2.53E+00,96.0097
Membo_1_044-membo_002_.wav,2,100.0025,3.13E+01,0.9766,2.21E+00,14.1985
Membo_1_044-membo_002_.wav,3,149.4399,9.87E-01,39.0625,8.95E-01,1.1021
Membo_1_044-membo_002_.wav,4,200.1002,1.60E+01,0.9766,7.47E-01,21.4885
Membo_1_044-membo_002_.wav,5,248.2218,9.17E-01,39.0625,7.42E-01,1.2353
Membo_1_044-membo_002_.wav,6,295.8984,3.86E+00,20.5078,9.20E-01,4.1965
Membo_1_044-membo_002_.wav,7,351.5625,4.43E+00,24.4141,1.10E+00,4.0405
Membo_1_044-membo_002_.wav,8,395.5078,3.57E+00,0.9766,6.76E-01,5.282
Membo_1_044-membo_002_.wav,9,445.3125,7.31E-01,14.6484,4.93E-01,1.4812
Membo_1_044-membo_002_.wav,10,495.1172,8.76E-01,5.8594,5.71E-01,1.5347
Membo_1_044-membo_003_.wav,1,49.595,2.20E+02,0.9766,1.97E+00,111.7906
Membo_1_044-membo_003_.wav,2,100.0268,2.48E+01,0.9766,1.60E+00,15.5548
Membo_1_044-membo_003_.wav,3,148.6366,2.22E+00,37.1094,8.38E-01,2.6504
Membo_1_044-membo_003_.wav,4,200.0681,1.53E+01,0.9766,7.57E-01,20.1668
Membo_1_044-membo_003_.wav,5,246.0938,1.45E+00,37.1094,7.22E-01,2.0085
Membo_1_044-membo_003_.wav,6,300.9954,7.69E+00,3.9062,7.78E-01,9.8836
Membo_1_044-membo_003_.wav,7,345.7031,4.30E+00,20.5078,6.45E-01,6.6703
Membo_1_044-membo_003_.wav,8,395.5078,3.12E+00,0.9766,4.11E-01,7.5814
Membo_1_044-membo_003_.wav,9,449.2456,1.45E+00,12.6953,4.18E-01,3.4669
Membo_1_044-membo_003_.wav,10,495.1172,7.69E-01,0.9766,3.96E-01,1.9427
Membo_1_044-membo_004_.wav,1,49.8034,1.03E+02,1.1161,2.07E+00,49.6437
Membo_1_044-membo_004_.wav,2,100.1012,2.54E+01,1.1161,1.95E+00,13.0382
Membo_1_044-membo_004_.wav,3,149.2339,1.36E+00,1.1161,8.45E-01,1.6141
Membo_1_044-membo_004_.wav,4,200.002,1.36E+01,1.1161,7.24E-01,18.7373
Membo_1_044-membo_004_.wav,5,247.7679,8.29E-01,29.0179,6.74E-01,1.2297
Membo_1_044-membo_004_.wav,6,303.6151,3.97E+00,21.2054,9.27E-01,4.2817
Membo_1_044-membo_004_.wav,7,348.2143,1.20E+00,16.7411,6.88E-01,1.7431
Membo_1_044-membo_004_.wav,8,400.1672,7.43E-01,1.1161,5.09E-01,1.4609
Membo_1_044-membo_004_.wav,9,448.6607,3.44E-01,7.8125,3.57E-01,0.9655
Membo_1_044-membo_004_.wav,10,499.6627,5.91E-01,1.1161,3.30E-01,1.7893
Membo_1_045-membo_000_.wav,1,49.6269,1.88E+02,0.9766,2.83E+00,66.3128
Membo_1_045-membo_000_.wav,2,99.9429,3.11E+01,0.9766,2.61E+00,11.8876
Membo_1_045-membo_000_.wav,3,148.2982,1.31E+00,36.1328,1.63E+00,0.802
Membo_1_045-membo_000_.wav,4,200.1701,1.63E+01,1.9531,1.87E+00,8.6994
Membo_1_045-membo_000_.wav,5,246.0938,2.42E+00,35.1562,1.46E+00,1.6524
Membo_1_045-membo_000_.wav,6,295.8984,5.17E+00,37.1094,1.49E+00,3.474
Membo_1_045-membo_000_.wav,7,345.7031,4.61E+00,19.5312,1.05E+00,4.3985
Membo_1_045-membo_000_.wav,8,395.5078,4.02E+00,0.9766,6.81E-01,5.9057
Membo_1_045-membo_000_.wav,9,446.1379,9.29E-01,38.0859,6.67E-01,1.394
Membo_1_045-membo_000_.wav,10,496.0441,1.59E+00,30.2734,7.41E-01,2.1413
Membo_1_045-membo_001_.wav,1,49.5075,2.26E+02,0.9766,2.19E+00,103.2701
Membo_1_045-membo_001_.wav,2,100.0626,2.76E+01,0.9766,2.36E+00,11.7066
Membo_1_045-membo_001_.wav,3,148.2924,1.94E+00,38.0859,1.56E+00,1.2459
Membo_1_045-membo_001_.wav,4,200.1794,1.77E+01,1.9531,1.43E+00,12.3771
Membo_1_045-membo_001_.wav,5,247.1293,1.88E+00,37.1094,1.22E+00,1.5381
Membo_1_045-membo_001_.wav,6,296.7447,4.22E+00,34.1797,1.15E+00,3.682
Membo_1_045-membo_001_.wav,7,346.2844,1.79E+00,1.9531,7.87E-01,2.2742
Membo_1_045-membo_001_.wav,8,395.5078,5.21E+00,0.9766,6.78E-01,7.69
Membo_1_045-membo_001_.wav,9,448.1928,1.27E+00,39.0625,7.75E-01,1.6432
Membo_1_045-membo_001_.wav,10,497.1021,8.54E-01,10.7422,7.72E-01,1.1066
Membo_1_045-membo_002_.wav,1,49.3954,2.43E+02,0.9766,2.39E+00,102.0278
Membo_1_045-membo_002_.wav,2,100.29,2.70E+01,0.9766,2.19E+00,12.3255
Membo_1_045-membo_002_.wav,3,150.492,2.07E+00,37.1094,1.21E+00,1.712
Membo_1_045-membo_002_.wav,4,200.1331,2.07E+01,0.9766,9.92E-01,20.9225
Membo_1_045-membo_002_.wav,5,250.4875,1.52E+00,36.1328,6.40E-01,2.374
Membo_1_045-membo_002_.wav,6,295.8984,2.99E+00,12.6953,6.46E-01,4.6303
Membo_1_045-membo_002_.wav,7,345.7031,1.88E+00,1.9531,6.42E-01,2.9238
Membo_1_045-membo_002_.wav,8,395.5078,2.79E+00,0.9766,5.77E-01,4.8384
Membo_1_045-membo_002_.wav,9,449.2496,1.39E+00,27.3438,4.80E-01,2.8895
Membo_1_045-membo_002_.wav,10,495.889,7.53E-01,29.2969,4.45E-01,1.6944
Membo_1_045-membo_003_.wav,1,49.5323,1.94E+02,0.9766,1.94E+00,99.9825
Membo_1_045-membo_003_.wav,2,99.9457,2.83E+01,0.9766,2.28E+00,12.4507
Membo_1_045-membo_003_.wav,3,146.4844,1.74E+00,27.3438,1.45E+00,1.1937
Membo_1_045-membo_003_.wav,4,199.9685,1.84E+01,0.9766,1.10E+00,16.7536
Membo_1_045-membo_003_.wav,5,246.6253,2.18E+00,35.1562,1.08E+00,2.0218
Membo_1_045-membo_003_.wav,6,296.6009,5.20E+00,23.4375,1.25E+00,4.1719
Membo_1_045-membo_003_.wav,7,347.69,1.53E+00,31.25,1.14E+00,1.3446
Membo_1_045-membo_003_.wav,8,395.5078,3.52E+00,0.9766,1.01E+00,3.4944
Membo_1_045-membo_003_.wav,9,445.3125,1.33E+00,29.2969,8.51E-01,1.5658
Membo_1_045-membo_003_.wav,10,495.1172,1.34E+00,28.3203,7.17E-01,1.8675
Membo_1_045-membo_004_.wav,1,49.5229,1.43E+02,1.1161,1.88E+00,75.881
Membo_1_045-membo_004_.wav,2,99.5804,2.85E+01,2.2321,1.90E+00,14.9744
Membo_1_045-membo_004_.wav,3,146.4168,1.43E+00,37.9464,1.03E+00,1.3915
Membo_1_045-membo_004_.wav,4,199.7768,1.45E+01,1.1161,8.10E-01,17.9255
Membo_1_045-membo_004_.wav,5,245.8134,1.17E+00,29.0179,7.85E-01,1.4948
Membo_1_045-membo_004_.wav,6,296.5795,3.18E+00,1.1161,8.76E-01,3.633
Membo_1_045-membo_004_.wav,7,345.398,2.58E+00,22.3214,7.87E-01,3.2795
Membo_1_045-membo_004_.wav,8,395.2237,2.29E+00,7.8125,6.61E-01,3.4714
Membo_1_045-membo_004_.wav,9,444.0421,1.38E+00,34.5982,5.87E-01,2.3486
Membo_1_045-membo_004_.wav,10,493.7705,1.22E+00,29.0179,5.51E-01,2.2127
Membo_1_046-membo_000_.wav,1,49.5394,2.00E+02,0.9766,2.87E+00,69.6692
Membo_1_046-membo_000_.wav,2,99.8699,2.78E+01,1.9531,2.68E+00,10.3871
Membo_1_046-membo_000_.wav,3,148.3547,1.17E+00,0.9766,1.40E+00,0.8379
Membo_1_046-membo_000_.wav,4,200.1895,1.10E+01,1.9531,1.24E+00,8.9304
Membo_1_046-membo_000_.wav,5,249.9941,1.65E+00,0.9766,1.28E+00,1.2916
Membo_1_046-membo_000_.wav,6,295.8984,5.59E+00,29.2969,1.35E+00,4.1387
Membo_1_046-membo_000_.wav,7,349.6394,1.75E+00,34.1797,1.36E+00,1.2898
Membo_1_046-membo_000_.wav,8,395.5078,2.70E+00,31.25,1.06E+00,2.5464
Membo_1_046-membo_000_.wav,9,447.2674,1.52E+00,34.1797,8.83E-01,1.7275
Membo_1_046-membo_000_.wav,10,497.3654,1.38E+00,35.1562,8.55E-01,1.6097
Membo_1_046-membo_001_.wav,1,49.3273,2.47E+02,2.9297,3.06E+01,8.0634
Membo_1_046-membo_001_.wav,2,98.4556,5.29E+01,23.4375,2.16E+01,2.4537
Membo_1_046-membo_001_.wav,3,146.4844,1.42E+01,39.0625,1.06E+01,1.3371
Membo_1_046-membo_001_.wav,4,199.9066,1.75E+01,23.4375,4.90E+00,3.5715
Membo_1_046-membo_001_.wav,5,251.9531,2.47E+00,19.5312,2.26E+00,1.0921
Membo_1_046-membo_001_.wav,6,297.8549,5.43E+00,30.2734,1.74E+00,3.117
Membo_1_046-membo_001_.wav,7,345.7031,2.00E+00,38.0859,1.41E+00,1.4129
Membo_1_046-membo_001_.wav,8,395.5078,2.79E+00,35.1562,8.84E-01,3.1551
Membo_1_046-membo_001_.wav,9,445.3125,1.67E+00,29.2969,7.16E-01,2.3359
Membo_1_046-membo_001_.wav,10,500.9766,1.07E+00,29.2969,7.31E-01,1.464
Membo_1_046-membo_002_.wav,1,49.3492,2.19E+02,0.9766,1.13E+01,19.4337
Membo_1_046-membo_002_.wav,2,100.5268,3.00E+01,17.5781,9.72E+00,3.0871
Membo_1_046-membo_002_.wav,3,151.3704,4.63E+00,36.1328,3.13E+00,1.4785
Membo_1_046-membo_002_.wav,4,200.0282,2.44E+01,0.9766,1.81E+00,13.5376
Membo_1_046-membo_002_.wav,5,251.9531,2.58E+00,1.9531,1.71E+00,1.507
Membo_1_046-membo_002_.wav,6,301.7578,3.35E+00,36.1328,2.00E+00,1.6751
Membo_1_046-membo_002_.wav,7,349.8345,2.83E+00,1.9531,1.96E+00,1.4414
Membo_1_046-membo_002_.wav,8,399.3119,6.03E+00,19.5312,1.71E+00,3.5302
Membo_1_046-membo_002_.wav,9,446.3659,3.46E+00,37.1094,1.33E+00,2.5936
Membo_1_046-membo_002_.wav,10,499.7886,2.53E+00,30.2734,1.40E+00,1.8119
Membo_1_046-membo_003_.wav,1,49.6273,2.03E+02,14.6484,3.08E+01,6.5934
Membo_1_046-membo_003_.wav,2,96.6797,8.30E+01,33.2031,4.53E+01,1.8346
Membo_1_046-membo_003_.wav,3,146.4844,3.85E+01,34.1797,2.35E+01,1.639
Membo_1_046-membo_003_.wav,4,199.9542,3.13E+01,19.5312,1.18E+01,2.6597
Membo_1_046-membo_003_.wav,5,250.543,1.14E+01,36.1328,6.82E+00,1.6726
Membo_1_046-membo_003_.wav,6,301.7578,8.98E+00,29.2969,5.73E+00,1.5661
Membo_1_046-membo_003_.wav,7,348.7212,5.84E+00,38.0859,4.77E+00,1.2249
Membo_1_046-membo_003_.wav,8,400.1522,6.26E+00,39.0625,3.87E+00,1.6155
Membo_1_046-membo_003_.wav,9,446.637,3.93E+00,37.1094,2.74E+00,1.4321
Membo_1_046-membo_003_.wav,10,500.2045,3.11E+00,36.1328,1.90E+00,1.642
Membo_1_046-membo_004_.wav,1,106.2113,3.59E+02,22.3214,1.03E+02,3.4814
Membo_1_046-membo_004_.wav,2,209.8214,5.71E+01,35.7143,4.98E+01,1.146
Membo_1_046-membo_004_.wav,3,318.3016,3.30E+01,37.9464,2.08E+01,1.5879
Membo_1_046-membo_004_.wav,4,427.4554,2.06E+01,22.3214,1.17E+01,1.76
Membo_1_046-membo_004_.wav,5,533.4821,7.28E+00,35.7143,6.23E+00,1.1689
Membo_1_046-membo_004_.wav,6,632.8125,2.15E+01,2.2321,7.00E+00,3.0714
Membo_1_046-membo_004_.wav,7,741.0743,4.93E+00,32.3661,2.55E+00,1.9378
Membo_1_046-membo_004_.wav,8,844.8661,3.55E+00,35.7143,2.57E+00,1.3811
Membo_1_046-membo_004_.wav,9,957.5893,2.69E+00,33.4821,2.24E+00,1.2029
Membo_1_046-membo_004_.wav,10,1063.6161,4.16E+00,27.9018,2.18E+00,1.9059
Membo_1_047-membo_000_.wav,1,60.9428,3.43E+02,22.4609,7.35E+01,4.6716
Membo_1_047-membo_000_.wav,2,121.8685,4.94E+01,24.4141,3.43E+01,1.4409
Membo_1_047-membo_000_.wav,3,182.4578,4.07E+01,39.0625,1.54E+01,2.6383
Membo_1_047-membo_000_.wav,4,239.2578,1.49E+01,37.1094,8.97E+00,1.6576
Membo_1_047-membo_000_.wav,5,299.8047,8.80E+00,34.1797,6.12E+00,1.438
Membo_1_047-membo_000_.wav,6,366.2109,4.18E+00,37.1094,2.74E+00,1.5268
Membo_1_047-membo_000_.wav,7,426.7578,3.13E+00,27.3438,1.89E+00,1.6564
Membo_1_047-membo_000_.wav,8,485.3922,3.65E+00,29.2969,1.46E+00,2.4965
Membo_1_047-membo_000_.wav,9,542.5944,3.42E+00,38.0859,1.55E+00,2.2129
Membo_1_047-membo_000_.wav,10,608.3984,2.63E+01,21.4844,8.85E+00,2.97
Membo_1_047-membo_001_.wav,1,49.0531,3.55E+02,1.9531,1.36E+01,26.2211
Membo_1_047-membo_001_.wav,2,100.0449,2.50E+01,37.1094,1.35E+01,1.8447
Membo_1_047-membo_001_.wav,3,145.7068,1.14E+01,36.1328,4.92E+00,2.318
Membo_1_047-membo_001_.wav,4,194.9294,4.87E+00,1.9531,2.42E+00,2.0107
Membo_1_047-membo_001_.wav,5,241.8623,2.49E+00,29.2969,1.53E+00,1.6343
Membo_1_047-membo_001_.wav,6,294.5461,1.11E+01,29.2969,1.41E+00,7.9149
Membo_1_047-membo_001_.wav,7,342.5749,6.50E+00,0.9766,1.19E+00,5.4774
Membo_1_047-membo_001_.wav,8,389.27,8.38E-01,29.2969,9.18E-01,0.9126
Membo_1_047-membo_001_.wav,9,442.3828,2.56E+00,29.2969,8.33E-01,3.077
Membo_1_047-membo_001_.wav,10,485.3516,3.83E+00,15.625,9.09E-01,4.2211
Membo_1_047-membo_002_.wav,1,49.6587,2.79E+02,1.9531,2.46E+01,11.3384
Membo_1_047-membo_002_.wav,2,99.2057,4.71E+01,38.0859,3.68E+01,1.2795
Membo_1_047-membo_002_.wav,3,149.1611,1.90E+01,38.0859,1.99E+01,0.9573
Membo_1_047-membo_002_.wav,4,199.9739,1.60E+01,35.1562,9.08E+00,1.7652
Membo_1_047-membo_002_.wav,5,251.9531,6.09E+00,39.0625,5.01E+00,1.2146
Membo_1_047-membo_002_.wav,6,301.7578,4.13E+00,36.1328,3.59E+00,1.1499
Membo_1_047-membo_002_.wav,7,349.6299,3.35E+00,22.4609,2.41E+00,1.3914
Membo_1_047-membo_002_.wav,8,395.5078,3.83E+00,36.1328,1.70E+00,2.251
Membo_1_047-membo_002_.wav,9,449.3338,2.14E+00,34.1797,1.21E+00,1.7693
Membo_1_047-membo_002_.wav,10,496.2389,2.22E+00,39.0625,1.30E+00,1.7033
Membo_1_047-membo_003_.wav,1,49.1787,1.78E+02,20.5078,1.64E+01,10.836
Membo_1_047-membo_003_.wav,2,98.0603,2.80E+01,9.7656,1.68E+01,1.6667
Membo_1_047-membo_003_.wav,3,146.8366,1.80E+01,25.3906,8.36E+00,2.1499
Membo_1_047-membo_003_.wav,4,192.3828,1.02E+01,20.5078,4.73E+00,2.1626
Membo_1_047-membo_003_.wav,5,247.0703,4.28E+00,29.2969,2.38E+00,1.7965
Membo_1_047-membo_003_.wav,6,295.8984,3.23E+00,29.2969,1.84E+00,1.7534
Membo_1_047-membo_003_.wav,7,342.5372,5.92E+00,0.9766,1.41E+00,4.2093
Membo_1_047-membo_003_.wav,8,390.8885,1.54E+00,28.3203,1.14E+00,1.3499
Membo_1_047-membo_003_.wav,9,442.3828,2.43E+00,29.2969,1.11E+00,2.1895
Membo_1_047-membo_003_.wav,10,485.3516,2.70E+00,29.2969,1.16E+00,2.3203
Membo_1_047-membo_004_.wav,1,49.1787,1.80E+02,7.8125,2.90E+01,6.2152
Membo_1_047-membo_004_.wav,2,97.5654,3.78E+01,34.5982,2.76E+01,1.3685
Membo_1_047-membo_004_.wav,3,145.0893,1.36E+01,31.25,9.83E+00,1.3809
Membo_1_047-membo_004_.wav,4,199.7768,7.28E+00,35.7143,4.07E+00,1.7871
Membo_1_047-membo_004_.wav,5,244.7746,6.13E+00,30.1339,2.96E+00,2.0682
Membo_1_047-membo_004_.wav,6,292.6925,5.11E+00,15.625,2.79E+00,1.8321
Membo_1_047-membo_004_.wav,7,342.1382,8.94E+00,18.9732,2.03E+00,4.4055
Membo_1_047-membo_004_.wav,8,392.7969,2.30E+00,1.1161,1.23E+00,1.8685
Membo_1_047-membo_004_.wav,9,442.0952,3.08E+00,30.1339,1.24E+00,2.4765
Membo_1_047-membo_004_.wav,10,488.8393,2.16E+00,30.1339,1.18E+00,1.8264
Membo_1_048-membo_000_.wav,1,48.719,2.61E+02,18.5547,4.01E+01,6.5129
Membo_1_048-membo_000_.wav,2,94.7266,6.40E+01,35.1562,4.62E+01,1.3858
Membo_1_048-membo_000_.wav,3,143.5547,4.08E+01,37.1094,2.13E+01,1.9187
Membo_1_048-membo_000_.wav,4,195.0362,1.56E+01,39.0625,8.25E+00,1.8881
Membo_1_048-membo_000_.wav,5,247.0703,7.09E+00,38.0859,4.25E+00,1.6687
Membo_1_048-membo_000_.wav,6,295.8984,7.82E+00,30.2734,3.15E+00,2.4841
Membo_1_048-membo_000_.wav,7,342.6564,8.20E+00,15.625,2.14E+00,3.8273
Membo_1_048-membo_000_.wav,8,390.7906,2.69E+00,28.3203,1.40E+00,1.9224
Membo_1_048-membo_000_.wav,9,438.5929,2.35E+00,34.1797,1.15E+00,2.0467
Membo_1_048-membo_000_.wav,10,485.3516,3.31E+00,22.4609,1.11E+00,2.9722
Membo_1_048-membo_001_.wav,1,49.8805,3.22E+02,11.7188,3.26E+01,9.8805
Membo_1_048-membo_001_.wav,2,99.5772,9.07E+01,29.2969,3.52E+01,2.5748
Membo_1_048-membo_001_.wav,3,150.166,2.13E+01,24.4141,1.81E+01,1.1733
Membo_1_048-membo_001_.wav,4,200.2613,4.13E+01,0.9766,1.17E+01,3.536
Membo_1_048-membo_001_.wav,5,246.0938,1.54E+01,32.2266,7.19E+00,2.137
Membo_1_048-membo_001_.wav,6,295.8984,8.04E+00,32.2266,5.49E+00,1.4655
Membo_1_048-membo_001_.wav,7,348.6931,5.88E+00,21.4844,4.42E+00,1.332
Membo_1_048-membo_001_.wav,8,399.6541,1.21E+01,27.3438,3.95E+00,3.06
Membo_1_048-membo_001_.wav,9,445.3125,4.89E+00,35.1562,4.06E+00,1.2017
Membo_1_048-membo_001_.wav,10,498.0683,6.84E+00,31.25,4.10E+00,1.6664
Membo_1_048-membo_002_.wav,1,49.7954,1.21E+02,16.6016,1.53E+01,7.8985
Membo_1_048-membo_002_.wav,2,99.5965,4.94E+01,39.0625,2.13E+01,2.3215
Membo_1_048-membo_002_.wav,3,152.3438,1.51E+01,38.0859,1.52E+01,0.997
Membo_1_048-membo_002_.wav,4,200.0825,1.45E+01,35.1562,7.66E+00,1.8949
Membo_1_048-membo_002_.wav,5,246.0938,3.06E+00,12.6953,3.69E+00,0.8287
Membo_1_048-membo_002_.wav,6,295.8984,5.15E+00,34.1797,1.66E+00,3.097
Membo_1_048-membo_002_.wav,7,345.7031,1.73E+00,37.1094,9.50E-01,1.8247
Membo_1_048-membo_002_.wav,8,395.5078,3.41E+00,11.7188,7.12E-01,4.7825
Membo_1_048-membo_002_.wav,9,445.3125,1.69E+00,37.1094,6.34E-01,2.6611
Membo_1_048-membo_002_.wav,10,499.9334,9.37E-01,30.2734,5.20E-01,1.8003
Membo_1_048-membo_003_.wav,1,49.4773,1.74E+02,0.9766,2.61E+00,66.5582
Membo_1_048-membo_003_.wav,2,100.176,2.13E+01,0.9766,2.26E+00,9.4229
Membo_1_048-membo_003_.wav,3,146.4844,1.90E+00,38.0859,9.70E-01,1.9565
Membo_1_048-membo_003_.wav,4,200.1116,1.84E+01,0.9766,7.86E-01,23.4575
Membo_1_048-membo_003_.wav,5,246.0938,1.38E+00,34.1797,6.87E-01,2.0158
Membo_1_048-membo_003_.wav,6,295.8984,3.84E+00,25.3906,1.08E+00,3.5499
Membo_1_048-membo_003_.wav,7,345.7031,1.41E+00,9.7656,9.00E-01,1.5692
Membo_1_048-membo_003_.wav,8,395.5078,2.68E+00,0.9766,4.93E-01,5.4331
Membo_1_048-membo_003_.wav,9,445.3125,1.53E+00,6.8359,4.92E-01,3.1206
Membo_1_048-membo_003_.wav,10,495.1172,1.54E+00,1.9531,4.21E-01,3.6601
Membo_1_048-membo_004_.wav,1,49.3806,2.33E+02,0.9766,2.64E+00,88.1187
Membo_1_048-membo_004_.wav,2,99.9018,2.94E+01,0.9766,2.08E+00,14.1471
Membo_1_048-membo_004_.wav,3,148.2472,1.41E+00,38.0859,8.29E-01,1.7002
Membo_1_048-membo_004_.wav,4,200.0793,1.83E+01,0.9766,7.20E-01,25.4114
Membo_1_048-membo_004_.wav,5,247.2254,2.49E+00,26.3672,8.28E-01,3.0126
Membo_1_048-membo_004_.wav,6,296.7744,4.32E+00,18.5547,8.45E-01,5.1143
Membo_1_048-membo_004_.wav,7,345.7031,1.35E+00,34.1797,6.30E-01,2.1385
Membo_1_048-membo_004_.wav,8,395.5078,4.27E+00,0.9766,4.47E-01,9.5538
Membo_1_048-membo_004_.wav,9,445.3125,1.32E+00,16.6016,4.15E-01,3.1737
Membo_1_048-membo_004_.wav,10,500.2557,9.65E-01,3.9062,6.99E-01,1.3802
Membo_2_010-membo_000_.wav,1,49.392,2.41E+02,0.9766,2.00E+00,120.2232
Membo_2_010-membo_000_.wav,2,100.3387,1.13E+01,15.625,2.04E+00,5.5453
Membo_2_010-membo_000_.wav,3,146.4844,1.01E+00,13.6719,1.20E+00,0.843
Membo_2_010-membo_000_.wav,4,200.1198,1.13E+01,0.9766,9.26E-01,12.2122
Membo_2_010-membo_000_.wav,5,247.0842,3.16E+00,30.2734,1.16E+00,2.7266
Membo_2_010-membo_000_.wav,6,296.918,1.10E+01,2.9297,1.15E+00,9.5893
Membo_2_010-membo_000_.wav,7,348.5603,1.90E+00,38.0859,8.43E-01,2.2526
Membo_2_010-membo_000_.wav,8,395.5078,5.65E+00,1.9531,6.54E-01,8.6403
Membo_2_010-membo_000_.wav,9,450.287,7.96E-01,37.1094,6.15E-01,1.2957
Membo_2_010-membo_000_.wav,10,495.1172,1.25E+00,33.2031,5.74E-01,2.1741
Membo_2_010-membo_001_.wav,1,49.361,2.33E+02,0.9766,2.43E+00,95.8964
Membo_2_010-membo_001_.wav,2,100.0836,1.12E+01,15.625,2.01E+00,5.5943
Membo_2_010-membo_001_.wav,3,146.4844,9.99E-01,36.1328,1.06E+00,0.9388
Membo_2_010-membo_001_.wav,4,200.1915,8.44E+00,0.9766,9.25E-01,9.1255
Membo_2_010-membo_001_.wav,5,247.1891,2.28E+00,37.1094,9.06E-01,2.5196
Membo_2_010-membo_001_.wav,6,295.8984,5.84E+00,6.8359,8.09E-01,7.2158
Membo_2_010-membo_001_.wav,7,349.792,1.73E+00,17.5781,6.44E-01,2.6807
Membo_2_010-membo_001_.wav,8,395.5078,6.11E+00,1.9531,5.26E-01,11.6212
Membo_2_010-membo_001_.wav,9,449.9493,9.64E-01,29.2969,6.01E-01,1.6037
Membo_2_010-membo_001_.wav,10,495.1172,2.59E+00,20.5078,6.58E-01,3.9354
Membo_2_010-membo_002_.wav,1,49.2839,2.42E+02,0.9766,2.03E+00,119.094
Membo_2_010-membo_002_.wav,2,99.6859,1.61E+01,1.9531,1.97E+00,8.1711
Membo_2_010-membo_002_.wav,3,145.8277,1.83E+00,37.1094,1.01E+00,1.8156
Membo_2_010-membo_002_.wav,4,198.2422,2.45E+00,0.9766,9.61E-01,2.5523
Membo_2_010-membo_002_.wav,5,247.0703,3.68E+00,9.7656,9.47E-01,3.8895
Membo_2_010-membo_002_.wav,6,295.8984,6.74E+00,4.8828,7.79E-01,8.6541
Membo_2_010-membo_002_.wav,7,343.0712,1.22E+00,36.1328,6.87E-01,1.7718
Membo_2_010-membo_002_.wav,8,393.5547,8.06E-01,0.9766,6.07E-01,1.3276
Membo_2_010-membo_002_.wav,9,439.3881,9.96E-01,37.1094,5.26E-01,1.8949
Membo_2_010-membo_002_.wav,10,491.2109,1.20E+00,21.4844,5.08E-01,2.3586
Membo_2_010-membo_003_.wav,1,49.3606,2.25E+02,0.9766,2.25E+00,100.0365
Membo_2_010-membo_003_.wav,2,99.7919,1.49E+01,15.625,1.76E+00,8.4535
Membo_2_010-membo_003_.wav,3,150.0752,1.05E+00,24.4141,8.69E-01,1.2064
Membo_2_010-membo_003_.wav,4,200.1883,1.10E+01,0.9766,7.95E-01,13.7898
Membo_2_010-membo_003_.wav,5,247.1783,2.34E+00,23.4375,7.66E-01,3.0543
Membo_2_010-membo_003_.wav,6,300.5527,4.97E+00,4.8828,7.60E-01,6.5428
Membo_2_010-membo_003_.wav,7,351.5625,1.59E+00,25.3906,7.12E-01,2.227
Membo_2_010-membo_003_.wav,8,395.5078,5.60E+00,0.9766,5.62E-01,9.9648
Membo_2_010-membo_003_.wav,9,447.7693,8.49E-01,37.1094,5.09E-01,1.6693
Membo_2_010-membo_003_.wav,10,495.1172,1.20E+00,0.9766,5.31E-01,2.2596
Membo_2_010-membo_004_.wav,1,49.2995,2.51E+02,1.1161,1.14E+01,21.9329
Membo_2_010-membo_004_.wav,2,100.3035,1.44E+01,4.4643,7.58E+00,1.9027
Membo_2_010-membo_004_.wav,3,145.9475,5.11E+00,33.4821,2.58E+00,1.9791
Membo_2_010-membo_004_.wav,4,199.7768,8.10E+00,1.1161,8.94E-01,9.0559
Membo_2_010-membo_004_.wav,5,247.3199,1.84E+00,36.8304,8.23E-01,2.2334
Membo_2_010-membo_004_.wav,6,296.6027,6.90E+00,4.4643,8.27E-01,8.3436
Membo_2_010-membo_004_.wav,7,342.3879,7.64E-01,35.7143,6.14E-01,1.2444
Membo_2_010-membo_004_.wav,8,395.3721,4.50E+00,1.1161,4.81E-01,9.3592
Membo_2_010-membo_004_.wav,9,439.7321,4.95E-01,26.7857,4.79E-01,1.0329
Membo_2_010-membo_004_.wav,10,494.4196,2.78E+00,1.1161,4.34E-01,6.4003
Membo_2_011-membo_000_.wav,1,49.3204,2.35E+02,0.9766,2.69E+00,87.3668
Membo_2_011-membo_000_.wav,2,100.2716,1.36E+01,0.9766,2.43E+00,5.5838
Membo_2_011-membo_000_.wav,3,147.2249,1.23E+00,27.3438,9.69E-01,1.2733
Membo_2_011-membo_000_.wav,4,200.1746,8.09E+00,0,6.70E-01,12.065
Membo_2_011-membo_000_.wav,5,247.1475,2.90E+00,34.1797,7.53E-01,3.8553
Membo_2_011-membo_000_.wav,6,299.6135,7.50E+00,21.4844,8.98E-01,8.3497
Membo_2_011-membo_000_.wav,7,351.5625,1.01E+00,36.1328,7.52E-01,1.3415
Membo_2_011-membo_000_.wav,8,395.5078,5.60E+00,0.9766,5.09E-01,11.004
Membo_2_011-membo_000_.wav,9,446.0051,9.35E-01,38.0859,4.90E-01,1.9079
Membo_2_011-membo_000_.wav,10,495.1172,1.01E+00,17.5781,4.68E-01,2.1604
Membo_2_011-membo_001_.wav,1,49.3628,2.18E+02,0.9766,1.05E+01,20.6925
Membo_2_011-membo_001_.wav,2,99.6913,1.50E+01,27.3438,7.01E+00,2.139
Membo_2_011-membo_001_.wav,3,150.643,4.59E+00,28.3203,3.27E+00,1.406
Membo_2_011-membo_001_.wav,4,200.132,1.04E+01,0.9766,1.91E+00,5.451
Membo_2_011-membo_001_.wav,5,247.063,3.22E+00,30.2734,1.15E+00,2.7966
Membo_2_011-membo_001_.wav,6,296.6097,4.70E+00,16.6016,8.34E-01,5.6357
Membo_2_011-membo_001_.wav,7,349.6373,1.99E+00,27.3438,7.56E-01,2.6319
Membo_2_011-membo_001_.wav,8,395.5078,5.89E+00,0.9766,5.93E-01,9.9225
Membo_2_011-membo_001_.wav,9,451.1719,4.73E-01,1.9531,4.27E-01,1.1091
Membo_2_011-membo_001_.wav,10,495.1172,1.22E+00,6.8359,4.09E-01,2.9828
Membo_2_011-membo_002_.wav,1,49.2564,2.54E+02,0.9766,5.11E+00,49.6316
Membo_2_011-membo_002_.wav,2,99.7571,2.03E+01,1.9531,3.40E+00,5.9756
Membo_2_011-membo_002_.wav,3,147.9124,1.83E+00,20.5078,1.26E+00,1.449
Membo_2_011-membo_002_.wav,4,197.0918,2.28E+00,0.9766,8.62E-01,2.6454
Membo_2_011-membo_002_.wav,5,247.0703,2.70E+00,0.9766,8.62E-01,3.1372
Membo_2_011-membo_002_.wav,6,291.7277,4.17E+00,22.4609,8.59E-01,4.8552
Membo_2_011-membo_002_.wav,7,342.4068,1.01E+00,1.9531,6.39E-01,1.5884
Membo_2_011-membo_002_.wav,8,389.4708,1.30E+00,0.9766,5.13E-01,2.53
Membo_2_011-membo_002_.wav,9,438.7461,8.83E-01,39.0625,5.00E-01,1.7663
Membo_2_011-membo_002_.wav,10,489.0891,1.19E+00,0.9766,5.35E-01,2.2155
Membo_2_011-membo_003_.wav,1,49.3782,3.24E+02,0.9766,1.91E+01,16.9065
Membo_2_011-membo_003_.wav,2,99.9611,1.83E+01,10.7422,1.48E+01,1.2349
Membo_2_011-membo_003_.wav,3,146.4844,9.04E+00,38.0859,7.39E+00,1.2227
Membo_2_011-membo_003_.wav,4,200.294,9.77E+00,32.2266,3.08E+00,3.1736
Membo_2_011-membo_003_.wav,5,251.9531,3.87E+00,33.2031,1.82E+00,2.13
Membo_2_011-membo_003_.wav,6,296.6741,8.91E+00,4.8828,1.16E+00,7.6942
Membo_2_011-membo_003_.wav,7,351.5625,1.94E+00,36.1328,6.78E-01,2.8639
Membo_2_011-membo_003_.wav,8,395.5078,6.06E+00,0.9766,5.37E-01,11.2747
Membo_2_011-membo_003_.wav,9,445.3125,8.91E-01,38.0859,4.37E-01,2.0409
Membo_2_011-membo_003_.wav,10,495.1172,1.53E+00,0.9766,3.88E-01,3.9322
Membo_2_011-membo_004_.wav,1,49.2984,2.30E+02,1.1161,3.68E+00,62.3988
Membo_2_011-membo_004_.wav,2,100.0857,1.09E+01,20.0893,2.59E+00,4.1878
Membo_2_011-membo_004_.wav,3,148.0967,1.60E+00,37.9464,9.17E-01,1.7446
Membo_2_011-membo_004_.wav,4,199.7768,8.92E+00,1.1161,9.92E-01,8.9961
Membo_2_011-membo_004_.wav,5,247.234,1.97E+00,34.5982,9.88E-01,1.991
Membo_2_011-membo_004_.wav,6,296.7248,6.17E+00,15.625,7.65E-01,8.0679
Membo_2_011-membo_004_.wav,7,345.3232,1.42E+00,30.1339,7.24E-01,1.9575
Membo_2_011-membo_004_.wav,8,395.2374,4.76E+00,1.1161,5.59E-01,8.5165
Membo_2_011-membo_004_.wav,9,441.9823,5.47E-01,35.7143,4.17E-01,1.3124
Membo_2_011-membo_004_.wav,10,494.4196,1.33E+00,34.5982,4.07E-01,3.2529
Membo_2_013-membo_000_.wav,1,49.4806,2.35E+02,0.9766,4.99E+00,46.9941
Membo_2_013-membo_000_.wav,2,99.6733,1.90E+01,0.9766,3.79E+00,5.0172
Membo_2_013-membo_000_.wav,3,150.5706,2.15E+00,19.5312,1.42E+00,1.5132
Membo_2_013-membo_000_.wav,4,200.2494,1.09E+01,0.9766,9.32E-01,11.6857
Membo_2_013-membo_000_.wav,5,251.9531,2.04E+00,32.2266,9.98E-01,2.0389
Membo_2_013-membo_000_.wav,6,298.5797,1.22E+01,5.8594,1.21E+00,10.142
Membo_2_013-membo_000_.wav,7,350.4254,1.80E+00,36.1328,1.13E+00,1.5949
Membo_2_013-membo_000_.wav,8,395.5078,6.53E+00,0.9766,7.76E-01,8.4083
Membo_2_013-membo_000_.wav,9,450.2212,7.65E-01,27.3438,6.01E-01,1.2736
Membo_2_013-membo_000_.wav,10,499.8982,8.98E-01,35.1562,6.16E-01,1.4559
Membo_2_013-membo_001_.wav,1,49.0029,2.02E+02,4.8828,1.45E+01,13.9315
Membo_2_013-membo_001_.wav,2,96.3736,2.74E+01,29.2969,1.27E+01,2.1547
Membo_2_013-membo_001_.wav,3,146.2517,7.34E+00,39.0625,3.56E+00,2.061
Membo_2_013-membo_001_.wav,4,196.4982,2.25E+00,1.9531,1.57E+00,1.4281
Membo_2_013-membo_001_.wav,5,245.045,2.01E+00,28.3203,1.24E+00,1.624
Membo_2_013-membo_001_.wav,6,295.8984,3.32E+00,0.9766,1.09E+00,3.0545
Membo_2_013-membo_001_.wav,7,341.9521,1.36E+00,31.25,9.32E-01,1.463
Membo_2_013-membo_001_.wav,8,392.4858,1.40E+00,0.9766,6.29E-01,2.2217
Membo_2_013-membo_001_.wav,9,436.5234,1.38E+00,16.6016,5.59E-01,2.4782
Membo_2_013-membo_001_.wav,10,488.4332,1.54E+00,5.8594,6.19E-01,2.4925
Membo_2_013-membo_002_.wav,1,46.7203,3.17E+02,25.3906,4.65E+01,6.8093
Membo_2_013-membo_002_.wav,2,96.6797,1.15E+02,30.2734,5.28E+01,2.1827
Membo_2_013-membo_002_.wav,3,140.1654,3.49E+01,32.2266,2.03E+01,1.7203
Membo_2_013-membo_002_.wav,4,187.0294,1.86E+01,35.1562,1.01E+01,1.8337
Membo_2_013-membo_002_.wav,5,235.0845,8.03E+00,17.5781,5.34E+00,1.5017
Membo_2_013-membo_002_.wav,6,278.3203,6.46E+00,38.0859,3.42E+00,1.8871
Membo_2_013-membo_002_.wav,7,328.9094,3.35E+00,31.25,1.99E+00,1.6816
Membo_2_013-membo_002_.wav,8,373.9434,1.59E+00,39.0625,1.02E+00,1.5492
Membo_2_013-membo_002_.wav,9,418.9453,1.16E+00,35.1562,7.34E-01,1.5753
Membo_2_013-membo_002_.wav,10,466.6011,6.01E-01,38.0859,5.29E-01,1.1376
Membo_2_013-membo_003_.wav,1,49.0105,1.93E+02,0.9766,1.55E+01,12.4784
Membo_2_013-membo_003_.wav,2,95.653,2.51E+01,20.5078,1.10E+01,2.29
Membo_2_013-membo_003_.wav,3,143.5547,5.26E+00,38.0859,3.58E+00,1.4705
Membo_2_013-membo_003_.wav,4,198.2422,2.69E+00,20.5078,1.52E+00,1.7724
Membo_2_013-membo_003_.wav,5,247.0703,1.26E+00,30.2734,1.06E+00,1.191
Membo_2_013-membo_003_.wav,6,295.8984,9.17E+00,12.6953,9.96E-01,9.2058
Membo_2_013-membo_003_.wav,7,344.7266,1.53E+00,39.0625,8.20E-01,1.86
Membo_2_013-membo_003_.wav,8,387.6953,5.45E-01,1.9531,5.60E-01,0.9734
Membo_2_013-membo_003_.wav,9,437.7245,1.26E+00,19.5312,6.39E-01,1.9645
Membo_2_013-membo_003_.wav,10,485.3516,7.58E-01,0.9766,6.34E-01,1.1964
Membo_2_013-membo_004_.wav,1,45.2977,2.27E+02,20.0893,3.63E+01,6.2519
Membo_2_013-membo_004_.wav,2,92.1867,7.38E+01,29.0179,5.87E+01,1.258
Membo_2_013-membo_004_.wav,3,136.0517,5.44E+01,18.9732,3.36E+01,1.6208
Membo_2_013-membo_004_.wav,4,179.6875,1.21E+01,32.3661,1.74E+01,0.6943
Membo_2_013-membo_004_.wav,5,231.0268,1.06E+01,31.25,7.96E+00,1.334
Membo_2_013-membo_004_.wav,6,276.7489,8.39E+00,37.9464,4.61E+00,1.8196
Membo_2_013-membo_004_.wav,7,321.9073,4.44E+00,39.0625,2.87E+00,1.5501
Membo_2_013-membo_004_.wav,8,367.2545,1.66E+00,35.7143,1.45E+00,1.1476
Membo_2_013-membo_004_.wav,9,408.4821,7.47E-01,4.4643,9.31E-01,0.8018
Membo_2_013-membo_004_.wav,10,456.5721,7.88E-01,32.3661,7.16E-01,1.1004
Membo_2_014-membo_000_.wav,1,47.1106,2.19E+02,22.4609,4.00E+01,5.47
Membo_2_014-membo_000_.wav,2,90.8203,4.47E+01,18.5547,3.42E+01,1.3065
Membo_2_014-membo_000_.wav,3,143.5547,3.16E+01,25.3906,1.99E+01,1.5834
Membo_2_014-membo_000_.wav,4,190.4297,2.26E+01,29.2969,1.12E+01,2.0232
Membo_2_014-membo_000_.wav,5,234.8449,7.21E+00,34.1797,7.03E+00,1.0264
Membo_2_014-membo_000_.wav,6,279.7274,7.09E+00,32.2266,5.35E+00,1.3234
Membo_2_014-membo_000_.wav,7,325.1953,5.50E+00,24.4141,3.14E+00,1.7492
Membo_2_014-membo_000_.wav,8,372.0703,3.22E+00,39.0625,2.35E+00,1.3693
Membo_2_014-membo_000_.wav,9,421.3304,2.76E+00,38.0859,1.60E+00,1.7262
Membo_2_014-membo_000_.wav,10,467.1091,1.66E+00,38.0859,1.07E+00,1.5506
Membo_2_014-membo_001_.wav,1,45.3251,2.06E+02,24.4141,4.26E+01,4.8346
Membo_2_014-membo_001_.wav,2,89.345,6.86E+01,37.1094,5.84E+01,1.1759
Membo_2_014-membo_001_.wav,3,134.4691,4.74E+01,4.8828,3.39E+01,1.3999
Membo_2_014-membo_001_.wav,4,176.7578,3.91E+01,30.2734,1.76E+01,2.2186
Membo_2_014-membo_001_.wav,5,221.6797,8.52E+00,38.0859,1.24E+01,0.6888
Membo_2_014-membo_001_.wav,6,269.4776,1.20E+01,37.1094,9.87E+00,1.2166
Membo_2_014-membo_001_.wav,7,311.5234,1.25E+01,36.1328,5.46E+00,2.2863
Membo_2_014-membo_001_.wav,8,356.4453,5.93E+00,29.2969,3.42E+00,1.7345
Membo_2_014-membo_001_.wav,9,402.5635,1.39E+00,0.9766,1.75E+00,0.7937
Membo_2_014-membo_001_.wav,10,446.2891,1.76E+00,36.1328,9.65E-01,1.8233
Membo_2_014-membo_002_.wav,1,49.5772,2.54E+02,0.9766,1.35E+01,18.8803
Membo_2_014-membo_002_.wav,2,97.6969,2.96E+01,34.1797,1.41E+01,2.1017
Membo_2_014-membo_002_.wav,3,146.4844,1.26E+01,19.5312,7.44E+00,1.6899
Membo_2_014-membo_002_.wav,4,200.1414,6.25E+00,39.0625,3.65E+00,1.7123
Membo_2_014-membo_002_.wav,5,246.6553,2.98E+00,37.1094,2.32E+00,1.2867
Membo_2_014-membo_002_.wav,6,295.8984,7.95E+00,0.9766,1.58E+00,5.0214
Membo_2_014-membo_002_.wav,7,350.4041,2.74E+00,33.2031,1.02E+00,2.6891
Membo_2_014-membo_002_.wav,8,395.5078,5.60E+00,4.8828,7.85E-01,7.1404
Membo_2_014-membo_002_.wav,9,451.1719,1.17E+00,35.1562,6.90E-01,1.6964
Membo_2_014-membo_002_.wav,10,495.1172,1.71E+00,37.1094,6.95E-01,2.4551
Membo_2_014-membo_003_.wav,1,49.4699,2.32E+02,4.8828,1.32E+01,17.5891
Membo_2_014-membo_003_.wav,2,96.6797,1.08E+01,8.7891,1.04E+01,1.0418
Membo_2_014-membo_003_.wav,3,146.4844,4.50E+00,35.1562,2.74E+00,1.6406
Membo_2_014-membo_003_.wav,4,200.1129,1.17E+01,0.9766,1.07E+00,10.992
Membo_2_014-membo_003_.wav,5,247.0024,2.92E+00,38.0859,9.68E-01,3.0165
Membo_2_014-membo_003_.wav,6,296.4523,9.72E+00,0.9766,1.07E+00,9.0724
Membo_2_014-membo_003_.wav,7,351.0024,1.10E+00,37.1094,7.30E-01,1.5073
Membo_2_014-membo_003_.wav,8,395.5078,4.67E+00,0.9766,5.97E-01,7.8177
Membo_2_014-membo_003_.wav,9,445.3125,1.03E+00,29.2969,5.33E-01,1.9361
Membo_2_014-membo_003_.wav,10,495.1172,1.19E+00,29.2969,5.18E-01,2.2909
Membo_2_014-membo_004_.wav,1,49.466,3.02E+02,22.3214,4.42E+01,6.824
Membo_2_014-membo_004_.wav,2,94.8661,8.54E+01,5.5804,4.86E+01,1.7589
Membo_2_014-membo_004_.wav,3,150.6696,2.66E+01,35.7143,1.70E+01,1.5696
Membo_2_014-membo_004_.wav,4,199.7768,1.61E+01,33.4821,8.74E+00,1.8448
Membo_2_014-membo_004_.wav,5,243.3036,6.12E+00,37.9464,4.58E+00,1.3362
Membo_2_014-membo_004_.wav,6,295.9956,4.39E+00,39.0625,2.15E+00,2.0433
Membo_2_014-membo_004_.wav,7,340.4018,2.36E+00,36.8304,1.70E+00,1.3893
Membo_2_014-membo_004_.wav,8,395.6006,4.16E+00,13.3929,9.33E-01,4.4579
Membo_2_014-membo_004_.wav,9,442.7758,1.02E+00,31.25,5.40E-01,1.883
Membo_2_014-membo_004_.wav,10,494.4196,1.99E+00,24.5536,4.74E-01,4.1966
Membo_2_015-membo_000_.wav,1,49.6605,2.44E+02,19.5312,3.15E+01,7.7395
Membo_2_015-membo_000_.wav,2,98.2141,3.80E+01,19.5312,2.46E+01,1.5487
Membo_2_015-membo_000_.wav,3,152.3438,1.63E+01,26.3672,7.41E+00,2.2014
Membo_2_015-membo_000_.wav,4,200.1386,6.34E+00,26.3672,3.83E+00,1.6554
Membo_2_015-membo_000_.wav,5,247.0676,3.10E+00,39.0625,2.43E+00,1.2748
Membo_2_015-membo_000_.wav,6,299.8378,4.36E+00,33.2031,1.49E+00,2.9198
Membo_2_015-membo_000_.wav,7,346.4055,1.39E+00,15.625,1.00E+00,1.3806
Membo_2_015-membo_000_.wav,8,395.5078,5.69E+00,0.9766,7.46E-01,7.6281
Membo_2_015-membo_000_.wav,9,450.4685,1.27E+00,37.1094,6.21E-01,2.0505
Membo_2_015-membo_000_.wav,10,495.1172,1.04E+00,20.5078,5.99E-01,1.7337
Membo_2_015-membo_001_.wav,1,49.6539,1.53E+02,8.7891,1.41E+01,10.8195
Membo_2_015-membo_001_.wav,2,98.1823,2.38E+01,12.6953,1.39E+01,1.71
Membo_2_015-membo_001_.wav,3,149.1484,7.96E+00,30.2734,6.33E+00,1.2584
Membo_2_015-membo_001_.wav,4,200.278,8.17E+00,31.25,2.77E+00,2.9518
Membo_2_015-membo_001_.wav,5,248.8911,3.03E+00,37.1094,1.71E+00,1.7732
Membo_2_015-membo_001_.wav,6,296.6491,6.37E+00,30.2734,1.34E+00,4.7424
Membo_2_015-membo_001_.wav,7,351.5625,1.78E+00,28.3203,1.02E+00,1.7429
Membo_2_015-membo_001_.wav,8,395.5078,6.00E+00,0.9766,7.92E-01,7.568
Membo_2_015-membo_001_.wav,9,445.3125,1.30E+00,33.2031,6.75E-01,1.9321
Membo_2_015-membo_001_.wav,10,495.1172,1.36E+00,25.3906,6.45E-01,2.1144
Membo_2_015-membo_002_.wav,1,55.9674,2.96E+02,22.4609,6.20E+01,4.7738
Membo_2_015-membo_002_.wav,2,110.4526,5.77E+01,35.1562,4.04E+01,1.4291
Membo_2_015-membo_002_.wav,3,165.8491,3.33E+01,36.1328,1.72E+01,1.9414
Membo_2_015-membo_002_.wav,4,225.5859,6.61E+00,37.1094,8.29E+00,0.7971
Membo_2_015-membo_002_.wav,5,281.25,6.61E+00,35.1562,4.95E+00,1.3356
Membo_2_015-membo_002_.wav,6,331.0547,2.51E+00,36.1328,2.13E+00,1.1816
Membo_2_015-membo_002_.wav,7,387.7824,1.59E+00,15.625,1.25E+00,1.2749
Membo_2_015-membo_002_.wav,8,445.1344,1.08E+00,35.1562,7.23E-01,1.4892
Membo_2_015-membo_002_.wav,9,501.2204,1.04E+00,32.2266,9.98E-01,1.041
Membo_2_015-membo_002_.wav,10,558.5592,5.85E+00,25.3906,3.40E+00,1.7224
Membo_2_015-membo_003_.wav,1,49.6227,2.02E+02,0.9766,1.67E+01,12.0896
Membo_2_015-membo_003_.wav,2,98.9597,3.52E+01,20.5078,1.21E+01,2.9068
Membo_2_015-membo_003_.wav,3,152.3438,5.69E+00,37.1094,3.25E+00,1.7485
Membo_2_015-membo_003_.wav,4,200.3222,9.87E+00,14.6484,1.84E+00,5.3681
Membo_2_015-membo_003_.wav,5,249.2056,1.61E+00,38.0859,1.29E+00,1.2441
Membo_2_015-membo_003_.wav,6,296.5361,9.15E+00,0.9766,1.14E+00,8.0495
Membo_2_015-membo_003_.wav,7,345.7031,1.39E+00,2.9297,7.69E-01,1.8046
Membo_2_015-membo_003_.wav,8,395.5078,4.05E+00,0.9766,4.80E-01,8.4392
Membo_2_015-membo_003_.wav,9,449.3801,2.12E+00,8.7891,5.49E-01,3.8627
Membo_2_015-membo_003_.wav,10,500.9766,1.01E+00,30.2734,5.63E-01,1.7878
Membo_2_015-membo_004_.wav,1,49.3796,1.47E+02,1.1161,4.53E+00,32.4082
Membo_2_015-membo_004_.wav,2,100.1347,1.11E+01,20.0893,3.28E+00,3.3923
Membo_2_015-membo_004_.wav,3,145.0893,1.39E+00,13.3929,1.16E+00,1.1935
Membo_2_015-membo_004_.wav,4,199.7768,7.56E+00,1.1161,7.78E-01,9.7235
Membo_2_015-membo_004_.wav,5,246.9863,2.17E+00,12.2768,5.60E-01,3.8805
Membo_2_015-membo_004_.wav,6,296.3916,6.00E+00,12.2768,8.37E-01,7.1649
Membo_2_015-membo_004_.wav,7,341.2218,1.35E+00,13.3929,7.47E-01,1.8066
Membo_2_015-membo_004_.wav,8,395.3281,4.96E+00,1.1161,5.11E-01,9.7029
Membo_2_015-membo_004_.wav,9,445.3125,1.02E+00,34.5982,4.53E-01,2.2543
Membo_2_015-membo_004_.wav,10,494.4196,1.18E+00,27.9018,4.64E-01,2.5473
Membo_2_016-membo_000_.wav,1,49.8756,2.72E+02,18.5547,3.32E+01,8.199
Membo_2_016-membo_000_.wav,2,96.6797,3.40E+01,11.7188,2.41E+01,1.4113
Membo_2_016-membo_000_.wav,3,146.4844,2.00E+01,39.0625,1.10E+01,1.8095
Membo_2_016-membo_000_.wav,4,200.1,1.23E+01,16.6016,4.58E+00,2.6906
Membo_2_016-membo_000_.wav,5,247.2567,2.38E+00,27.3438,2.10E+00,1.133
Membo_2_016-membo_000_.wav,6,296.6788,6.25E+00,20.5078,1.51E+00,4.1551
Membo_2_016-membo_000_.wav,7,345.7031,1.16E+00,1.9531,8.86E-01,1.3076
Membo_2_016-membo_000_.wav,8,395.5078,4.94E+00,0.9766,5.54E-01,8.9092
Membo_2_016-membo_000_.wav,9,445.3125,7.19E-01,37.1094,4.50E-01,1.5985
Membo_2_016-membo_000_.wav,10,495.1172,1.03E+00,8.7891,5.84E-01,1.7711
Membo_2_016-membo_001_.wav,1,49.6631,1.91E+02,0.9766,3.77E+00,50.7135
Membo_2_016-membo_001_.wav,2,100.0083,1.23E+01,20.5078,2.81E+00,4.3967
Membo_2_016-membo_001_.wav,3,152.3438,2.59E+00,30.2734,1.09E+00,2.3715
Membo_2_016-membo_001_.wav,4,200.1336,1.11E+01,0.9766,8.35E-01,13.2367
Membo_2_016-membo_001_.wav,5,247.3593,1.91E+00,37.1094,8.49E-01,2.2454
Membo_2_016-membo_001_.wav,6,296.5384,8.90E+00,9.7656,1.01E+00,8.8571
Membo_2_016-membo_001_.wav,7,349.6702,1.69E+00,25.3906,6.78E-01,2.4985
Membo_2_016-membo_001_.wav,8,395.5078,5.42E+00,0.9766,4.70E-01,11.5271
Membo_2_016-membo_001_.wav,9,445.3125,8.79E-01,34.1797,4.55E-01,1.9333
Membo_2_016-membo_001_.wav,10,495.1172,1.06E+00,15.625,4.60E-01,2.3126
Membo_2_016-membo_002_.wav,1,49.4912,1.76E+02,0.9766,4.47E+00,39.3598
Membo_2_016-membo_002_.wav,2,99.8057,2.04E+01,19.5312,3.53E+00,5.7879
Membo_2_016-membo_002_.wav,3,151.6551,3.13E+00,26.3672,1.70E+00,1.8391
Membo_2_016-membo_002_.wav,4,200.0455,7.46E+00,0.9766,9.58E-01,7.7859
Membo_2_016-membo_002_.wav,5,247.4449,3.13E+00,19.5312,1.37E+00,2.2911
Membo_2_016-membo_002_.wav,6,296.6038,1.27E+01,15.625,1.49E+00,8.5201
Membo_2_016-membo_002_.wav,7,345.7031,8.02E-01,37.1094,6.01E-01,1.3336
Membo_2_016-membo_002_.wav,8,395.5078,6.33E+00,0.9766,5.32E-01,11.8943
Membo_2_016-membo_002_.wav,9,447.0549,7.84E-01,36.1328,5.51E-01,1.4236
Membo_2_016-membo_002_.wav,10,500.9766,1.83E+00,14.6484,1.74E+00,1.0557
Membo_2_016-membo_003_.wav,1,49.5662,1.85E+02,0.9766,3.00E+00,61.6064
Membo_2_016-membo_003_.wav,2,100.1106,1.53E+01,1.9531,2.42E+00,6.3018
Membo_2_016-membo_003_.wav,3,147.6898,2.49E+00,38.0859,1.11E+00,2.2489
Membo_2_016-membo_003_.wav,4,200.2217,9.05E+00,1.9531,7.92E-01,11.4253
Membo_2_016-membo_003_.wav,5,247.1935,3.12E+00,0.9766,7.47E-01,4.1701
Membo_2_016-membo_003_.wav,6,296.4883,6.96E+00,12.6953,1.10E+00,6.3515
Membo_2_016-membo_003_.wav,7,345.7031,1.19E+00,27.3438,8.60E-01,1.379
Membo_2_016-membo_003_.wav,8,395.5078,6.21E+00,0.9766,5.14E-01,12.0899
Membo_2_016-membo_003_.wav,9,451.1719,6.05E-01,36.1328,4.73E-01,1.2783
Membo_2_016-membo_003_.wav,10,495.1172,1.59E+00,0.9766,4.85E-01,3.2761
Membo_2_016-membo_004_.wav,1,49.5612,2.16E+02,0.9766,2.79E+00,77.5695
Membo_2_016-membo_004_.wav,2,100.3283,1.30E+01,0.9766,2.61E+00,4.9648
Membo_2_016-membo_004_.wav,3,152.3438,1.59E+00,28.3203,1.05E+00,1.5161
Membo_2_016-membo_004_.wav,4,200.1742,8.79E+00,0.9766,7.98E-01,11.0113
Membo_2_016-membo_004_.wav,5,247.1486,2.62E+00,10.7422,7.38E-01,3.5512
Membo_2_016-membo_004_.wav,6,296.3898,8.50E+00,14.6484,8.69E-01,9.7776
Membo_2_016-membo_004_.wav,7,347.691,1.42E+00,36.1328,8.50E-01,1.667
Membo_2_016-membo_004_.wav,8,395.5078,5.40E+00,0.9766,5.42E-01,9.9663
Membo_2_016-membo_004_.wav,9,450.3075,1.39E+00,29.2969,4.63E-01,3.0033
Membo_2_016-membo_004_.wav,10,500.9766,1.65E+00,7.8125,5.17E-01,3.2024
Membo_2_017-membo_000_.wav,1,49.6708,2.02E+02,0.9766,2.21E+00,91.4303
Membo_2_017-membo_000_.wav,2,99.9152,1.76E+01,1.9531,1.98E+00,8.8846
Membo_2_017-membo_000_.wav,3,146.4844,1.77E+00,39.0625,1.29E+00,1.3735
Membo_2_017-membo_000_.wav,4,200.1736,1.02E+01,0.9766,9.69E-01,10.4938
Membo_2_017-membo_000_.wav,5,246.8026,2.66E+00,21.4844,8.85E-01,2.9994
Membo_2_017-membo_000_.wav,6,295.8984,1.38E+01,3.9062,9.27E-01,14.8906
Membo_2_017-membo_000_.wav,7,345.7031,1.85E+00,30.2734,8.27E-01,2.2347
Membo_2_017-membo_000_.wav,8,395.5078,5.75E+00,0.9766,5.70E-01,10.0864
Membo_2_017-membo_000_.wav,9,447.3642,1.06E+00,39.0625,5.11E-01,2.0845
Membo_2_017-membo_000_.wav,10,495.1172,1.75E+00,1.9531,5.41E-01,3.2304
Membo_2_017-membo_001_.wav,1,49.585,2.03E+02,0.9766,2.19E+00,92.8046
Membo_2_017-membo_001_.wav,2,99.7666,1.86E+01,1.9531,1.92E+00,9.7105
Membo_2_017-membo_001_.wav,3,146.4844,1.61E+00,19.5312,9.53E-01,1.6841
Membo_2_017-membo_001_.wav,4,200.1896,1.01E+01,0,9.11E-01,11.0574
Membo_2_017-membo_001_.wav,5,247.2588,2.22E+00,35.1562,8.66E-01,2.5624
Membo_2_017-membo_001_.wav,6,300.279,7.85E+00,15.625,9.31E-01,8.4378
Membo_2_017-membo_001_.wav,7,350.4632,1.02E+00,39.0625,7.89E-01,1.2968
Membo_2_017-membo_001_.wav,8,395.5078,6.29E+00,0.9766,4.72E-01,13.3214
Membo_2_017-membo_001_.wav,9,446.7307,6.41E-01,37.1094,4.60E-01,1.3915
Membo_2_017-membo_001_.wav,10,495.1172,1.21E+00,0.9766,4.81E-01,2.5083
Membo_2_017-membo_002_.wav,1,49.5302,1.99E+02,0.9766,2.57E+00,77.5705
Membo_2_017-membo_002_.wav,2,100.2111,1.45E+01,0.9766,1.79E+00,8.0898
Membo_2_017-membo_002_.wav,3,150.303,1.97E+00,31.25,1.09E+00,1.8013
Membo_2_017-membo_002_.wav,4,200.2036,8.29E+00,0.9766,8.00E-01,10.3531
Membo_2_017-membo_002_.wav,5,246.9938,2.93E+00,0.9766,7.22E-01,4.0585
Membo_2_017-membo_002_.wav,6,296.5121,7.96E+00,8.7891,7.52E-01,10.5937
Membo_2_017-membo_002_.wav,7,345.7031,1.62E+00,36.1328,6.77E-01,2.3924
Membo_2_017-membo_002_.wav,8,395.5078,6.11E+00,0.9766,4.53E-01,13.4921
Membo_2_017-membo_002_.wav,9,447.5187,7.39E-01,36.1328,4.40E-01,1.6781
Membo_2_017-membo_002_.wav,10,495.1172,1.10E+00,0.9766,4.80E-01,2.2816
Membo_2_017-membo_003_.wav,1,49.5617,2.14E+02,0.9766,2.48E+00,86.2888
Membo_2_017-membo_003_.wav,2,100.4245,1.38E+01,13.6719,1.86E+00,7.4353
Membo_2_017-membo_003_.wav,3,148.3157,1.31E+00,37.1094,9.54E-01,1.3757
Membo_2_017-membo_003_.wav,4,200.1932,9.75E+00,1.9531,8.07E-01,12.0836
Membo_2_017-membo_003_.wav,5,247.0271,2.61E+00,1.9531,6.79E-01,3.8448
Membo_2_017-membo_003_.wav,6,296.6196,8.65E+00,8.7891,6.83E-01,12.6607
Membo_2_017-membo_003_.wav,7,351.5625,1.82E+00,19.5312,6.02E-01,3.0235
Membo_2_017-membo_003_.wav,8,395.5078,6.59E+00,0.9766,5.06E-01,13.0339
Membo_2_017-membo_003_.wav,9,450.2422,1.18E+00,30.2734,5.28E-01,2.2299
Membo_2_017-membo_003_.wav,10,495.1172,1.98E+00,1.9531,5.54E-01,3.5776
Membo_2_017-membo_004_.wav,1,49.6796,1.62E+02,1.1161,3.50E+00,46.2722
Membo_2_017-membo_004_.wav,2,100.0821,1.38E+01,16.7411,2.81E+00,4.9127
Membo_2_017-membo_004_.wav,3,151.929,2.30E+00,32.3661,1.07E+00,2.1437
Membo_2_017-membo_004_.wav,4,200.0553,8.28E+00,1.1161,9.23E-01,8.9729
Membo_2_017-membo_004_.wav,5,247.7679,1.25E+00,37.9464,7.78E-01,1.5999
Membo_2_017-membo_004_.wav,6,297.9911,4.45E+00,2.2321,7.55E-01,5.898
Membo_2_017-membo_004_.wav,7,348.2143,1.05E+00,20.0893,6.35E-01,1.6554
Membo_2_017-membo_004_.wav,8,399.2158,1.25E+00,1.1161,4.45E-01,2.8107
Membo_2_017-membo_004_.wav,9,454.2411,5.30E-01,31.25,4.66E-01,1.1366
Membo_2_017-membo_004_.wav,10,504.4643,6.08E-01,1.1161,5.39E-01,1.1285
Membo_2_018-membo_000_.wav,1,49.6186,2.12E+02,0.9766,4.12E+00,51.5341
Membo_2_018-membo_000_.wav,2,99.6548,1.70E+01,12.6953,3.73E+00,4.5399
Membo_2_018-membo_000_.wav,3,148.357,1.78E+00,16.6016,1.49E+00,1.1977
Membo_2_018-membo_000_.wav,4,200.002,8.26E+00,0.9766,9.27E-01,8.9049
Membo_2_018-membo_000_.wav,5,247.1053,2.45E+00,35.1562,8.30E-01,2.9519
Membo_2_018-membo_000_.wav,6,295.8984,5.44E+00,19.5312,8.30E-01,6.5553
Membo_2_018-membo_000_.wav,7,349.8103,1.94E+00,31.25,6.67E-01,2.9097
Membo_2_018-membo_000_.wav,8,395.5078,5.88E+00,0.9766,4.94E-01,11.8879
Membo_2_018-membo_000_.wav,9,450.2733,1.07E+00,31.25,4.06E-01,2.6325
Membo_2_018-membo_000_.wav,10,495.1172,2.17E+00,1.9531,4.50E-01,4.8121
Membo_2_018-membo_001_.wav,1,49.5641,1.96E+02,0.9766,4.77E+00,41.1615
Membo_2_018-membo_001_.wav,2,99.8259,1.72E+01,13.6719,3.09E+00,5.5693
Membo_2_018-membo_001_.wav,3,148.3392,1.88E+00,19.5312,1.16E+00,1.6121
Membo_2_018-membo_001_.wav,4,200.1074,7.56E+00,0.9766,8.78E-01,8.6053
Membo_2_018-membo_001_.wav,5,246.9146,2.18E+00,25.3906,7.53E-01,2.8957
Membo_2_018-membo_001_.wav,6,301.7578,6.42E+00,6.8359,9.05E-01,7.0937
Membo_2_018-membo_001_.wav,7,350.7547,1.24E+00,38.0859,8.84E-01,1.405
Membo_2_018-membo_001_.wav,8,395.5078,5.61E+00,0.9766,6.10E-01,9.1916
Membo_2_018-membo_001_.wav,9,451.1719,8.50E-01,34.1797,5.52E-01,1.5394
Membo_2_018-membo_001_.wav,10,495.1172,7.42E-01,14.6484,5.24E-01,1.4168
Membo_2_018-membo_002_.wav,1,49.5734,1.93E+02,0.9766,4.62E+00,41.7957
Membo_2_018-membo_002_.wav,2,100.5623,1.61E+01,33.2031,4.79E+00,3.372
Membo_2_018-membo_002_.wav,3,147.8957,2.61E+00,35.1562,2.37E+00,1.1038
Membo_2_018-membo_002_.wav,4,200.1507,1.15E+01,0,1.16E+00,9.931
Membo_2_018-membo_002_.wav,5,247.1945,2.47E+00,25.3906,9.36E-01,2.6383
Membo_2_018-membo_002_.wav,6,296.9042,6.08E+00,6.8359,1.00E+00,6.0556
Membo_2_018-membo_002_.wav,7,350.8958,1.30E+00,34.1797,6.76E-01,1.92
Membo_2_018-membo_002_.wav,8,395.5078,5.70E+00,1.9531,5.00E-01,11.4183
Membo_2_018-membo_002_.wav,9,445.3125,8.56E-01,26.3672,5.72E-01,1.4975
Membo_2_018-membo_002_.wav,10,495.1172,2.14E+00,0.9766,4.97E-01,4.3021
Membo_2_018-membo_003_.wav,1,49.7154,1.99E+02,0.9766,4.40E+00,45.3284
Membo_2_018-membo_003_.wav,2,99.9086,1.64E+01,14.6484,3.22E+00,5.0836
Membo_2_018-membo_003_.wav,3,147.2356,1.91E+00,33.2031,1.40E+00,1.3631
Membo_2_018-membo_003_.wav,4,200.0632,1.04E+01,0.9766,8.23E-01,12.6797
Membo_2_018-membo_003_.wav,5,246.7338,1.61E+00,34.1797,7.77E-01,2.0658
Membo_2_018-membo_003_.wav,6,296.4294,6.03E+00,23.4375,1.02E+00,5.9301
Membo_2_018-membo_003_.wav,7,345.7031,1.66E+00,38.0859,1.01E+00,1.6484
Membo_2_018-membo_003_.wav,8,395.5078,5.84E+00,0.9766,6.21E-01,9.4123
Membo_2_018-membo_003_.wav,9,447.6389,8.74E-01,39.0625,4.76E-01,1.835
Membo_2_018-membo_003_.wav,10,495.1172,1.82E+00,1.9531,5.89E-01,3.0867
Membo_2_018-membo_004_.wav,1,49.6188,1.43E+02,1.1161,2.19E+00,65.1645
Membo_2_018-membo_004_.wav,2,99.7397,1.66E+01,1.1161,1.89E+00,8.7812
Membo_2_018-membo_004_.wav,3,148.1232,6.12E-01,39.0625,7.89E-01,0.7751
Membo_2_018-membo_004_.wav,4,199.7768,9.25E+00,1.1161,6.75E-01,13.7091
Membo_2_018-membo_004_.wav,5,246.8043,1.77E+00,23.4375,6.53E-01,2.7115
Membo_2_018-membo_004_.wav,6,296.2949,4.61E+00,8.9286,7.20E-01,6.4077
Membo_2_018-membo_004_.wav,7,345.3235,1.24E+00,32.3661,6.60E-01,1.8838
Membo_2_018-membo_004_.wav,8,395.3164,4.63E+00,1.1161,4.37E-01,10.5972
Membo_2_018-membo_004_.wav,9,445.3125,8.45E-01,32.3661,3.83E-01,2.2043
Membo_2_018-membo_004_.wav,10,494.4196,2.40E+00,14.5089,3.83E-01,6.2677
Membo_2_019-membo_000_.wav,1,45.79,2.31E+02,24.4141,3.59E+01,6.4256
Membo_2_019-membo_000_.wav,2,91.2228,6.38E+01,39.0625,5.27E+01,1.2102
Membo_2_019-membo_000_.wav,3,137.8003,3.89E+01,38.0859,3.22E+01,1.2092
Membo_2_019-membo_000_.wav,4,181.2259,3.36E+01,31.25,2.02E+01,1.6681
Membo_2_019-membo_000_.wav,5,226.5625,1.36E+01,37.1094,1.35E+01,1.0073
Membo_2_019-membo_000_.wav,6,273.2913,1.27E+01,39.0625,1.14E+01,1.1149
Membo_2_019-membo_000_.wav,7,324.2188,1.26E+01,34.1797,9.35E+00,1.3477
Membo_2_019-membo_000_.wav,8,364.2578,8.04E+00,35.1562,6.77E+00,1.189
Membo_2_019-membo_000_.wav,9,413.7947,3.03E+00,13.6719,3.30E+00,0.9172
Membo_2_019-membo_000_.wav,10,456.0547,3.90E+00,34.1797,2.42E+00,1.6106
Membo_2_019-membo_001_.wav,1,49.5299,2.27E+02,0.9766,5.33E+00,42.5506
Membo_2_019-membo_001_.wav,2,100.3174,1.34E+01,19.5312,3.41E+00,3.9369
Membo_2_019-membo_001_.wav,3,149.2694,1.61E+00,29.2969,1.27E+00,1.271
Membo_2_019-membo_001_.wav,4,200.1407,1.02E+01,0.9766,8.39E-01,12.1129
Membo_2_019-membo_001_.wav,5,247.3398,2.30E+00,28.3203,6.15E-01,3.7326
Membo_2_019-membo_001_.wav,6,296.5618,5.85E+00,15.625,1.03E+00,5.709
Membo_2_019-membo_001_.wav,7,349.4028,1.23E+00,34.1797,8.70E-01,1.4199
Membo_2_019-membo_001_.wav,8,395.5078,4.93E+00,0.9766,4.66E-01,10.5713
Membo_2_019-membo_001_.wav,9,446.4534,4.96E-01,35.1562,4.02E-01,1.233
Membo_2_019-membo_001_.wav,10,495.1172,1.52E+00,1.9531,4.09E-01,3.7314
Membo_2_019-membo_002_.wav,1,49.1232,3.06E+02,15.625,4.76E+01,6.4273
Membo_2_019-membo_002_.wav,2,100.5859,8.88E+01,21.4844,5.42E+01,1.6382
Membo_2_019-membo_002_.wav,3,144.1768,6.09E+01,39.0625,4.04E+01,1.5084
Membo_2_019-membo_002_.wav,4,195.2196,1.95E+01,13.6719,3.03E+01,0.6436
Membo_2_019-membo_002_.wav,5,241.2109,3.04E+01,24.4141,1.73E+01,1.7626
Membo_2_019-membo_002_.wav,6,292.9336,1.99E+01,28.3203,1.21E+01,1.6459
Membo_2_019-membo_002_.wav,7,338.8672,9.20E+00,14.6484,7.34E+00,1.2531
Membo_2_019-membo_002_.wav,8,389.0189,8.77E+00,23.4375,3.78E+00,2.3227
Membo_2_019-membo_002_.wav,9,438.8337,2.62E+00,39.0625,2.01E+00,1.3002
Membo_2_019-membo_002_.wav,10,485.3516,9.26E-01,38.0859,1.63E+00,0.5674
Membo_2_019-membo_003_.wav,1,76.3688,3.49E+02,28.3203,7.11E+01,4.9091
Membo_2_019-membo_003_.wav,2,153.4494,7.96E+01,22.4609,2.95E+01,2.6965
Membo_2_019-membo_003_.wav,3,231.4453,1.43E+01,27.3438,1.61E+01,0.8894
Membo_2_019-membo_003_.wav,4,304.6569,1.67E+01,39.0625,1.12E+01,1.4879
Membo_2_019-membo_003_.wav,5,380.8854,1.33E+01,38.0859,8.01E+00,1.6619
Membo_2_019-membo_003_.wav,6,458.0254,3.05E+00,39.0625,2.64E+00,1.1579
Membo_2_019-membo_003_.wav,7,534.2093,3.02E+00,38.0859,2.92E+00,1.0345
Membo_2_019-membo_003_.wav,8,609.1732,9.07E+00,28.3203,4.22E+00,2.152
Membo_2_019-membo_003_.wav,9,683.2011,1.74E+00,4.8828,1.42E+00,1.2243
Membo_2_019-membo_003_.wav,10,764.0378,1.66E+00,34.1797,8.56E-01,1.9444
Membo_2_019-membo_004_.wav,1,49.4417,1.62E+02,5.5804,1.26E+01,12.9421
Membo_2_019-membo_004_.wav,2,100.3188,2.45E+01,30.1339,1.06E+01,2.3162
Membo_2_019-membo_004_.wav,3,145.9429,6.93E+00,20.0893,3.80E+00,1.8258
Membo_2_019-membo_004_.wav,4,199.7768,8.43E+00,1.1161,1.21E+00,6.9583
Membo_2_019-membo_004_.wav,5,248.8839,1.25E+00,36.8304,7.38E-01,1.6914
Membo_2_019-membo_004_.wav,6,296.6991,6.95E+00,12.2768,7.18E-01,9.6898
Membo_2_019-membo_004_.wav,7,341.9593,8.08E-01,3.3482,5.64E-01,1.433
Membo_2_019-membo_004_.wav,8,395.3246,4.46E+00,1.1161,3.99E-01,11.1763
Membo_2_019-membo_004_.wav,9,445.3125,7.39E-01,2.2321,3.72E-01,1.9844
Membo_2_019-membo_004_.wav,10,494.4196,1.74E+00,1.1161,3.52E-01,4.9476
Membo_2_020-membo_000_.wav,1,49.6872,2.25E+02,0.9766,1.10E+01,20.3294
Membo_2_020-membo_000_.wav,2,100.7184,2.68E+01,22.4609,1.25E+01,2.1438
Membo_2_020-membo_000_.wav,3,146.4844,7.55E+00,35.1562,6.82E+00,1.1078
Membo_2_020-membo_000_.wav,4,200.3519,1.23E+01,0.9766,2.61E+00,4.6948
Membo_2_020-membo_000_.wav,5,251.1692,2.69E+00,33.2031,1.87E+00,1.4379
Membo_2_020-membo_000_.wav,6,295.8984,6.91E+00,34.1797,1.78E+00,3.8862
Membo_2_020-membo_000_.wav,7,347.7099,2.17E+00,39.0625,1.37E+00,1.5842
Membo_2_020-membo_000_.wav,8,395.5078,5.20E+00,0.9766,8.30E-01,6.2721
Membo_2_020-membo_000_.wav,9,450.1081,1.18E+00,33.2031,6.69E-01,1.7656
Membo_2_020-membo_000_.wav,10,495.1172,1.34E+00,0,5.79E-01,2.3165
Membo_2_020-membo_001_.wav,1,49.8278,2.17E+02,16.6016,2.78E+01,7.8236
Membo_2_020-membo_001_.wav,2,96.6797,4.84E+01,34.1797,2.10E+01,2.3119
Membo_2_020-membo_001_.wav,3,152.3438,1.43E+01,37.1094,8.82E+00,1.6234
Membo_2_020-membo_001_.wav,4,200.331,8.85E+00,38.0859,4.86E+00,1.8193
Membo_2_020-membo_001_.wav,5,248.022,4.15E+00,28.3203,2.31E+00,1.7982
Membo_2_020-membo_001_.wav,6,296.5861,6.46E+00,14.6484,1.42E+00,4.5448
Membo_2_020-membo_001_.wav,7,345.7031,1.47E+00,30.2734,9.86E-01,1.4907
Membo_2_020-membo_001_.wav,8,395.5078,4.93E+00,0.9766,4.95E-01,9.9598
Membo_2_020-membo_001_.wav,9,445.3125,1.12E+00,34.1797,4.39E-01,2.5394
Membo_2_020-membo_001_.wav,10,495.1172,1.16E+00,20.5078,4.40E-01,2.6315
Membo_2_020-membo_002_.wav,1,42.7558,3.59E+02,8.7891,5.93E+01,6.0451
Membo_2_020-membo_002_.wav,2,86.9066,1.74E+02,28.3203,7.81E+01,2.2324
Membo_2_020-membo_002_.wav,3,130.4389,8.16E+01,34.1797,4.18E+01,1.9521
Membo_2_020-membo_002_.wav,4,171.7691,4.48E+01,39.0625,2.34E+01,1.9134
Membo_2_020-membo_002_.wav,5,217.7734,1.76E+01,38.0859,1.88E+01,0.9365
Membo_2_020-membo_002_.wav,6,255.7572,3.37E+01,39.0625,1.36E+01,2.4834
Membo_2_020-membo_002_.wav,7,302.9144,7.47E+00,27.3438,8.03E+00,0.9311
Membo_2_020-membo_002_.wav,8,342.2629,8.86E+00,39.0625,4.58E+00,1.9344
Membo_2_020-membo_002_.wav,9,384.8859,8.48E+00,28.3203,3.60E+00,2.3571
Membo_2_020-membo_002_.wav,10,429.0924,1.74E+00,37.1094,1.74E+00,1
Membo_2_020-membo_003_.wav,1,48.616,2.73E+02,20.5078,4.25E+01,6.4265
Membo_2_020-membo_003_.wav,2,100.5859,8.32E+01,30.2734,4.39E+01,1.8961
Membo_2_020-membo_003_.wav,3,144.1645,4.32E+01,39.0625,2.27E+01,1.9063
Membo_2_020-membo_003_.wav,4,194.0118,1.18E+01,38.0859,1.05E+01,1.1195
Membo_2_020-membo_003_.wav,5,243.0373,9.64E+00,39.0625,6.05E+00,1.5925
Membo_2_020-membo_003_.wav,6,290.0391,7.38E+00,31.25,3.93E+00,1.8787
Membo_2_020-membo_003_.wav,7,342.9289,4.53E+00,23.4375,2.13E+00,2.1292
Membo_2_020-membo_003_.wav,8,391.5247,2.33E+00,38.0859,1.27E+00,1.8325
Membo_2_020-membo_003_.wav,9,437.2956,1.57E+00,37.1094,6.82E-01,2.3024
Membo_2_020-membo_003_.wav,10,488.2452,8.00E-01,1.9531,5.62E-01,1.424
Membo_2_020-membo_004_.wav,1,52.2514,2.59E+02,18.9732,6.34E+01,4.0838
Membo_2_020-membo_004_.wav,2,108.2589,9.32E+01,37.9464,5.75E+01,1.6211
Membo_2_020-membo_004_.wav,3,159.5448,3.74E+01,27.9018,2.05E+01,1.8263
Membo_2_020-membo_004_.wav,4,213.1696,2.71E+01,25.6696,1.15E+01,2.3536
Membo_2_020-membo_004_.wav,5,264.1722,1.38E+01,20.0893,7.39E+00,1.8612
Membo_2_020-membo_004_.wav,6,314.1254,5.98E+00,31.25,4.02E+00,1.4861
Membo_2_020-membo_004_.wav,7,366.0033,4.37E+00,27.9018,2.45E+00,1.7876
Membo_2_020-membo_004_.wav,8,416.9094,2.21E+00,34.5982,1.68E+00,1.3145
Membo_2_020-membo_004_.wav,9,473.4968,1.14E+00,36.8304,9.73E-01,1.1685
Membo_2_020-membo_004_.wav,10,523.4889,9.26E-01,36.8304,6.28E-01,1.4741
Membo_2_027-membo_000_.wav,1,49.7888,3.45E+02,19.5312,7.43E+01,4.6464
Membo_2_027-membo_000_.wav,2,96.6797,1.40E+02,31.25,9.37E+01,1.4919
Membo_2_027-membo_000_.wav,3,146.4844,1.22E+02,36.1328,7.01E+01,1.7422
Membo_2_027-membo_000_.wav,4,196.2891,5.39E+01,38.0859,4.06E+01,1.3257
Membo_2_027-membo_000_.wav,5,251.1009,8.61E+00,5.8594,1.50E+01,0.5738
Membo_2_027-membo_000_.wav,6,295.8984,2.21E+01,39.0625,1.39E+01,1.5816
Membo_2_027-membo_000_.wav,7,351.5625,2.08E+01,36.1328,1.18E+01,1.7657
Membo_2_027-membo_000_.wav,8,395.5078,1.20E+01,34.1797,6.27E+00,1.9115
Membo_2_027-membo_000_.wav,9,446.1971,3.96E+00,32.2266,2.79E+00,1.4191
Membo_2_027-membo_000_.wav,10,495.1172,3.05E+00,35.1562,1.94E+00,1.5765
Membo_2_027-membo_001_.wav,1,49.3338,3.10E+02,22.4609,3.36E+01,9.2302
Membo_2_027-membo_001_.wav,2,96.6797,6.45E+01,37.1094,4.51E+01,1.4302
Membo_2_027-membo_001_.wav,3,151.5491,3.77E+01,28.3203,1.79E+01,2.1097
Membo_2_027-membo_001_.wav,4,201.1515,1.45E+01,32.2266,7.75E+00,1.8675
Membo_2_027-membo_001_.wav,5,246.0938,1.14E+01,36.1328,5.60E+00,2.0318
Membo_2_027-membo_001_.wav,6,295.8984,6.58E+00,36.1328,3.32E+00,1.9835
Membo_2_027-membo_001_.wav,7,347.2825,1.82E+00,39.0625,1.51E+00,1.206
Membo_2_027-membo_001_.wav,8,395.5078,3.91E+00,0.9766,8.78E-01,4.4514
Membo_2_027-membo_001_.wav,9,450.2752,8.23E-01,36.1328,5.44E-01,1.5127
Membo_2_027-membo_001_.wav,10,495.1172,1.02E+00,25.3906,4.88E-01,2.1008
Membo_2_027-membo_002_.wav,1,48.1131,4.60E+02,20.5078,9.18E+01,5.0106
Membo_2_027-membo_002_.wav,2,98.6328,2.23E+02,29.2969,1.35E+02,1.6517
Membo_2_027-membo_002_.wav,3,142.144,1.94E+02,33.2031,1.00E+02,1.9376
Membo_2_027-membo_002_.wav,4,193.3818,1.26E+02,36.1328,7.59E+01,1.6569
Membo_2_027-membo_002_.wav,5,236.3281,8.43E+01,39.0625,6.82E+01,1.2363
Membo_2_027-membo_002_.wav,6,286.8223,1.02E+02,28.3203,3.64E+01,2.8144
Membo_2_027-membo_002_.wav,7,336.3244,4.66E+01,37.1094,2.58E+01,1.8086
Membo_2_027-membo_002_.wav,8,379.8828,3.63E+01,36.1328,2.21E+01,1.6391
Membo_2_027-membo_002_.wav,9,430.486,3.13E+01,34.1797,1.95E+01,1.6003
Membo_2_027-membo_002_.wav,10,475.5859,1.90E+01,33.2031,1.15E+01,1.6501
Membo_2_027-membo_003_.wav,1,40.3063,5.15E+02,14.6484,9.00E+01,5.7238
Membo_2_027-membo_003_.wav,2,83.0078,1.99E+02,38.0859,1.48E+02,1.35
Membo_2_027-membo_003_.wav,3,117.1875,1.73E+02,38.0859,1.22E+02,1.417
Membo_2_027-membo_003_.wav,4,158.1756,2.03E+02,39.0625,1.09E+02,1.868
Membo_2_027-membo_003_.wav,5,203.125,1.91E+02,39.0625,9.21E+01,2.0741
Membo_2_027-membo_003_.wav,6,239.3132,1.45E+02,35.1562,7.70E+01,1.8762
Membo_2_027-membo_003_.wav,7,283.2031,2.23E+02,19.5312,8.26E+01,2.7024
Membo_2_027-membo_003_.wav,8,322.2945,1.78E+02,36.1328,8.43E+01,2.1148
Membo_2_027-membo_003_.wav,9,361.7503,1.10E+02,39.0625,7.96E+01,1.3805
Membo_2_027-membo_003_.wav,10,399.6144,1.04E+02,36.1328,7.68E+01,1.3496
Membo_2_027-membo_004_.wav,1,79.6571,9.45E+02,22.3214,2.78E+02,3.4054
Membo_2_027-membo_004_.wav,2,156.8584,3.95E+02,35.7143,1.73E+02,2.2807
Membo_2_027-membo_004_.wav,3,239.9554,1.67E+02,20.0893,1.60E+02,1.0446
Membo_2_027-membo_004_.wav,4,318.216,2.71E+02,36.8304,1.37E+02,1.9856
Membo_2_027-membo_004_.wav,5,397.0275,2.00E+02,34.5982,1.03E+02,1.9314
Membo_2_027-membo_004_.wav,6,475.663,1.65E+02,36.8304,7.56E+01,2.1858
Membo_2_027-membo_004_.wav,7,557.3481,1.13E+02,22.3214,7.48E+01,1.507
Membo_2_027-membo_004_.wav,8,636.074,1.11E+02,37.9464,6.63E+01,1.6734
Membo_2_027-membo_004_.wav,9,715.661,1.50E+02,32.3661,6.18E+01,2.425
Membo_2_027-membo_004_.wav,10,789.0625,5.32E+01,36.8304,5.20E+01,1.0228
Membo_2_028-membo_000_.wav,1,50.3068,5.27E+02,24.4141,9.06E+01,5.8207
Membo_2_028-membo_000_.wav,2,102.3858,2.02E+02,35.1562,1.61E+02,1.2505
Membo_2_028-membo_000_.wav,3,155.2734,2.45E+02,37.1094,1.24E+02,1.9821
Membo_2_028-membo_000_.wav,4,201.8361,2.02E+02,39.0625,9.18E+01,2.1972
Membo_2_028-membo_000_.wav,5,250.9766,1.88E+02,34.1797,8.82E+01,2.1266
Membo_2_028-membo_000_.wav,6,304.7991,7.61E+01,36.1328,6.44E+01,1.1817
Membo_2_028-membo_000_.wav,7,354.0797,1.08E+02,32.2266,5.33E+01,2.0298
Membo_2_028-membo_000_.wav,8,403.3203,7.59E+01,37.1094,4.14E+01,1.8318
Membo_2_028-membo_000_.wav,9,455.7486,8.68E+01,39.0625,3.96E+01,2.1902
Membo_2_028-membo_000_.wav,10,506.9897,4.96E+01,29.2969,3.83E+01,1.2944
Membo_2_028-membo_001_.wav,1,84.9905,9.38E+02,27.3438,2.86E+02,3.2853
Membo_2_028-membo_001_.wav,2,166.9922,4.82E+02,33.2031,2.32E+02,2.0741
Membo_2_028-membo_001_.wav,3,251.9531,1.05E+02,38.0859,1.43E+02,0.7307
Membo_2_028-membo_001_.wav,4,337.4212,1.51E+02,38.0859,1.19E+02,1.2652
Membo_2_028-membo_001_.wav,5,427.7344,1.36E+02,25.3906,7.42E+01,1.8362
Membo_2_028-membo_001_.wav,6,506.8359,1.07E+02,32.2266,5.87E+01,1.8313
Membo_2_028-membo_001_.wav,7,597.6562,6.55E+01,39.0625,5.96E+01,1.0998
Membo_2_028-membo_001_.wav,8,676.7578,6.33E+01,37.1094,5.11E+01,1.238
Membo_2_028-membo_001_.wav,9,762.9396,1.02E+02,33.2031,3.95E+01,2.5878
Membo_2_028-membo_001_.wav,10,852.5391,5.76E+01,39.0625,3.70E+01,1.5561
Membo_2_028-membo_002_.wav,1,57.4736,4.67E+02,25.3906,1.20E+02,3.8892
Membo_2_028-membo_002_.wav,2,113.9257,3.24E+02,26.3672,1.20E+02,2.7007
Membo_2_028-membo_002_.wav,3,169.9219,1.01E+02,39.0625,7.21E+01,1.4039
Membo_2_028-membo_002_.wav,4,229.0681,7.97E+01,33.2031,4.36E+01,1.8305
Membo_2_028-membo_002_.wav,5,285.1562,6.59E+01,33.2031,3.45E+01,1.9099
Membo_2_028-membo_002_.wav,6,342.7734,6.33E+01,39.0625,2.56E+01,2.4706
Membo_2_028-membo_002_.wav,7,400.3906,7.93E+01,0.9766,1.97E+01,4.0233
Membo_2_028-membo_002_.wav,8,458.0078,3.29E+01,1.9531,1.51E+01,2.188
Membo_2_028-membo_002_.wav,9,521.4844,2.53E+01,18.5547,1.37E+01,1.8551
Membo_2_028-membo_002_.wav,10,579.1016,2.24E+01,28.3203,1.70E+01,1.3221
Membo_2_028-membo_003_.wav,1,67.5783,4.88E+02,38.0859,1.34E+02,3.6387
Membo_2_028-membo_003_.wav,2,133.8123,1.93E+02,29.2969,9.68E+01,1.9916
Membo_2_028-membo_003_.wav,3,200.4269,1.19E+02,38.0859,6.51E+01,1.8274
Membo_2_028-membo_003_.wav,4,270.4337,5.38E+01,33.2031,4.10E+01,1.3127
Membo_2_028-membo_003_.wav,5,337.927,3.16E+01,28.3203,2.23E+01,1.4166
Membo_2_028-membo_003_.wav,6,407.2266,1.83E+01,35.1562,1.37E+01,1.3365
Membo_2_028-membo_003_.wav,7,469.794,1.92E+01,34.1797,9.56E+00,2.0047
Membo_2_028-membo_003_.wav,8,541.0476,1.14E+01,36.1328,7.73E+00,1.4696
Membo_2_028-membo_003_.wav,9,609.375,1.52E+01,0.9766,8.90E+00,1.7103
Membo_2_028-membo_003_.wav,10,670.8984,3.30E+01,12.6953,7.82E+00,4.2269
Membo_2_028-membo_004_.wav,1,74.1873,5.16E+02,21.5405,1.31E+02,3.9255
Membo_2_028-membo_004_.wav,2,151.2686,1.44E+02,38.4652,1.02E+02,1.4203
Membo_2_028-membo_004_.wav,3,224.637,8.93E+01,36.9266,5.60E+01,1.594
Membo_2_028-membo_004_.wav,4,290.7972,7.17E+01,33.8494,4.01E+01,1.7881
Membo_2_028-membo_004_.wav,5,368.0259,5.10E+01,35.388,2.45E+01,2.0778
Membo_2_028-membo_004_.wav,6,440.6498,2.71E+01,38.4652,1.81E+01,1.4962
Membo_2_028-membo_004_.wav,7,521.5886,2.29E+01,36.9266,1.47E+01,1.5628
Membo_2_028-membo_004_.wav,8,587.3875,2.54E+01,18.4633,1.91E+01,1.329
Membo_2_028-membo_004_.wav,9,666.5453,5.39E+01,16.9247,1.65E+01,3.2558
Membo_2_028-membo_004_.wav,10,740.1539,2.38E+01,36.9266,1.32E+01,1.8014
extra_membo_D2_2000.wav,1,48.6005,5.70E+01,0.9983,1.93E+00,29.5573
extra_membo_D2_2000.wav,2,100.8298,8.77E+00,3.9933,1.79E+00,4.8935
extra_membo_D2_2000.wav,3,146.9811,1.33E+00,10.9815,8.29E-01,1.6082
extra_membo_D2_2000.wav,4,196.6231,2.41E+00,2.9949,5.11E-01,4.7281
extra_membo_D2_2000.wav,5,241.5923,6.62E-01,39.9326,4.10E-01,1.6146
extra_membo_D2_2000.wav,6,295.5013,2.38E+00,4.9916,3.75E-01,6.3578
extra_membo_D2_2000.wav,7,344.4188,1.46E+00,19.9663,3.87E-01,3.7624
extra_membo_D2_2000.wav,8,393.3362,2.51E+00,0.9983,2.72E-01,9.223
extra_membo_D2_2000.wav,9,441.1223,5.20E-01,23.9596,3.31E-01,1.5715
extra_membo_D2_2000.wav,10,486.1796,8.77E-01,36.9377,4.64E-01,1.891
extra_membo_D2_2001.wav,1,48.7351,6.14E+01,0.9974,2.16E+00,28.3951
extra_membo_D2_2001.wav,2,95.7487,6.72E+00,23.9372,1.79E+00,3.7427
extra_membo_D2_2001.wav,3,148.1954,2.57E+00,19.9476,7.85E-01,3.2708
extra_membo_D2_2001.wav,4,196.0174,2.39E+00,1.9948,4.96E-01,4.8056
extra_membo_D2_2001.wav,5,244.5256,1.05E+00,32.9136,4.14E-01,2.5246
extra_membo_D2_2001.wav,6,295.3104,3.12E+00,5.9843,3.90E-01,7.9972
extra_membo_D2_2001.wav,7,345.0941,1.25E+00,13.9633,3.62E-01,3.4653
extra_membo_D2_2001.wav,8,393.9658,1.93E+00,0.9974,3.06E-01,6.3112
extra_membo_D2_2001.wav,9,442.8376,7.79E-01,5.9843,2.03E-01,3.8399
extra_membo_D2_2001.wav,10,489.6167,4.29E-01,26.9293,1.71E-01,2.5037
extra_membo_D2_2002.wav,1,48.8504,8.17E+01,1.9946,2.64E+00,31.0035
extra_membo_D2_2002.wav,2,98.561,5.85E+00,32.9116,2.10E+00,2.7809
extra_membo_D2_2002.wav,3,147.8666,4.33E+00,19.9464,7.13E-01,6.083
extra_membo_D2_2002.wav,4,196.3307,2.17E+00,31.9142,4.66E-01,4.6504
extra_membo_D2_2002.wav,5,244.5158,5.89E-01,27.925,4.36E-01,1.3485
extra_membo_D2_2002.wav,6,295.3141,3.09E+00,14.9598,4.71E-01,6.5533
extra_membo_D2_2002.wav,7,345.0726,1.20E+00,28.9223,3.81E-01,3.1415
extra_membo_D2_2002.wav,8,393.9413,2.47E+00,0.9973,2.37E-01,10.4333
extra_membo_D2_2002.wav,9,442.8099,6.99E-01,23.9357,2.01E-01,3.4835
extra_membo_D2_2002.wav,10,489.7329,5.34E-01,20.9437,1.65E-01,3.2383
extra_membo_D2_2003.wav,1,49.0917,4.88E+01,6.9812,2.18E+00,22.3973
extra_membo_D2_2003.wav,2,98.9317,5.10E+00,21.941,1.55E+00,3.2997
extra_membo_D2_2003.wav,3,148.4079,3.62E+00,12.9652,7.08E-01,5.1045
extra_membo_D2_2003.wav,4,196.5279,1.36E+00,29.9196,4.88E-01,2.7832
extra_membo_D2_2003.wav,5,242.7176,1.11E+00,27.925,4.24E-01,2.6108
extra_membo_D2_2003.wav,6,295.5242,2.48E+00,13.9625,3.66E-01,6.7716
extra_membo_D2_2003.wav,7,345.0726,1.41E+00,10.9705,3.70E-01,3.8166
extra_membo_D2_2003.wav,8,393.9413,2.47E+00,0.9973,2.79E-01,8.8387
extra_membo_D2_2003.wav,9,442.8099,1.09E+00,0.9973,2.16E-01,5.0616
extra_membo_D2_2003.wav,10,485.6947,4.27E-01,32.9116,1.83E-01,2.3359
extra_membo_D2_2004.wav,1,50.5763,2.26E+01,12.966,2.91E+00,7.7577
extra_membo_D2_2004.wav,2,100.6596,7.66E+00,18.9503,1.67E+00,4.5935
extra_membo_D2_2004.wav,3,152.5958,1.70E+00,22.9398,7.85E-01,2.163
extra_membo_D2_2004.wav,4,205.939,1.05E+00,20.945,4.43E-01,2.3685
extra_membo_D2_2004.wav,5,251.3402,4.98E-01,38.8979,4.04E-01,1.2324
extra_membo_D2_2004.wav,6,302.2067,1.09E+00,5.9843,3.91E-01,2.7867
extra_membo_D2_2004.wav,7,356.9819,4.49E-01,6.9817,3.28E-01,1.3692
extra_membo_D2_2004.wav,8,403.9397,4.22E-01,0.9974,2.13E-01,1.9833
extra_membo_D2_2004.wav,9,457.8179,1.78E-01,5.9843,1.46E-01,1.2168
extra_membo_D2_2004.wav,10,506.7159,2.90E-01,36.9031,1.51E-01,1.9222
extra_membo_D2_2005.wav,1,48.9022,6.16E+01,1.9946,2.90E+00,21.2409
extra_membo_D2_2005.wav,2,96.5661,4.53E+00,26.9276,2.03E+00,2.2343
extra_membo_D2_2005.wav,3,148.493,3.44E+00,19.9464,7.25E-01,4.738
extra_membo_D2_2005.wav,4,196.2145,1.81E+00,32.9116,5.02E-01,3.614
extra_membo_D2_2005.wav,5,241.3514,7.46E-01,34.9062,4.54E-01,1.6434
extra_membo_D2_2005.wav,6,295.4438,2.36E+00,10.9705,4.09E-01,5.7687
extra_membo_D2_2005.wav,7,345.0726,1.07E+00,24.933,3.68E-01,2.8981
extra_membo_D2_2005.wav,8,393.9413,2.40E+00,0.9973,2.44E-01,9.8266
extra_membo_D2_2005.wav,9,442.8099,7.56E-01,30.9169,1.58E-01,4.7752
extra_membo_D2_2005.wav,10,489.8221,2.10E-01,31.9142,1.36E-01,1.5496
extra_membo_D2_2006.wav,1,48.777,7.83E+01,0.9973,2.03E+00,38.5579
extra_membo_D2_2006.wav,2,96.7045,7.39E+00,24.933,1.66E+00,4.4393
extra_membo_D2_2006.wav,3,148.1019,3.82E+00,19.9464,8.16E-01,4.6777
extra_membo_D2_2006.wav,4,193.7272,1.41E+00,34.9062,4.94E-01,2.8464
extra_membo_D2_2006.wav,5,242.1258,6.72E-01,38.8955,3.79E-01,1.7724
extra_membo_D2_2006.wav,6,295.3156,2.19E+00,6.9812,3.54E-01,6.1916
extra_membo_D2_2006.wav,7,345.0726,1.13E+00,30.9169,3.64E-01,3.1135
extra_membo_D2_2006.wav,8,393.9413,2.71E+00,0.9973,2.57E-01,10.5383
extra_membo_D2_2006.wav,9,442.8099,6.65E-01,27.925,1.76E-01,3.7814
extra_membo_D2_2006.wav,10,491.6786,2.63E-01,26.9276,1.47E-01,1.7847
extra_membo_D2_2007.wav,1,48.8619,6.88E+01,1.9948,1.71E+00,40.1755
extra_membo_D2_2007.wav,2,95.7487,4.14E+00,31.9162,1.72E+00,2.4067
extra_membo_D2_2007.wav,3,147.6382,3.08E+00,20.945,9.04E-01,3.412
extra_membo_D2_2007.wav,4,196.7884,1.42E+00,38.8979,5.84E-01,2.4404
extra_membo_D2_2007.wav,5,244.4659,7.97E-01,36.9031,5.19E-01,1.5342
extra_membo_D2_2007.wav,6,295.6593,1.59E+00,4.9869,4.17E-01,3.8123
extra_membo_D2_2007.wav,7,345.0941,1.05E+00,28.9241,3.83E-01,2.7276
extra_membo_D2_2007.wav,8,393.9658,2.50E+00,0.9974,3.07E-01,8.166
extra_membo_D2_2007.wav,9,437.4109,9.98E-01,15.9581,2.26E-01,4.4171
extra_membo_D2_2007.wav,10,487.3492,4.14E-01,36.9031,1.69E-01,2.4539
extra_membo_D2_2008.wav,1,49.0747,3.76E+01,7.1328,2.35E+00,16.0279
extra_membo_D2_2008.wav,2,97.8843,4.85E+00,18.3416,2.07E+00,2.3419
extra_membo_D2_2008.wav,3,147.6415,2.67E+00,23.4365,9.10E-01,2.9375
extra_membo_D2_2008.wav,4,196.7293,2.63E+00,1.019,5.64E-01,4.6639
extra_membo_D2_2008.wav,5,244.434,6.41E-01,36.6832,3.70E-01,1.7315
extra_membo_D2_2008.wav,6,295.5038,1.87E+00,2.038,3.49E-01,5.3699
extra_membo_D2_2008.wav,7,342.4407,6.40E-01,25.4745,3.23E-01,1.9824
extra_membo_D2_2008.wav,8,393.3257,1.81E+00,1.019,3.04E-01,5.94
extra_membo_D2_2008.wav,9,437.1418,5.65E-01,15.2847,2.51E-01,2.2514
extra_membo_D2_2008.wav,10,486.0527,7.63E-01,24.4555,2.49E-01,3.0657
extra_membo_D2_2009.wav,1,48.9135,3.74E+01,7.9791,1.91E+00,19.5747
extra_membo_D2_2009.wav,2,98.878,9.52E+00,20.945,1.79E+00,5.3281
extra_membo_D2_2009.wav,3,147.9107,2.50E+00,19.9476,8.93E-01,2.7966
extra_membo_D2_2009.wav,4,195.7539,2.44E+00,24.9345,5.31E-01,4.6023
extra_membo_D2_2009.wav,5,243.1921,7.38E-01,30.9188,4.35E-01,1.6988
extra_membo_D2_2009.wav,6,295.3941,2.57E+00,18.9503,3.55E-01,7.2477
extra_membo_D2_2009.wav,7,345.0941,1.01E+00,27.9267,3.69E-01,2.724
extra_membo_D2_2009.wav,8,393.9658,2.02E+00,0.9974,3.11E-01,6.4975
extra_membo_D2_2009.wav,9,442.8376,9.53E-01,14.9607,1.81E-01,5.2656
extra_membo_D2_2009.wav,10,491.7093,4.81E-01,9.9738,1.68E-01,2.8674
extra_membo_D2_2010.wav,1,49.244,5.66E+01,0.9973,3.03E+00,18.6799
extra_membo_D2_2010.wav,2,99.0029,7.21E+00,14.9598,2.32E+00,3.1021
extra_membo_D2_2010.wav,3,147.9,2.13E+00,18.9491,8.28E-01,2.5762
extra_membo_D2_2010.wav,4,197.2519,1.17E+00,0.9973,4.81E-01,2.4394
extra_membo_D2_2010.wav,5,241.3514,1.15E+00,13.9625,4.16E-01,2.7539
extra_membo_D2_2010.wav,6,296.204,2.93E+00,0.9973,3.56E-01,8.2433
extra_membo_D2_2010.wav,7,344.5668,8.26E-01,21.941,3.22E-01,2.5643
extra_membo_D2_2010.wav,8,393.9413,2.57E+00,0.9973,2.75E-01,9.3463
extra_membo_D2_2010.wav,9,442.8099,1.02E+00,5.9839,1.93E-01,5.3083
extra_membo_D2_2010.wav,10,486.7243,2.68E-01,36.9008,1.68E-01,1.5905
extra_membo_D2_2011.wav,1,49.1015,5.93E+01,0.9973,2.37E+00,25.0465
extra_membo_D2_2011.wav,2,96.4776,8.23E+00,27.925,2.10E+00,3.9227
extra_membo_D2_2011.wav,3,148.457,2.47E+00,26.9276,8.07E-01,3.0615
extra_membo_D2_2011.wav,4,195.6426,2.28E+00,4.9866,5.27E-01,4.3313
extra_membo_D2_2011.wav,5,243.0153,8.14E-01,31.9142,4.84E-01,1.6825
extra_membo_D2_2011.wav,6,295.412,1.65E+00,19.9464,4.29E-01,3.853
extra_membo_D2_2011.wav,7,345.0726,8.58E-01,30.9169,3.20E-01,2.6848
extra_membo_D2_2011.wav,8,393.9413,2.25E+00,0.9973,2.42E-01,9.2724
extra_membo_D2_2011.wav,9,442.8099,8.28E-01,6.9812,1.82E-01,4.5548
extra_membo_D2_2011.wav,10,486.8506,1.63E-01,32.9116,1.25E-01,1.2981
extra_membo_D2_2012.wav,1,49.0012,2.32E+01,13.9633,2.50E+00,9.2778
extra_membo_D2_2012.wav,2,98.0496,8.14E+00,20.945,2.06E+00,3.9527
extra_membo_D2_2012.wav,3,148.239,1.85E+00,19.9476,8.24E-01,2.2435
extra_membo_D2_2012.wav,4,197.0382,1.81E+00,3.9895,4.83E-01,3.7534
extra_membo_D2_2012.wav,5,241.3664,1.07E+00,28.9241,4.29E-01,2.4923
extra_membo_D2_2012.wav,6,295.5643,7.84E-01,28.9241,3.91E-01,2.0031
extra_membo_D2_2012.wav,7,345.0941,7.84E-01,24.9345,3.28E-01,2.389
extra_membo_D2_2012.wav,8,393.9658,2.55E+00,0.9974,2.50E-01,10.1966
extra_membo_D2_2012.wav,9,442.8376,8.30E-01,0.9974,1.81E-01,4.5887
extra_membo_D2_2012.wav,10,489.8327,3.99E-01,37.9005,1.53E-01,2.6127
extra_membo_D2_2013.wav,1,48.9117,7.45E+01,1.9946,2.24E+00,33.3452
extra_membo_D2_2013.wav,2,96.5857,7.97E+00,23.9357,2.09E+00,3.8146
extra_membo_D2_2013.wav,3,144.6532,2.21E+00,22.9384,9.76E-01,2.2617
extra_membo_D2_2013.wav,4,195.8827,1.64E+00,4.9866,5.33E-01,3.0668
extra_membo_D2_2013.wav,5,245.218,7.25E-01,31.9142,4.72E-01,1.5362
extra_membo_D2_2013.wav,6,295.3383,1.60E+00,9.9732,4.74E-01,3.3789
extra_membo_D2_2013.wav,7,345.0726,1.36E+00,19.9464,3.97E-01,3.417
extra_membo_D2_2013.wav,8,393.9413,2.99E+00,0.9973,2.56E-01,11.6868
extra_membo_D2_2013.wav,9,442.8099,1.16E+00,0.9973,2.26E-01,5.1401
extra_membo_D2_2013.wav,10,486.3024,3.82E-01,32.9116,1.89E-01,2.0237
extra_membo_D2_2014.wav,1,48.8577,6.85E+01,0,2.63E+00,26.0895
extra_membo_D2_2014.wav,2,98.5165,8.58E+00,19.9464,2.35E+00,3.6549
extra_membo_D2_2014.wav,3,148.426,3.93E+00,22.9384,7.75E-01,5.07
extra_membo_D2_2014.wav,4,195.6242,1.59E+00,4.9866,6.09E-01,2.6093
extra_membo_D2_2014.wav,5,243.3478,7.43E-01,37.8981,3.86E-01,1.9239
extra_membo_D2_2014.wav,6,295.4408,2.12E+00,14.9598,4.19E-01,5.0463
extra_membo_D2_2014.wav,7,345.0726,1.32E+00,19.9464,3.90E-01,3.3958
extra_membo_D2_2014.wav,8,393.9413,2.23E+00,0.9973,2.10E-01,10.5973
extra_membo_D2_2014.wav,9,442.8099,7.73E-01,0.9973,1.82E-01,4.2388
extra_membo_D2_2014.wav,10,491.6786,4.26E-01,22.9384,1.57E-01,2.7143
extra_membo_D2_2015.wav,1,48.8033,7.98E+01,1.9948,2.41E+00,33.1567
extra_membo_D2_2015.wav,2,97.8285,8.38E+00,13.9633,2.00E+00,4.1835
extra_membo_D2_2015.wav,3,148.4359,3.07E+00,23.9372,7.62E-01,4.0347
extra_membo_D2_2015.wav,4,196.2474,2.03E+00,23.9372,5.41E-01,3.7439
extra_membo_D2_2015.wav,5,241.3664,1.13E+00,34.9084,3.96E-01,2.8525
extra_membo_D2_2015.wav,6,295.2422,1.94E+00,11.9686,3.66E-01,5.3006
extra_membo_D2_2015.wav,7,345.0941,9.82E-01,18.9503,3.65E-01,2.6873
extra_membo_D2_2015.wav,8,393.9658,2.21E+00,0.9974,2.39E-01,9.2609
extra_membo_D2_2015.wav,9,442.8376,7.49E-01,0.9974,1.68E-01,4.4698
extra_membo_D2_2015.wav,10,486.2992,4.36E-01,28.9241,1.69E-01,2.5798
extra_membo_D2_2016.wav,1,49.1069,2.52E+01,12.2277,2.41E+00,10.4846
extra_membo_D2_2016.wav,2,98.4255,1.00E+01,16.3037,1.70E+00,5.9207
extra_membo_D2_2016.wav,3,148.7059,2.92E+00,19.3606,7.76E-01,3.7578
extra_membo_D2_2016.wav,4,195.552,1.91E+00,34.6453,5.71E-01,3.348
extra_membo_D2_2016.wav,5,246.5928,8.19E-01,29.5504,5.10E-01,1.6068
extra_membo_D2_2016.wav,6,295.5038,2.19E+00,5.0949,4.64E-01,4.7225
extra_membo_D2_2016.wav,7,344.4147,8.56E-01,31.5883,3.55E-01,2.4103
extra_membo_D2_2016.wav,8,393.3257,1.45E+00,1.019,2.90E-01,5.0057
extra_membo_D2_2016.wav,9,442.2367,6.74E-01,2.038,2.06E-01,3.2698
extra_membo_D2_2016.wav,10,491.1476,3.11E-01,26.4934,1.77E-01,1.7547
extra_membo_D2_2017.wav,1,48.9351,4.16E+01,0,2.69E+00,15.4459
extra_membo_D2_2017.wav,2,100.7356,6.59E+00,37.9005,2.02E+00,3.2596
extra_membo_D2_2017.wav,3,148.4347,2.52E+00,22.9398,9.38E-01,2.6823
extra_membo_D2_2017.wav,4,197.1522,1.96E+00,3.9895,4.57E-01,4.2952
extra_membo_D2_2017.wav,5,241.3664,1.18E+00,26.9293,4.23E-01,2.7888
extra_membo_D2_2017.wav,6,295.4241,2.37E+00,8.9764,5.07E-01,4.6805
extra_membo_D2_2017.wav,7,345.0941,1.08E+00,25.9319,3.17E-01,3.4002
extra_membo_D2_2017.wav,8,393.9658,2.69E+00,0.9974,2.49E-01,10.8145
extra_membo_D2_2017.wav,9,442.8376,1.11E+00,1.9948,1.96E-01,5.6489
extra_membo_D2_2017.wav,10,486.9994,3.32E-01,33.911,1.62E-01,2.058
extra_membo_D2_2018.wav,1,48.9268,8.38E+01,1.9946,1.71E+00,49.0719
extra_membo_D2_2018.wav,2,98.2643,1.06E+01,2.992,1.91E+00,5.5736
extra_membo_D2_2018.wav,3,148.2297,2.72E+00,26.9276,7.86E-01,3.4646
extra_membo_D2_2018.wav,4,196.4558,2.06E+00,7.9786,5.01E-01,4.1028
extra_membo_D2_2018.wav,5,244.4771,9.18E-01,33.9089,3.89E-01,2.3621
extra_membo_D2_2018.wav,6,295.5684,2.41E+00,6.9812,3.64E-01,6.6306
extra_membo_D2_2018.wav,7,345.0726,1.04E+00,36.9008,3.12E-01,3.3458
extra_membo_D2_2018.wav,8,393.9413,2.63E+00,0.9973,2.16E-01,12.1277
extra_membo_D2_2018.wav,9,442.8099,9.84E-01,6.9812,1.96E-01,5.0123
extra_membo_D2_2018.wav,10,488.7614,2.62E-01,37.8981,1.73E-01,1.5187
extra_membo_D2_2019.wav,1,48.8651,7.30E+01,1.9946,2.37E+00,30.7326
extra_membo_D2_2019.wav,2,96.31,6.31E+00,27.925,1.98E+00,3.1815
extra_membo_D2_2019.wav,3,148.3289,2.63E+00,23.9357,7.90E-01,3.3267
extra_membo_D2_2019.wav,4,195.2421,1.57E+00,23.9357,5.81E-01,2.705
extra_membo_D2_2019.wav,5,243.6519,1.23E+00,33.9089,4.74E-01,2.6052
extra_membo_D2_2019.wav,6,296.204,9.49E-01,12.9652,4.17E-01,2.2743
extra_membo_D2_2019.wav,7,345.0726,1.13E+00,26.9276,3.57E-01,3.1526
extra_membo_D2_2019.wav,8,393.9413,2.25E+00,0.9973,2.37E-01,9.4873
extra_membo_D2_2019.wav,9,442.8099,7.48E-01,10.9705,1.79E-01,4.1684
extra_membo_D2_2019.wav,10,487.2688,4.27E-01,30.9169,1.35E-01,3.1629
extra_membo_D2_2020.wav,1,48.7738,5.17E+01,0.9974,2.13E+00,24.2722
extra_membo_D2_2020.wav,2,99.1405,6.76E+00,16.9555,1.88E+00,3.5947
extra_membo_D2_2020.wav,3,148.0281,4.06E+00,12.966,7.94E-01,5.111
extra_membo_D2_2020.wav,4,194.5358,2.58E+00,14.9607,5.75E-01,4.4914
extra_membo_D2_2020.wav,5,241.3664,1.26E+00,35.9057,4.49E-01,2.8183
extra_membo_D2_2020.wav,6,295.4087,1.89E+00,7.9791,4.43E-01,4.2548
extra_membo_D2_2020.wav,7,345.0941,1.38E+00,0.9974,3.78E-01,3.641
extra_membo_D2_2020.wav,8,393.9658,2.74E+00,0.9974,2.65E-01,10.3481
extra_membo_D2_2020.wav,9,442.8376,8.76E-01,6.9817,1.93E-01,4.5331
extra_membo_D2_2020.wav,10,491.0234,4.64E-01,33.911,1.70E-01,2.7322
extra_membo_D2_2021.wav,1,49.2012,5.34E+01,0.9973,1.96E+00,27.3325
extra_membo_D2_2021.wav,2,98.7711,3.65E+00,19.9464,1.73E+00,2.1058
extra_membo_D2_2021.wav,3,147.8215,2.21E+00,19.9464,7.79E-01,2.8359
extra_membo_D2_2021.wav,4,192.4827,1.49E+00,27.925,5.84E-01,2.5578
extra_membo_D2_2021.wav,5,243.135,1.13E+00,18.9491,4.64E-01,2.4328
extra_membo_D2_2021.wav,6,295.3214,2.12E+00,13.9625,4.05E-01,5.2484
extra_membo_D2_2021.wav,7,345.0726,1.44E+00,0.9973,3.20E-01,4.512
extra_membo_D2_2021.wav,8,393.9413,2.45E+00,0.9973,2.05E-01,11.9885
extra_membo_D2_2021.wav,9,437.8233,5.96E-01,39.8928,1.67E-01,3.5723
extra_membo_D2_2021.wav,10,487.2835,4.53E-01,31.9142,1.83E-01,2.4708
extra_membo_D2_2022.wav,1,48.9806,6.34E+01,1.9946,2.20E+00,28.8089
extra_membo_D2_2022.wav,2,98.6759,1.26E+01,1.9946,2.03E+00,6.2067
extra_membo_D2_2022.wav,3,148.5762,3.12E+00,19.9464,8.40E-01,3.7195
extra_membo_D2_2022.wav,4,194.5124,1.12E+00,24.933,5.23E-01,2.1445
extra_membo_D2_2022.wav,5,241.3514,5.42E-01,26.9276,4.29E-01,1.2631
extra_membo_D2_2022.wav,6,295.5221,1.92E+00,12.9652,4.68E-01,4.1068
extra_membo_D2_2022.wav,7,345.0726,1.20E+00,25.9303,4.36E-01,2.7596
extra_membo_D2_2022.wav,8,393.9413,2.56E+00,0.9973,2.60E-01,9.8573
extra_membo_D2_2022.wav,9,437.8233,7.56E-01,7.9786,2.20E-01,3.4377
extra_membo_D2_2022.wav,10,485.6947,3.78E-01,35.9035,1.97E-01,1.9161
extra_membo_D2_2023.wav,1,49.2757,4.28E+01,0.9974,2.08E+00,20.6002
extra_membo_D2_2023.wav,2,95.7487,3.05E+00,10.9712,1.98E+00,1.5377
extra_membo_D2_2023.wav,3,148.244,2.23E+00,19.9476,9.10E-01,2.4459
extra_membo_D2_2023.wav,4,195.0156,1.66E+00,23.9372,4.96E-01,3.3568
extra_membo_D2_2023.wav,5,241.3664,9.68E-01,35.9057,3.89E-01,2.4881
extra_membo_D2_2023.wav,6,295.5852,1.91E+00,5.9843,3.49E-01,5.4742
extra_membo_D2_2023.wav,7,345.0941,1.20E+00,12.966,3.02E-01,3.9906
extra_membo_D2_2023.wav,8,393.9658,2.88E+00,0.9974,2.11E-01,13.6583
extra_membo_D2_2023.wav,9,442.8376,7.76E-01,13.9633,1.55E-01,5.002
extra_membo_D2_2023.wav,10,489.7875,3.87E-01,26.9293,1.57E-01,2.4668
extra_membo_D2_2024.wav,1,49.2756,3.37E+01,8.1518,2.54E+00,13.2616
extra_membo_D2_2024.wav,2,97.9986,1.19E+01,13.2467,2.11E+00,5.626
extra_membo_D2_2024.wav,3,147.7462,2.72E+00,37.7022,7.18E-01,3.795
extra_membo_D2_2024.wav,4,196.7157,2.82E+00,5.0949,5.55E-01,5.0793
extra_membo_D2_2024.wav,5,243.2909,1.22E+00,27.5124,4.68E-01,2.619
extra_membo_D2_2024.wav,6,295.5038,2.03E+00,6.1139,4.35E-01,4.6593
extra_membo_D2_2024.wav,7,344.4147,1.18E+00,26.4934,3.73E-01,3.1521
extra_membo_D2_2024.wav,8,393.3257,1.59E+00,1.019,2.83E-01,5.624
extra_membo_D2_2024.wav,9,442.2367,6.61E-01,7.1328,1.90E-01,3.4825
extra_membo_D2_2024.wav,10,487.2431,2.86E-01,32.6073,1.69E-01,1.6876
extra_membo_D2_2025.wav,1,48.8583,5.65E+01,0.9974,2.45E+00,23.0692
extra_membo_D2_2025.wav,2,96.6655,8.79E+00,24.9345,2.08E+00,4.2345
extra_membo_D2_2025.wav,3,147.6292,2.98E+00,19.9476,7.40E-01,4.0347
extra_membo_D2_2025.wav,4,196.0366,1.07E+00,9.9738,5.18E-01,2.0611
extra_membo_D2_2025.wav,5,245.1038,5.18E-01,29.9215,3.93E-01,1.3177
extra_membo_D2_2025.wav,6,295.7035,2.04E+00,4.9869,3.29E-01,6.1952
extra_membo_D2_2025.wav,7,345.0941,1.12E+00,26.9293,3.10E-01,3.6107
extra_membo_D2_2025.wav,8,393.9658,2.33E+00,0,2.39E-01,9.7588
extra_membo_D2_2025.wav,9,442.8376,1.03E+00,1.9948,1.95E-01,5.2842
extra_membo_D2_2025.wav,10,490.1017,4.39E-01,36.9031,1.59E-01,2.7628
extra_membo_D2_2026.wav,1,48.8476,8.39E+01,1.9946,2.18E+00,38.515
extra_membo_D2_2026.wav,2,98.2088,9.17E+00,21.941,1.74E+00,5.2701
extra_membo_D2_2026.wav,3,147.9213,1.82E+00,23.9357,8.26E-01,2.207
extra_membo_D2_2026.wav,4,194.9669,1.06E+00,0.9973,5.09E-01,2.0851
extra_membo_D2_2026.wav,5,241.3514,7.12E-01,39.8928,4.19E-01,1.6987
extra_membo_D2_2026.wav,6,295.5462,1.64E+00,14.9598,3.67E-01,4.4795
extra_membo_D2_2026.wav,7,345.0726,1.26E+00,11.9678,3.44E-01,3.6645
extra_membo_D2_2026.wav,8,393.9413,2.34E+00,0,2.71E-01,8.6277
extra_membo_D2_2026.wav,9,442.8099,1.00E+00,0.9973,1.84E-01,5.4661
extra_membo_D2_2026.wav,10,486.6961,6.85E-01,8.9759,1.52E-01,4.5123
extra_membo_D2_2027.wav,1,48.8039,8.50E+01,1.9946,2.70E+00,31.4798
extra_membo_D2_2027.wav,2,96.4437,1.12E+01,23.9357,2.35E+00,4.7603
extra_membo_D2_2027.wav,3,148.1536,2.53E+00,19.9464,8.01E-01,3.1631
extra_membo_D2_2027.wav,4,196.8902,1.99E+00,3.9893,5.54E-01,3.5818
extra_membo_D2_2027.wav,5,241.3514,7.44E-01,29.9196,4.57E-01,1.6272
extra_membo_D2_2027.wav,6,295.5233,2.49E+00,4.9866,4.48E-01,5.5669
extra_membo_D2_2027.wav,7,345.0726,1.81E+00,6.9812,3.98E-01,4.5481
extra_membo_D2_2027.wav,8,393.9413,2.21E+00,0,2.68E-01,8.2399
extra_membo_D2_2027.wav,9,442.8099,1.29E+00,0.9973,1.68E-01,7.7039
extra_membo_D2_2027.wav,10,487.5408,4.30E-01,33.9089,1.67E-01,2.5728
extra_membo_D2_2028.wav,1,48.5162,5.03E+01,0.9974,2.59E+00,19.3995
extra_membo_D2_2028.wav,2,98.7723,7.88E+00,19.9476,2.01E+00,3.914
extra_membo_D2_2028.wav,3,148.4421,2.41E+00,19.9476,8.99E-01,2.6832
extra_membo_D2_2028.wav,4,195.3258,2.72E+00,24.9345,5.38E-01,5.0497
extra_membo_D2_2028.wav,5,241.3664,1.39E+00,7.9791,4.64E-01,2.9909
extra_membo_D2_2028.wav,6,296.2224,2.35E+00,7.9791,3.83E-01,6.1258
extra_membo_D2_2028.wav,7,344.5735,1.08E+00,25.9319,3.45E-01,3.1238
extra_membo_D2_2028.wav,8,393.9658,3.18E+00,0.9974,2.62E-01,12.1235
extra_membo_D2_2028.wav,9,442.8376,9.82E-01,18.9503,1.75E-01,5.6234
extra_membo_D2_2028.wav,10,489.9348,4.68E-01,21.9424,1.76E-01,2.6498
extra_membo_D2_2029.wav,1,49.5632,3.79E+01,0.9973,2.43E+00,15.5583
extra_membo_D2_2029.wav,2,96.74,7.43E+00,21.941,2.00E+00,3.7161
extra_membo_D2_2029.wav,3,148.1195,2.87E+00,20.9437,7.56E-01,3.7907
extra_membo_D2_2029.wav,4,199.9819,2.92E+00,24.933,5.33E-01,5.4774
extra_membo_D2_2029.wav,5,250.3206,9.10E-01,36.9008,4.36E-01,2.0868
extra_membo_D2_2029.wav,6,300.1311,2.62E+00,5.9839,3.28E-01,7.985
extra_membo_D2_2029.wav,7,351.4886,4.08E-01,9.9732,2.56E-01,1.5936
extra_membo_D2_2029.wav,8,401.9198,4.12E-01,0.9973,1.95E-01,2.1184
extra_membo_D2_2029.wav,9,445.8019,1.65E-01,5.9839,1.66E-01,0.9941
extra_membo_D2_2029.wav,10,500.5796,2.78E-01,34.9062,1.62E-01,1.7173
extra_membo_D2_2030.wav,1,49.2167,5.27E+01,0.9973,3.21E+00,16.4195
extra_membo_D2_2030.wav,2,98.9247,8.35E+00,20.9437,2.13E+00,3.9205
extra_membo_D2_2030.wav,3,148.1378,3.17E+00,19.9464,8.82E-01,3.5961
extra_membo_D2_2030.wav,4,193.2277,1.93E+00,6.9812,6.14E-01,3.1454
extra_membo_D2_2030.wav,5,241.3514,1.66E+00,2.992,4.35E-01,3.8284
extra_membo_D2_2030.wav,6,295.292,2.21E+00,13.9625,4.05E-01,5.4464
extra_membo_D2_2030.wav,7,345.0726,1.70E+00,1.9946,4.48E-01,3.7897
extra_membo_D2_2030.wav,8,393.9413,2.72E+00,0.9973,2.63E-01,10.3215
extra_membo_D2_2030.wav,9,437.8233,6.23E-01,25.9303,1.56E-01,3.9851
extra_membo_D2_2030.wav,10,490.4887,6.23E-01,29.9196,1.47E-01,4.2322
extra_membo_D2_2031.wav,1,50.0773,2.59E+01,12.966,2.59E+00,9.9859
extra_membo_D2_2031.wav,2,96.746,8.27E+00,23.9372,2.01E+00,4.114
extra_membo_D2_2031.wav,3,147.8689,2.69E+00,18.9503,7.86E-01,3.4221
extra_membo_D2_2031.wav,4,200.1625,3.85E+00,0.9974,5.48E-01,7.0226
extra_membo_D2_2031.wav,5,252.3376,7.66E-01,10.9712,4.49E-01,1.707
extra_membo_D2_2031.wav,6,300.1657,2.16E+00,21.9424,4.05E-01,5.335
extra_membo_D2_2031.wav,7,347.4077,6.61E-01,8.9764,3.44E-01,1.9205
extra_membo_D2_2031.wav,8,398.7333,5.78E-01,0.9974,2.68E-01,2.1597
extra_membo_D2_2031.wav,9,450.6777,3.61E-01,0.9974,2.04E-01,1.7686
extra_membo_D2_2031.wav,10,498.9155,2.32E-01,30.9188,1.73E-01,1.3379
extra_membo_D2_2032.wav,1,42.5462,1.96E+01,25.4745,2.01E+00,9.7573
extra_membo_D2_2032.wav,2,85.849,3.17E+00,34.6453,2.58E+00,1.2264
extra_membo_D2_2032.wav,3,130.1663,1.71E+00,5.0949,9.89E-01,1.73
extra_membo_D2_2032.wav,4,172.2871,1.03E+00,37.7022,5.77E-01,1.7834
extra_membo_D2_2032.wav,5,215.2312,4.84E-01,5.0949,5.05E-01,0.9578
extra_membo_D2_2032.wav,6,257.1713,6.77E-01,36.6832,4.84E-01,1.3998
extra_membo_D2_2032.wav,7,299.7204,1.78E+00,21.3985,4.47E-01,3.9951
extra_membo_D2_2032.wav,8,344.814,1.26E+00,18.3416,3.55E-01,3.536
extra_membo_D2_2032.wav,9,387.3245,4.32E-01,1.019,2.72E-01,1.5891
extra_membo_D2_2032.wav,10,430.0089,4.40E-01,2.038,1.77E-01,2.4921
extra_membo_D2_2033.wav,1,47.5817,1.71E+01,19.9476,2.03E+00,8.3963
extra_membo_D2_2033.wav,2,96.6788,1.02E+01,22.9398,1.93E+00,5.2802
extra_membo_D2_2033.wav,3,141.945,1.19E+00,20.945,9.64E-01,1.2347
extra_membo_D2_2033.wav,4,194.4895,1.90E+00,24.9345,5.40E-01,3.5172
extra_membo_D2_2033.wav,5,241.7222,9.31E-01,38.8979,4.06E-01,2.2911
extra_membo_D2_2033.wav,6,289.3985,4.70E-01,4.9869,3.78E-01,1.2431
extra_membo_D2_2033.wav,7,338.1125,6.11E-01,10.9712,3.22E-01,1.8993
extra_membo_D2_2033.wav,8,380.9112,5.11E-01,1.9948,2.64E-01,1.939
extra_membo_D2_2033.wav,9,431.8832,4.58E-01,11.9686,1.93E-01,2.3663
extra_membo_D2_2033.wav,10,479.8289,2.28E-01,38.8979,1.70E-01,1.3379
extra_membo_D2_2034.wav,1,50.461,2.38E+01,12.9652,2.38E+00,10.0097
extra_membo_D2_2034.wav,2,98.7347,6.30E+00,15.9571,1.74E+00,3.6224
extra_membo_D2_2034.wav,3,149.598,2.02E+00,18.9491,7.69E-01,2.6318
extra_membo_D2_2034.wav,4,200.4613,3.59E+00,0.9973,4.98E-01,7.2065
extra_membo_D2_2034.wav,5,257.3085,8.24E-01,31.9142,4.15E-01,1.9856
extra_membo_D2_2034.wav,6,307.1745,7.50E-01,5.9839,3.95E-01,1.8995
extra_membo_D2_2034.wav,7,354.7238,3.86E-01,30.9169,3.43E-01,1.1272
extra_membo_D2_2034.wav,8,405.3879,2.81E-01,1.9946,2.27E-01,1.2366
extra_membo_D2_2034.wav,9,457.6808,2.82E-01,5.9839,2.11E-01,1.3366
extra_membo_D2_2034.wav,10,511.625,2.77E-01,21.941,1.73E-01,1.6031
extra_membo_D2_2035.wav,1,57.0658,1.80E+01,19.9464,1.91E+00,9.4463
extra_membo_D2_2035.wav,2,110.7025,2.53E+00,38.8955,1.54E+00,1.6431
extra_membo_D2_2035.wav,3,172.5095,1.67E+00,37.8981,6.80E-01,2.4608
extra_membo_D2_2035.wav,4,227.6085,6.27E-01,38.8955,4.53E-01,1.3857
extra_membo_D2_2035.wav,5,281.2442,1.19E+00,4.9866,4.30E-01,2.7733
extra_membo_D2_2035.wav,6,338.731,5.92E-01,34.9062,3.39E-01,1.7475
extra_membo_D2_2035.wav,7,394.9386,1.50E+00,0.9973,2.18E-01,6.8689
extra_membo_D2_2035.wav,8,456.7724,3.38E-01,0.9973,1.52E-01,2.2284
extra_membo_D2_2035.wav,9,514.617,3.82E-01,19.9464,1.50E-01,2.5462
extra_membo_D2_2035.wav,10,570.4669,6.55E-01,14.9598,5.48E-01,1.1944
extra_membo_D2_2036.wav,1,49.9239,2.27E+01,18.9503,2.10E+00,10.8068
extra_membo_D2_2036.wav,2,100.5652,6.71E+00,17.9529,1.93E+00,3.479
extra_membo_D2_2036.wav,3,148.0109,2.52E+00,23.9372,7.59E-01,3.3244
extra_membo_D2_2036.wav,4,200.0451,3.17E+00,3.9895,4.05E-01,7.8224
extra_membo_D2_2036.wav,5,252.3376,3.74E-01,39.8953,3.73E-01,1.0027
extra_membo_D2_2036.wav,6,300.0184,1.54E+00,10.9712,3.89E-01,3.9723
extra_membo_D2_2036.wav,7,346.0915,4.98E-01,13.9633,3.39E-01,1.4677
extra_membo_D2_2036.wav,8,396.6949,3.52E-01,0.9974,2.54E-01,1.3837
extra_membo_D2_2036.wav,9,446.8873,4.71E-01,12.966,1.85E-01,2.5442
extra_membo_D2_2036.wav,10,500.6799,4.21E-01,31.9162,1.60E-01,2.6278
extra_membo_D2_2037.wav,1,42.2319,2.42E+01,10.9705,1.99E+00,12.1494
extra_membo_D2_2037.wav,2,84.7197,3.54E+00,36.9008,2.68E+00,1.3191
extra_membo_D2_2037.wav,3,128.6542,2.75E+00,19.9464,1.14E+00,2.4036
extra_membo_D2_2037.wav,4,170.5417,8.52E-01,36.9008,7.57E-01,1.1256
extra_membo_D2_2037.wav,5,207.3379,1.45E+00,0.9973,4.75E-01,3.0581
extra_membo_D2_2037.wav,6,251.593,7.40E-01,25.9303,3.34E-01,2.2179
extra_membo_D2_2037.wav,7,295.2066,2.15E+00,5.9839,3.12E-01,6.8773
extra_membo_D2_2037.wav,8,332.1075,5.59E-01,3.9893,3.00E-01,1.8615
extra_membo_D2_2037.wav,9,375.9881,6.37E-01,0.9973,2.62E-01,2.4293
extra_membo_D2_2037.wav,10,417.9637,2.34E-01,13.9625,1.87E-01,1.2545
extra_membo_D2_2038.wav,1,48.1953,2.68E+01,12.9652,2.07E+00,12.9788
extra_membo_D2_2038.wav,2,96.439,8.22E+00,27.925,1.82E+00,4.5075
extra_membo_D2_2038.wav,3,142.0098,1.26E+00,20.9437,9.29E-01,1.3554
extra_membo_D2_2038.wav,4,190.6035,1.37E+00,0.9973,6.00E-01,2.2767
extra_membo_D2_2038.wav,5,236.3648,7.39E-01,38.8955,4.43E-01,1.6671
extra_membo_D2_2038.wav,6,288.335,7.88E-01,5.9839,4.07E-01,1.9388
extra_membo_D2_2038.wav,7,334.9578,5.65E-01,31.9142,3.89E-01,1.4515
extra_membo_D2_2038.wav,8,382.2575,6.73E-01,0.9973,2.39E-01,2.816
extra_membo_D2_2038.wav,9,427.8502,4.40E-01,15.9571,1.64E-01,2.6751
extra_membo_D2_2038.wav,10,480.7081,2.40E-01,34.9062,1.62E-01,1.4829
extra_membo_D2_2039.wav,1,48.3093,3.34E+01,11.9686,3.06E+00,10.9346
extra_membo_D2_2039.wav,2,96.8743,7.45E+00,23.9372,2.42E+00,3.0781
extra_membo_D2_2039.wav,3,142.8513,1.62E+00,20.945,8.50E-01,1.9031
extra_membo_D2_2039.wav,4,192.3104,1.51E+00,0.9974,5.81E-01,2.591
extra_membo_D2_2039.wav,5,241.6471,8.12E-01,27.9267,4.00E-01,2.0304
extra_membo_D2_2039.wav,6,288.8144,9.72E-01,4.9869,3.65E-01,2.6606
extra_membo_D2_2039.wav,7,335.9561,7.58E-01,28.9241,3.68E-01,2.0586
extra_membo_D2_2039.wav,8,380.0025,4.28E-01,0.9974,2.85E-01,1.5018
extra_membo_D2_2039.wav,9,427.8768,3.88E-01,15.9581,1.99E-01,1.9514
extra_membo_D2_2039.wav,10,478.125,2.83E-01,1.9948,1.52E-01,1.8596
extra_membo_D2_2040.wav,1,48.3776,3.10E+01,11.2088,2.99E+00,10.3714
extra_membo_D2_2040.wav,2,96.591,8.66E+00,23.4365,2.25E+00,3.8406
extra_membo_D2_2040.wav,3,140.619,1.18E+00,22.4175,8.49E-01,1.391
extra_membo_D2_2040.wav,4,192.8975,6.60E-01,1.019,5.17E-01,1.2781
extra_membo_D2_2040.wav,5,241.643,5.19E-01,38.7212,4.51E-01,1.151
extra_membo_D2_2040.wav,6,287.6425,3.77E-01,7.1328,3.90E-01,0.9657
extra_membo_D2_2040.wav,7,337.2819,8.05E-01,19.3606,3.81E-01,2.1132
extra_membo_D2_2040.wav,8,383.0825,5.09E-01,1.019,2.97E-01,1.7127
extra_membo_D2_2040.wav,9,429.9824,5.79E-01,32.6073,2.13E-01,2.7134
extra_membo_D2_2040.wav,10,481.205,2.20E-01,38.7212,1.75E-01,1.2578
extra_membo_D2_2041.wav,1,48.6313,3.38E+01,11.9686,1.71E+00,19.7846
extra_membo_D2_2041.wav,2,98.6363,7.22E+00,25.9319,1.74E+00,4.1604
extra_membo_D2_2041.wav,3,148.2206,3.14E+00,18.9503,7.77E-01,4.0498
extra_membo_D2_2041.wav,4,195.5396,1.52E+00,0.9974,4.87E-01,3.1147
extra_membo_D2_2041.wav,5,241.3664,1.10E+00,32.9136,4.28E-01,2.5708
extra_membo_D2_2041.wav,6,295.172,2.64E+00,5.9843,3.46E-01,7.6353
extra_membo_D2_2041.wav,7,345.0941,1.16E+00,20.945,3.25E-01,3.5757
extra_membo_D2_2041.wav,8,393.9658,3.01E+00,0.9974,2.44E-01,12.3297
extra_membo_D2_2041.wav,9,442.8376,8.78E-01,0.9974,1.82E-01,4.828
extra_membo_D2_2041.wav,10,487.7405,5.53E-01,22.9398,1.40E-01,3.9433
extra_membo_D2_2042.wav,1,48.1726,3.40E+01,10.9705,2.03E+00,16.7372
extra_membo_D2_2042.wav,2,98.7347,6.67E+00,28.9223,1.85E+00,3.5987
extra_membo_D2_2042.wav,3,141.3663,1.83E+00,17.9518,8.01E-01,2.2788
extra_membo_D2_2042.wav,4,194.4773,1.26E+00,0.9973,4.36E-01,2.8932
extra_membo_D2_2042.wav,5,242.3487,8.33E-01,26.9276,3.94E-01,2.1122
extra_membo_D2_2042.wav,6,290.22,1.07E+00,11.9678,4.29E-01,2.5036
extra_membo_D2_2042.wav,7,335.5315,5.18E-01,30.9169,3.70E-01,1.3997
extra_membo_D2_2042.wav,8,379.9788,2.14E-01,0.9973,2.01E-01,1.0641
extra_membo_D2_2042.wav,9,431.4671,5.09E-01,13.9625,1.64E-01,3.1046
extra_membo_D2_2042.wav,10,477.4335,1.90E-01,34.9062,1.61E-01,1.18
extra_membo_D2_2043.wav,1,47.7469,2.91E+01,12.9652,2.00E+00,14.5198
extra_membo_D2_2043.wav,2,95.9863,4.79E+00,0.9973,2.04E+00,2.3422
extra_membo_D2_2043.wav,3,141.1733,2.09E+00,19.9464,8.64E-01,2.4255
extra_membo_D2_2043.wav,4,193.6349,1.05E+00,0.9973,5.12E-01,2.0577
extra_membo_D2_2043.wav,5,242.3487,7.89E-01,39.8928,4.13E-01,1.9085
extra_membo_D2_2043.wav,6,290.22,5.15E-01,10.9705,4.02E-01,1.2829
extra_membo_D2_2043.wav,7,333.2328,6.04E-01,32.9116,3.61E-01,1.6715
extra_membo_D2_2043.wav,8,382.474,5.46E-01,1.9946,2.63E-01,2.0753
extra_membo_D2_2043.wav,9,427.8502,4.53E-01,7.9786,2.04E-01,2.2211
extra_membo_D2_2043.wav,10,480.7081,2.46E-01,28.9223,1.79E-01,1.3712
extra_membo_D2_2044.wav,1,47.7027,2.98E+01,12.966,1.87E+00,15.9695
extra_membo_D2_2044.wav,2,96.6188,6.36E+00,26.9293,1.70E+00,3.7397
extra_membo_D2_2044.wav,3,142.4758,1.20E+00,20.945,8.61E-01,1.3945
extra_membo_D2_2044.wav,4,191.3272,1.07E+00,0.9974,5.42E-01,1.9747
extra_membo_D2_2044.wav,5,241.3558,1.21E+00,30.9188,4.03E-01,2.9994
extra_membo_D2_2044.wav,6,284.2538,5.27E-01,4.9869,3.49E-01,1.5085
extra_membo_D2_2044.wav,7,336.1389,6.33E-01,30.9188,3.52E-01,1.7988
extra_membo_D2_2044.wav,8,383.1395,5.21E-01,0.9974,2.83E-01,1.8442
extra_membo_D2_2044.wav,9,432.6408,4.23E-01,19.9476,2.02E-01,2.0941
extra_membo_D2_2044.wav,10,478.6326,1.72E-01,19.9476,1.41E-01,1.2218
extra_membo_D2_2045.wav,1,47.8917,1.96E+01,18.9491,2.24E+00,8.7788
extra_membo_D2_2045.wav,2,98.7347,7.08E+00,18.9491,1.77E+00,4.0015
extra_membo_D2_2045.wav,3,142.3528,2.53E+00,19.9464,8.26E-01,3.0659
extra_membo_D2_2045.wav,4,192.6674,1.08E+00,0.9973,4.68E-01,2.3087
extra_membo_D2_2045.wav,5,242.3487,6.87E-01,20.9437,3.80E-01,1.8076
extra_membo_D2_2045.wav,6,289.3125,7.53E-01,5.9839,3.46E-01,2.1759
extra_membo_D2_2045.wav,7,338.0914,1.31E+00,8.9759,3.31E-01,3.9463
extra_membo_D2_2045.wav,8,382.7368,3.44E-01,1.9946,2.89E-01,1.1913
extra_membo_D2_2045.wav,9,429.082,3.90E-01,0.9973,1.70E-01,2.2877
extra_membo_D2_2045.wav,10,475.7215,1.50E-01,39.8928,1.56E-01,0.9663
extra_membo_D2_2046.wav,1,48.007,1.92E+01,25.9303,2.29E+00,8.3855
extra_membo_D2_2046.wav,2,96.5692,8.35E+00,19.9464,1.92E+00,4.3557
extra_membo_D2_2046.wav,3,140.6221,2.70E+00,25.9303,9.27E-01,2.9137
extra_membo_D2_2046.wav,4,194.4773,9.94E-01,0.9973,4.53E-01,2.1956
extra_membo_D2_2046.wav,5,242.3487,8.54E-01,29.9196,4.06E-01,2.1023
extra_membo_D2_2046.wav,6,284.2361,7.86E-01,8.9759,3.17E-01,2.4781
extra_membo_D2_2046.wav,7,336.5856,6.62E-01,7.9786,3.12E-01,2.1209
extra_membo_D2_2046.wav,8,380.8923,4.29E-01,0.9973,2.45E-01,1.7538
extra_membo_D2_2046.wav,9,431.2952,3.15E-01,7.9786,1.71E-01,1.846
extra_membo_D2_2046.wav,10,478.7359,1.96E-01,39.8928,1.40E-01,1.4049
extra_membo_D2_2047.wav,1,42.6693,2.37E+01,18.9503,1.65E+00,14.3818
extra_membo_D2_2047.wav,2,87.7696,5.23E+00,24.9345,2.05E+00,2.5486
extra_membo_D2_2047.wav,3,127.9423,1.69E+00,38.8979,1.25E+00,1.3458
extra_membo_D2_2047.wav,4,171.0956,1.30E+00,38.8979,5.65E-01,2.2976
extra_membo_D2_2047.wav,5,212.4069,4.88E-01,0.9974,4.55E-01,1.072
extra_membo_D2_2047.wav,6,260.3167,4.03E-01,34.9084,3.55E-01,1.1372
extra_membo_D2_2047.wav,7,303.2041,9.57E-01,0.9974,3.43E-01,2.7907
extra_membo_D2_2047.wav,8,344.6904,1.11E+00,37.9005,3.31E-01,3.3424
extra_membo_D2_2047.wav,9,382.9946,6.74E-01,0.9974,2.65E-01,2.5402
extra_membo_D2_2047.wav,10,429.0725,4.06E-01,25.9319,2.04E-01,1.9891
extra_membo_D2_2048.wav,1,48.1066,2.27E+01,13.2467,2.56E+00,8.8755
extra_membo_D2_2048.wav,2,94.4833,5.98E+00,25.4745,1.94E+00,3.0813
extra_membo_D2_2048.wav,3,142.0447,2.01E+00,10.1898,8.34E-01,2.4147
extra_membo_D2_2048.wav,4,190.3993,1.25E+00,1.019,4.90E-01,2.5482
extra_membo_D2_2048.wav,5,241.5518,6.14E-01,34.6453,4.20E-01,1.4617
extra_membo_D2_2048.wav,6,287.6515,4.71E-01,6.1139,3.83E-01,1.2283
extra_membo_D2_2048.wav,7,337.2819,5.65E-01,1.019,3.40E-01,1.661
extra_membo_D2_2048.wav,8,382.5509,4.32E-01,1.019,2.32E-01,1.8618
extra_membo_D2_2048.wav,9,428.9899,3.85E-01,1.019,1.78E-01,2.1562
extra_membo_D2_2048.wav,10,481.9768,2.92E-01,34.6453,1.60E-01,1.8264
extra_membo_D2_2049.wav,1,48.0426,2.72E+01,13.9633,2.54E+00,10.6803
extra_membo_D2_2049.wav,2,98.7408,3.82E+00,34.9084,1.78E+00,2.145
extra_membo_D2_2049.wav,3,143.4254,1.66E+00,12.966,7.78E-01,2.1323
extra_membo_D2_2049.wav,4,194.4895,2.32E+00,5.9843,4.93E-01,4.702
extra_membo_D2_2049.wav,5,241.4298,7.21E-01,34.9084,3.99E-01,1.8095
extra_membo_D2_2049.wav,6,290.2381,5.69E-01,1.9948,3.92E-01,1.4514
extra_membo_D2_2049.wav,7,338.1125,7.18E-01,37.9005,3.71E-01,1.934
extra_membo_D2_2049.wav,8,381.8635,7.06E-01,0.9974,2.93E-01,2.4105
extra_membo_D2_2049.wav,9,427.8768,4.86E-01,32.9136,2.04E-01,2.389
extra_membo_D2_2049.wav,10,480.8888,1.66E-01,37.9005,1.78E-01,0.9317
extra_membo_D2_2050.wav,1,48.4533,3.14E+01,11.9678,2.46E+00,12.7868
extra_membo_D2_2050.wav,2,96.8315,7.43E+00,19.9464,2.35E+00,3.1584
extra_membo_D2_2050.wav,3,148.3798,3.37E+00,19.9464,1.04E+00,3.242
extra_membo_D2_2050.wav,4,193.5397,2.27E+00,25.9303,4.90E-01,4.6273
extra_membo_D2_2050.wav,5,245.4412,4.23E-01,36.9008,3.80E-01,1.1138
extra_membo_D2_2050.wav,6,295.456,2.11E+00,5.9839,3.89E-01,5.4056
extra_membo_D2_2050.wav,7,345.0726,1.28E+00,16.9544,3.76E-01,3.399
extra_membo_D2_2050.wav,8,393.9413,2.78E+00,0.9973,2.70E-01,10.2843
extra_membo_D2_2050.wav,9,442.8099,9.67E-01,6.9812,1.72E-01,5.6233
extra_membo_D2_2050.wav,10,490.5427,3.15E-01,29.9196,1.50E-01,2.0964
extra_membo_D2_2051.wav,1,48.577,3.47E+01,10.9705,2.30E+00,15.0691
extra_membo_D2_2051.wav,2,98.7598,7.46E+00,24.933,1.66E+00,4.494
extra_membo_D2_2051.wav,3,148.3492,2.91E+00,0.9973,7.50E-01,3.8765
extra_membo_D2_2051.wav,4,198.4666,1.14E+00,0.9973,5.26E-01,2.1719
extra_membo_D2_2051.wav,5,242.5201,5.54E-01,35.9035,4.21E-01,1.316
extra_membo_D2_2051.wav,6,295.5112,2.23E+00,7.9786,3.69E-01,6.0414
extra_membo_D2_2051.wav,7,345.0726,1.34E+00,18.9491,3.43E-01,3.9149
extra_membo_D2_2051.wav,8,393.9413,2.90E+00,0.9973,2.33E-01,12.4227
extra_membo_D2_2051.wav,9,442.8099,9.03E-01,0.9973,2.03E-01,4.4492
extra_membo_D2_2051.wav,10,489.6362,3.66E-01,37.8981,1.70E-01,2.1502
extra_membo_D2_2052.wav,1,49.4606,3.24E+01,12.966,1.62E+00,20.0304
extra_membo_D2_2052.wav,2,98.8299,8.70E+00,3.9895,1.41E+00,6.1527
extra_membo_D2_2052.wav,3,148.1697,3.01E+00,16.9555,7.62E-01,3.9508
extra_membo_D2_2052.wav,4,200.0474,3.48E+00,5.9843,4.93E-01,7.0503
extra_membo_D2_2052.wav,5,246.3533,5.37E-01,31.9162,4.23E-01,1.2694
extra_membo_D2_2052.wav,6,300.2599,2.53E+00,7.9791,3.82E-01,6.6186
extra_membo_D2_2052.wav,7,350.4244,8.00E-01,14.9607,2.87E-01,2.7875
extra_membo_D2_2052.wav,8,397.3368,2.70E-01,0,2.07E-01,1.3046
extra_membo_D2_2052.wav,9,448.6295,1.18E-01,0.9974,1.43E-01,0.8267
extra_membo_D2_2052.wav,10,500.3151,2.42E-01,33.911,1.29E-01,1.8827
extra_membo_D2_2053.wav,1,48.5488,2.81E+01,6.9812,2.43E+00,11.5807
extra_membo_D2_2053.wav,2,96.6844,8.62E+00,22.9384,2.17E+00,3.9639
extra_membo_D2_2053.wav,3,147.9793,2.44E+00,19.9464,7.60E-01,3.2152
extra_membo_D2_2053.wav,4,198.4666,1.46E+00,0.9973,4.79E-01,3.0579
extra_membo_D2_2053.wav,5,241.3514,6.90E-01,35.9035,4.10E-01,1.6817
extra_membo_D2_2053.wav,6,295.6192,2.06E+00,13.9625,3.63E-01,5.6778
extra_membo_D2_2053.wav,7,345.0726,1.26E+00,8.9759,3.13E-01,4.0284
extra_membo_D2_2053.wav,8,393.9413,2.68E+00,1.9946,2.58E-01,10.3824
extra_membo_D2_2053.wav,9,442.8099,7.12E-01,28.9223,2.12E-01,3.3521
extra_membo_D2_2053.wav,10,488.8919,3.74E-01,37.8981,1.82E-01,2.0526
extra_membo_D2_2054.wav,1,47.9855,2.26E+01,18.9491,2.62E+00,8.6393
extra_membo_D2_2054.wav,2,96.0191,5.42E+00,17.9518,2.20E+00,2.4626
extra_membo_D2_2054.wav,3,144.5972,2.14E+00,3.9893,8.34E-01,2.5613
extra_membo_D2_2054.wav,4,193.675,2.38E+00,7.9786,5.48E-01,4.3349
extra_membo_D2_2054.wav,5,241.0834,8.09E-01,33.9089,4.07E-01,1.9865
extra_membo_D2_2054.wav,6,288.9608,6.73E-01,5.9839,3.72E-01,1.8101
extra_membo_D2_2054.wav,7,338.0914,6.19E-01,28.9223,3.38E-01,1.8276
extra_membo_D2_2054.wav,8,382.8082,3.80E-01,0.9973,2.34E-01,1.6239
extra_membo_D2_2054.wav,9,431.9214,2.80E-01,6.9812,1.88E-01,1.4941
extra_membo_D2_2054.wav,10,477,1.81E-01,34.9062,1.74E-01,1.0423
extra_membo_D2_2055.wav,1,48.3083,2.89E+01,8.9764,1.91E+00,15.0888
extra_membo_D2_2055.wav,2,98.7408,3.71E+00,37.9005,1.85E+00,2.0086
extra_membo_D2_2055.wav,3,146.6151,2.19E+00,21.9424,7.61E-01,2.8819
extra_membo_D2_2055.wav,4,194.4895,1.28E+00,0.9974,4.74E-01,2.6948
extra_membo_D2_2055.wav,5,236.3795,5.05E-01,38.8979,4.00E-01,1.2625
extra_membo_D2_2055.wav,6,284.2538,5.90E-01,4.9869,3.31E-01,1.7849
extra_membo_D2_2055.wav,7,335.8021,1.15E+00,34.9084,3.03E-01,3.8031
extra_membo_D2_2055.wav,8,382.9282,4.51E-01,0.9974,2.59E-01,1.7409
extra_membo_D2_2055.wav,9,430.1102,6.59E-01,29.9215,2.07E-01,3.1762
extra_membo_D2_2055.wav,10,478.0448,1.74E-01,28.9241,1.57E-01,1.11
mixed_0-bebop_000_.wav,1,73.5171,8.96E+02,2.9297,1.08E+02,8.3282
mixed_0-bebop_000_.wav,2,143.5547,1.25E+02,21.4844,5.32E+01,2.3439
mixed_0-bebop_000_.wav,3,221.5002,1.23E+02,24.4141,5.21E+01,2.3642
mixed_0-bebop_000_.wav,4,292.8566,2.88E+02,32.2266,8.19E+01,3.5138
mixed_0-bebop_000_.wav,5,365.0105,1.05E+02,35.1562,5.28E+01,1.99
mixed_0-bebop_000_.wav,6,442.3828,2.34E+01,38.0859,2.06E+01,1.1382
mixed_0-bebop_000_.wav,7,515.625,3.89E+01,37.1094,1.76E+01,2.2147
mixed_0-bebop_000_.wav,8,585.9215,4.56E+01,35.1562,2.44E+01,1.8708
mixed_0-bebop_000_.wav,9,656.25,4.76E+01,27.3438,1.93E+01,2.4708
mixed_0-bebop_000_.wav,10,735.3516,2.40E+01,38.0859,1.27E+01,1.8955
mixed_0-bebop_001_.wav,1,51.2997,4.51E+02,24.4141,7.42E+01,6.0802
mixed_0-bebop_001_.wav,2,103.0201,1.30E+02,38.0859,7.64E+01,1.7033
mixed_0-bebop_001_.wav,3,156.5003,9.38E+01,38.0859,5.94E+01,1.5784
mixed_0-bebop_001_.wav,4,207.458,1.71E+02,33.2031,8.02E+01,2.1364
mixed_0-bebop_001_.wav,5,261.7188,9.06E+01,32.2266,6.42E+01,1.4125
mixed_0-bebop_001_.wav,6,310.6559,1.63E+02,32.2266,8.42E+01,1.9401
mixed_0-bebop_001_.wav,7,365.2344,1.74E+02,28.3203,1.31E+02,1.3299
mixed_0-bebop_001_.wav,8,411.1328,2.33E+02,36.1328,1.27E+02,1.838
mixed_0-bebop_001_.wav,9,462.8906,1.58E+02,26.3672,8.09E+01,1.9511
mixed_0-bebop_001_.wav,10,520.5078,9.58E+01,30.2734,5.02E+01,1.9089
mixed_0-bebop_002_.wav,1,54.4031,5.30E+02,0.9766,3.73E+01,14.2283
mixed_0-bebop_002_.wav,2,112.3047,6.15E+01,30.2734,3.62E+01,1.6964
mixed_0-bebop_002_.wav,3,162.2112,4.03E+01,28.3203,3.31E+01,1.2194
mixed_0-bebop_002_.wav,4,217.6331,4.17E+01,36.1328,3.42E+01,1.2197
mixed_0-bebop_002_.wav,5,276.3672,4.95E+01,36.1328,2.72E+01,1.8198
mixed_0-bebop_002_.wav,6,330.3107,2.81E+01,35.1562,2.01E+01,1.4002
mixed_0-bebop_002_.wav,7,385.7422,3.61E+01,39.0625,1.77E+01,2.0439
mixed_0-bebop_002_.wav,8,439.6086,4.05E+01,36.1328,1.58E+01,2.5565
mixed_0-bebop_002_.wav,9,495.1172,1.24E+01,38.0859,8.85E+00,1.4036
mixed_0-bebop_002_.wav,10,549.8047,1.83E+01,28.3203,8.95E+00,2.0401
mixed_0-bebop_003_.wav,1,53.0234,4.72E+02,0.9766,2.43E+01,19.4175
mixed_0-bebop_003_.wav,2,105.0929,4.07E+01,36.1328,3.59E+01,1.1345
mixed_0-bebop_003_.wav,3,157.9521,3.02E+01,37.1094,3.21E+01,0.9396
mixed_0-bebop_003_.wav,4,210.8536,4.27E+01,33.2031,2.69E+01,1.5883
mixed_0-bebop_003_.wav,5,260.7422,4.84E+01,18.5547,2.19E+01,2.2126
mixed_0-bebop_003_.wav,6,319.3359,9.29E+00,27.3438,1.25E+01,0.7439
mixed_0-bebop_003_.wav,7,372.0703,4.62E+01,2.9297,1.04E+01,4.4301
mixed_0-bebop_003_.wav,8,420.759,2.64E+01,28.3203,8.35E+00,3.1658
mixed_0-bebop_003_.wav,9,471.6797,1.01E+01,32.2266,6.35E+00,1.5988
mixed_0-bebop_003_.wav,10,526.6586,5.17E+00,39.0625,5.94E+00,0.8701
mixed_0-bebop_004_.wav,1,52.7111,3.22E+02,4.8828,3.26E+01,9.8928
mixed_0-bebop_004_.wav,2,106.9672,7.28E+01,39.0625,4.42E+01,1.6477
mixed_0-bebop_004_.wav,3,159.9433,6.09E+01,31.25,3.82E+01,1.5945
mixed_0-bebop_004_.wav,4,208.7917,3.71E+01,29.2969,2.80E+01,1.3261
mixed_0-bebop_004_.wav,5,262.562,2.20E+01,36.1328,1.66E+01,1.3227
mixed_0-bebop_004_.wav,6,317.5015,1.41E+01,34.1797,9.75E+00,1.4443
mixed_0-bebop_004_.wav,7,372.0703,2.73E+01,5.8594,8.84E+00,3.0905
mixed_0-bebop_004_.wav,8,424.8047,5.64E+01,8.7891,6.45E+00,8.7419
mixed_0-bebop_004_.wav,9,471.6797,5.92E+00,39.0625,4.05E+00,1.4628
mixed_0-bebop_004_.wav,10,529.7433,3.80E+00,39.0625,3.65E+00,1.0416
mixed_1-bebop_000_.wav,1,153.4211,1.07E+02,2.9297,7.19E+00,14.9482
mixed_1-bebop_000_.wav,2,306.5096,4.15E+00,1.9531,3.29E+00,1.2607
mixed_1-bebop_000_.wav,3,460.9342,1.61E+00,14.6484,1.53E+00,1.0467
mixed_1-bebop_000_.wav,4,611.2598,1.72E+01,7.8125,3.88E+00,4.4294
mixed_1-bebop_000_.wav,5,764.1791,2.29E+01,3.9062,8.99E+00,2.5472
mixed_1-bebop_000_.wav,6,919.7991,5.14E+01,13.6719,6.39E+00,8.0507
mixed_1-bebop_000_.wav,7,1070.3125,2.27E+00,35.1562,2.26E+00,1.0069
mixed_1-bebop_000_.wav,8,1227.2144,4.33E+01,19.5312,1.64E+01,2.6375
mixed_1-bebop_000_.wav,9,1382.8125,2.51E+01,23.4375,4.44E+00,5.6539
mixed_1-bebop_000_.wav,10,1536.1328,1.37E+01,36.1328,7.81E+00,1.752
mixed_1-bebop_001_.wav,1,48.4788,8.83E+01,0.9766,5.60E+00,15.7643
mixed_1-bebop_001_.wav,2,99.5871,9.95E+00,34.1797,4.77E+00,2.0857
mixed_1-bebop_001_.wav,3,149.4141,7.59E+00,1.9531,2.96E+00,2.5637
mixed_1-bebop_001_.wav,4,194.7238,2.98E+00,25.3906,2.15E+00,1.3858
mixed_1-bebop_001_.wav,5,245.4465,6.85E+00,36.1328,2.84E+00,2.4163
mixed_1-bebop_001_.wav,6,290.0391,4.64E+02,1.9531,4.12E+00,112.4972
mixed_1-bebop_001_.wav,7,344.7266,7.57E+00,3.9062,5.12E+00,1.4802
mixed_1-bebop_001_.wav,8,393.5547,4.97E+01,8.7891,6.41E+00,7.7555
mixed_1-bebop_001_.wav,9,441.0319,4.91E+00,25.3906,3.28E+00,1.4961
mixed_1-bebop_001_.wav,10,486.4085,6.71E+00,21.4844,2.89E+00,2.3203
mixed_1-bebop_002_.wav,1,152.6857,6.99E+01,0.9766,2.77E+00,25.2441
mixed_1-bebop_002_.wav,2,305.8837,4.71E+00,2.9297,4.87E+00,0.9663
mixed_1-bebop_002_.wav,3,454.1016,5.72E+00,39.0625,4.87E+00,1.1732
mixed_1-bebop_002_.wav,4,606.4453,2.64E+02,4.8828,1.38E+01,19.1491
mixed_1-bebop_002_.wav,5,764.6484,2.41E+01,1.9531,2.19E+01,1.1021
mixed_1-bebop_002_.wav,6,911.1328,1.04E+02,2.9297,1.81E+01,5.7598
mixed_1-bebop_002_.wav,7,1064.2549,7.66E+00,36.1328,4.13E+00,1.853
mixed_1-bebop_002_.wav,8,1218.586,1.45E+01,2.9297,1.42E+01,1.0215
mixed_1-bebop_002_.wav,9,1368.1641,4.55E+01,27.3438,1.22E+01,3.7115
mixed_1-bebop_002_.wav,10,1522.9896,1.31E+01,2.9297,1.32E+01,0.9913
mixed_1-bebop_003_.wav,1,48.7597,8.56E+01,0.9766,2.05E+00,41.6983
mixed_1-bebop_003_.wav,2,96.5549,7.24E+00,33.2031,2.81E+00,2.5727
mixed_1-bebop_003_.wav,3,148.1002,4.42E+00,0.9766,2.64E+00,1.6731
mixed_1-bebop_003_.wav,4,198.2422,3.26E+00,39.0625,3.00E+00,1.0866
mixed_1-bebop_003_.wav,5,244.2215,5.87E+00,39.0625,4.29E+00,1.3659
mixed_1-bebop_003_.wav,6,290.0391,3.96E+02,1.9531,5.57E+00,71.0879
mixed_1-bebop_003_.wav,7,341.6752,8.38E+00,0.9766,5.25E+00,1.5965
mixed_1-bebop_003_.wav,8,393.5547,2.13E+01,17.5781,7.38E+00,2.8888
mixed_1-bebop_003_.wav,9,440.1694,3.09E+00,2.9297,4.38E+00,0.7054
mixed_1-bebop_003_.wav,10,487.5637,4.70E+00,39.0625,3.46E+00,1.3573
mixed_1-bebop_004_.wav,1,153.179,5.85E+01,1.1062,3.52E+00,16.6195
mixed_1-bebop_004_.wav,2,301.9912,7.37E+00,1.1062,6.65E+00,1.1087
mixed_1-bebop_004_.wav,3,461.2832,6.21E+00,38.7168,7.74E+00,0.803
mixed_1-bebop_004_.wav,4,608.4071,1.20E+02,5.531,1.75E+01,6.8492
mixed_1-bebop_004_.wav,5,765.7619,2.49E+01,1.1062,2.91E+01,0.8535
mixed_1-bebop_004_.wav,6,915.5265,9.99E+01,7.7434,3.67E+01,2.7211
mixed_1-bebop_004_.wav,7,1066.2504,6.88E+00,34.292,5.13E+00,1.3426
mixed_1-bebop_004_.wav,8,1219.1632,4.23E+01,2.2124,1.60E+01,2.6446
mixed_1-bebop_004_.wav,9,1372.7952,1.06E+01,34.292,1.08E+01,0.9816
mixed_1-bebop_004_.wav,10,1529.8673,1.84E+01,21.0177,8.42E+00,2.183
mixed_10-bebop_000_.wav,1,54.0472,2.28E+02,32.2266,8.79E+01,2.5908
mixed_10-bebop_000_.wav,2,109.5252,1.23E+02,33.2031,8.62E+01,1.4313
mixed_10-bebop_000_.wav,3,160.0649,6.95E+01,36.1328,6.01E+01,1.1568
mixed_10-bebop_000_.wav,4,215.0362,1.47E+02,26.3672,4.57E+01,3.2089
mixed_10-bebop_000_.wav,5,265.625,8.40E+01,37.1094,4.45E+01,1.8865
mixed_10-bebop_000_.wav,6,322.8091,7.07E+01,37.1094,5.09E+01,1.3881
mixed_10-bebop_000_.wav,7,377.4739,5.29E+01,34.1797,4.47E+01,1.1817
mixed_10-bebop_000_.wav,8,426.7578,8.73E+01,35.1562,4.48E+01,1.9464
mixed_10-bebop_000_.wav,9,486.3281,5.43E+01,39.0625,3.97E+01,1.37
mixed_10-bebop_000_.wav,10,536.7463,4.20E+01,38.0859,3.54E+01,1.1867
mixed_10-bebop_001_.wav,1,61.9727,1.90E+02,39.0625,4.46E+01,4.2581
mixed_10-bebop_001_.wav,2,125.9766,7.92E+01,35.1562,4.14E+01,1.9143
mixed_10-bebop_001_.wav,3,181.6406,4.38E+01,30.2734,4.09E+01,1.0703
mixed_10-bebop_001_.wav,4,249.0234,6.58E+01,39.0625,3.90E+01,1.688
mixed_10-bebop_001_.wav,5,306.8059,3.31E+01,37.1094,3.50E+01,0.9458
mixed_10-bebop_001_.wav,6,366.2109,6.24E+01,37.1094,3.70E+01,1.6841
mixed_10-bebop_001_.wav,7,427.7344,4.50E+01,39.0625,3.44E+01,1.3064
mixed_10-bebop_001_.wav,8,490.6256,4.25E+01,27.3438,2.95E+01,1.4369
mixed_10-bebop_001_.wav,9,553.2533,2.78E+01,31.25,2.37E+01,1.1719
mixed_10-bebop_001_.wav,10,612.3047,4.24E+01,37.1094,2.40E+01,1.7706
mixed_10-bebop_002_.wav,1,67.152,3.04E+02,38.0859,1.05E+02,2.8928
mixed_10-bebop_002_.wav,2,134.8679,1.31E+02,39.0625,8.92E+01,1.4669
mixed_10-bebop_002_.wav,3,199.2188,1.31E+02,37.1094,6.41E+01,2.0506
mixed_10-bebop_002_.wav,4,269.6037,7.74E+01,26.3672,3.85E+01,2.0081
mixed_10-bebop_002_.wav,5,333.9844,4.86E+01,32.2266,3.18E+01,1.5303
mixed_10-bebop_002_.wav,6,404.6545,6.43E+01,18.5547,2.99E+01,2.1473
mixed_10-bebop_002_.wav,7,474.6094,4.22E+01,38.0859,2.50E+01,1.6918
mixed_10-bebop_002_.wav,8,536.1328,3.39E+01,25.3906,2.29E+01,1.4852
mixed_10-bebop_002_.wav,9,607.0553,3.25E+01,37.1094,1.63E+01,1.9971
mixed_10-bebop_002_.wav,10,670.8984,2.65E+01,36.1328,1.64E+01,1.6135
mixed_10-bebop_003_.wav,1,102.6988,1.56E+02,36.1328,5.00E+01,3.1192
mixed_10-bebop_003_.wav,2,202.1484,4.04E+01,37.1094,1.71E+01,2.3601
mixed_10-bebop_003_.wav,3,310.5469,2.06E+01,34.1797,1.44E+01,1.4321
mixed_10-bebop_003_.wav,4,408.1591,4.02E+01,36.1328,1.87E+01,2.1507
mixed_10-bebop_003_.wav,5,509.7656,2.22E+01,37.1094,1.70E+01,1.3011
mixed_10-bebop_003_.wav,6,614.6859,2.60E+01,33.2031,1.40E+01,1.8616
mixed_10-bebop_003_.wav,7,720.7031,1.94E+01,37.1094,1.27E+01,1.5205
mixed_10-bebop_003_.wav,8,819.5958,2.12E+01,29.2969,1.48E+01,1.4368
mixed_10-bebop_003_.wav,9,919.9219,1.69E+01,36.1328,1.13E+01,1.4944
mixed_10-bebop_003_.wav,10,1028.3203,1.42E+01,32.2266,9.74E+00,1.4535
mixed_10-bebop_004_.wav,1,66.1943,1.10E+02,21.0177,2.89E+01,3.8018
mixed_10-bebop_004_.wav,2,133.2346,3.86E+01,38.7168,2.65E+01,1.4573
mixed_10-bebop_004_.wav,3,201.3274,2.18E+01,38.7168,1.76E+01,1.2404
mixed_10-bebop_004_.wav,4,268.8053,2.56E+01,37.6106,1.24E+01,2.0707
mixed_10-bebop_004_.wav,5,334.2324,2.26E+01,37.6106,1.38E+01,1.6427
mixed_10-bebop_004_.wav,6,396.8288,2.63E+01,26.5487,1.75E+01,1.5098
mixed_10-bebop_004_.wav,7,462.5576,2.84E+01,26.5487,1.16E+01,2.4423
mixed_10-bebop_004_.wav,8,534.292,2.13E+01,28.7611,9.71E+00,2.1895
mixed_10-bebop_004_.wav,9,595.271,1.35E+01,34.292,1.03E+01,1.3028
mixed_10-bebop_004_.wav,10,667.0354,2.33E+01,34.292,1.22E+01,1.9126
mixed_11-bebop_000_.wav,1,114.9959,7.90E+02,0.9766,2.76E+01,28.6736
mixed_11-bebop_000_.wav,2,229.9181,2.75E+02,0.9766,1.54E+01,17.9143
mixed_11-bebop_000_.wav,3,344.9017,6.75E+01,39.0625,1.06E+01,6.388
mixed_11-bebop_000_.wav,4,459.7196,1.18E+02,39.0625,8.56E+00,13.8148
mixed_11-bebop_000_.wav,5,574.5369,3.11E+01,39.0625,5.81E+00,5.345
mixed_11-bebop_000_.wav,6,689.5162,3.20E+01,39.0625,6.74E+00,4.7483
mixed_11-bebop_000_.wav,7,804.8153,1.50E+01,39.0625,7.58E+00,1.9827
mixed_11-bebop_000_.wav,8,919.789,2.42E+01,39.0625,8.77E+00,2.7649
mixed_11-bebop_000_.wav,9,1034.1797,6.92E+01,39.0625,8.63E+00,8.0146
mixed_11-bebop_000_.wav,10,1149.4141,8.14E+01,20.5078,8.30E+00,9.8057
mixed_11-bebop_001_.wav,1,115.0321,7.75E+02,0.9766,2.74E+01,28.3329
mixed_11-bebop_001_.wav,2,230.0991,3.21E+02,0.9766,1.15E+01,27.8654
mixed_11-bebop_001_.wav,3,344.8325,6.19E+01,38.0859,8.64E+00,7.1675
mixed_11-bebop_001_.wav,4,460.1325,1.30E+02,39.0625,9.13E+00,14.1891
mixed_11-bebop_001_.wav,5,574.8378,3.64E+01,39.0625,6.22E+00,5.8543
mixed_11-bebop_001_.wav,6,692.7671,3.66E+01,17.5781,8.76E+00,4.1733
mixed_11-bebop_001_.wav,7,804.7263,1.32E+01,39.0625,6.66E+00,1.9772
mixed_11-bebop_001_.wav,8,919.8867,2.46E+01,38.0859,9.99E+00,2.4581
mixed_11-bebop_001_.wav,9,1034.1797,9.99E+01,38.0859,9.05E+00,11.0373
mixed_11-bebop_001_.wav,10,1149.4141,7.30E+01,0.9766,7.17E+00,10.1791
mixed_11-bebop_002_.wav,1,115.0181,7.80E+02,0.9766,2.94E+01,26.5601
mixed_11-bebop_002_.wav,2,230.1444,3.74E+02,0.9766,1.40E+01,26.6794
mixed_11-bebop_002_.wav,3,344.9251,5.99E+01,38.0859,7.58E+00,7.899
mixed_11-bebop_002_.wav,4,459.97,1.16E+02,39.0625,1.06E+01,10.9784
mixed_11-bebop_002_.wav,5,574.9708,2.15E+01,39.0625,5.60E+00,3.8276
mixed_11-bebop_002_.wav,6,693.1678,4.46E+01,20.5078,7.85E+00,5.6861
mixed_11-bebop_002_.wav,7,806.2557,1.97E+01,29.2969,7.98E+00,2.462
mixed_11-bebop_002_.wav,8,923.9486,1.61E+01,3.9062,9.34E+00,1.7275
mixed_11-bebop_002_.wav,9,1034.1797,1.17E+02,19.5312,6.62E+00,17.6789
mixed_11-bebop_002_.wav,10,1149.4141,6.81E+01,0.9766,6.12E+00,11.1269
mixed_11-bebop_003_.wav,1,115.0821,8.34E+02,0.9766,3.65E+01,22.8258
mixed_11-bebop_003_.wav,2,230.2779,3.89E+02,0.9766,1.75E+01,22.1904
mixed_11-bebop_003_.wav,3,345.0313,6.22E+01,38.0859,8.57E+00,7.2582
mixed_11-bebop_003_.wav,4,460.1513,1.09E+02,39.0625,1.04E+01,10.5366
mixed_11-bebop_003_.wav,5,575.1934,3.26E+01,39.0625,6.27E+00,5.1978
mixed_11-bebop_003_.wav,6,693.3582,5.27E+01,16.6016,8.78E+00,6.0026
mixed_11-bebop_003_.wav,7,804.969,2.27E+01,39.0625,7.08E+00,3.2031
mixed_11-bebop_003_.wav,8,919.9978,1.61E+01,0.9766,5.88E+00,2.743
mixed_11-bebop_003_.wav,9,1035.2587,9.71E+01,20.5078,7.58E+00,12.8117
mixed_11-bebop_003_.wav,10,1150.3446,6.74E+01,0,1.02E+01,6.6352
mixed_11-bebop_004_.wav,1,115.0346,7.05E+02,1.1062,4.06E+01,17.3536
mixed_11-bebop_004_.wav,2,230.3366,3.79E+02,1.1062,1.20E+01,31.6293
mixed_11-bebop_004_.wav,3,345.3079,6.37E+01,38.7168,8.93E+00,7.1319
mixed_11-bebop_004_.wav,4,460.2775,9.78E+01,38.7168,7.73E+00,12.6518
mixed_11-bebop_004_.wav,5,575.6198,2.82E+01,38.7168,5.38E+00,5.2525
mixed_11-bebop_004_.wav,6,690.4253,2.68E+01,38.7168,7.88E+00,3.4092
mixed_11-bebop_004_.wav,7,805.3709,2.29E+01,38.7168,5.37E+00,4.2662
mixed_11-bebop_004_.wav,8,920.9228,8.96E+00,38.7168,6.21E+00,1.444
mixed_11-bebop_004_.wav,9,1036.1109,4.39E+01,19.9115,6.45E+00,6.8166
mixed_11-bebop_004_.wav,10,1150.6017,5.09E+01,1.1062,8.10E+00,6.2874
mixed_12-bebop_000_.wav,1,116.1566,5.42E+02,39.0625,5.63E+01,9.6256
mixed_12-bebop_000_.wav,2,232.2947,3.49E+02,19.5312,2.42E+01,14.4282
mixed_12-bebop_000_.wav,3,348.3952,1.10E+02,19.5312,1.01E+01,10.9177
mixed_12-bebop_000_.wav,4,464.6158,4.12E+01,0,7.83E+00,5.2584
mixed_12-bebop_000_.wav,5,580.594,2.15E+01,39.0625,6.23E+00,3.4579
mixed_12-bebop_000_.wav,6,700.1953,4.03E+01,16.6016,6.69E+00,6.0264
mixed_12-bebop_000_.wav,7,812.8377,4.44E+01,30.2734,9.38E+00,4.7393
mixed_12-bebop_000_.wav,8,928.8136,1.06E+01,39.0625,6.55E+00,1.6174
mixed_12-bebop_000_.wav,9,1044.8497,5.04E+01,19.5312,5.75E+00,8.7553
mixed_12-bebop_000_.wav,10,1160.9851,3.50E+01,39.0625,7.78E+00,4.5011
mixed_12-bebop_001_.wav,1,116.1578,5.68E+02,19.5312,2.94E+01,19.3383
mixed_12-bebop_001_.wav,2,232.2783,2.95E+02,19.5312,1.34E+01,22.0041
mixed_12-bebop_001_.wav,3,348.5108,1.06E+02,0.9766,9.65E+00,11.0187
mixed_12-bebop_001_.wav,4,464.7957,3.72E+01,39.0625,5.68E+00,6.5519
mixed_12-bebop_001_.wav,5,580.6975,2.61E+01,39.0625,4.90E+00,5.318
mixed_12-bebop_001_.wav,6,700.1953,3.47E+01,0.9766,8.36E+00,4.1466
mixed_12-bebop_001_.wav,7,812.9962,3.39E+01,29.2969,8.56E+00,3.9611
mixed_12-bebop_001_.wav,8,929.8623,7.49E+00,0,6.33E+00,1.1824
mixed_12-bebop_001_.wav,9,1045.0699,5.60E+01,0.9766,6.27E+00,8.9392
mixed_12-bebop_001_.wav,10,1161.9692,1.69E+01,39.0625,8.09E+00,2.0924
mixed_12-bebop_002_.wav,1,116.1604,6.23E+02,19.5312,5.03E+01,12.3817
mixed_12-bebop_002_.wav,2,232.2191,2.86E+02,39.0625,1.91E+01,14.9624
mixed_12-bebop_002_.wav,3,348.4748,1.05E+02,19.5312,9.80E+00,10.7275
mixed_12-bebop_002_.wav,4,464.5769,4.29E+01,39.0625,7.74E+00,5.5396
mixed_12-bebop_002_.wav,5,580.7624,3.81E+01,39.0625,6.22E+00,6.1308
mixed_12-bebop_002_.wav,6,700.1953,4.51E+01,16.6016,7.52E+00,5.9899
mixed_12-bebop_002_.wav,7,813.0065,3.91E+01,19.5312,7.52E+00,5.1944
mixed_12-bebop_002_.wav,8,928.8309,1.60E+01,39.0625,6.33E+00,2.5313
mixed_12-bebop_002_.wav,9,1045.1746,4.32E+01,20.5078,6.40E+00,6.7445
mixed_12-bebop_002_.wav,10,1162.1157,1.74E+01,39.0625,8.31E+00,2.0946
mixed_12-bebop_003_.wav,1,116.1808,5.48E+02,39.0625,2.62E+01,20.9074
mixed_12-bebop_003_.wav,2,232.2758,2.71E+02,19.5312,1.42E+01,18.9959
mixed_12-bebop_003_.wav,3,348.5072,1.15E+02,19.5312,8.22E+00,14.0198
mixed_12-bebop_003_.wav,4,464.6156,3.27E+01,39.0625,9.41E+00,3.4741
mixed_12-bebop_003_.wav,5,580.9633,4.66E+01,39.0625,4.87E+00,9.5711
mixed_12-bebop_003_.wav,6,700.1953,4.16E+01,16.6016,8.48E+00,4.8989
mixed_12-bebop_003_.wav,7,813.251,3.56E+01,19.5312,5.33E+00,6.6857
mixed_12-bebop_003_.wav,8,932.6172,9.48E+00,0.9766,8.43E+00,1.1251
mixed_12-bebop_003_.wav,9,1043.8893,2.10E+01,30.2734,7.96E+00,2.6345
mixed_12-bebop_003_.wav,10,1161.5805,1.85E+01,39.0625,6.49E+00,2.8468
mixed_12-bebop_004_.wav,1,116.1675,5.75E+02,2.2124,4.20E+01,13.6795
mixed_12-bebop_004_.wav,2,232.2828,2.70E+02,19.9115,1.61E+01,16.7718
mixed_12-bebop_004_.wav,3,348.4758,1.03E+02,19.9115,9.44E+00,10.9329
mixed_12-bebop_004_.wav,4,464.5919,4.80E+01,39.823,7.50E+00,6.4072
mixed_12-bebop_004_.wav,5,580.9524,4.04E+01,38.7168,4.71E+00,8.5674
mixed_12-bebop_004_.wav,6,700.2212,3.30E+01,16.5929,8.77E+00,3.7604
mixed_12-bebop_004_.wav,7,813.3392,3.36E+01,19.9115,6.20E+00,5.4263
mixed_12-bebop_004_.wav,8,929.442,1.33E+01,38.7168,6.90E+00,1.9325
mixed_12-bebop_004_.wav,9,1045.6451,3.52E+01,38.7168,7.82E+00,4.4946
mixed_12-bebop_004_.wav,10,1162.0105,1.57E+01,38.7168,6.56E+00,2.3885
mixed_13-bebop_000_.wav,1,56.7814,1.00E+02,33.2031,2.57E+01,3.9023
mixed_13-bebop_000_.wav,2,116.2109,2.90E+01,38.0859,2.00E+01,1.4487
mixed_13-bebop_000_.wav,3,170.6958,2.09E+01,39.0625,1.16E+01,1.797
mixed_13-bebop_000_.wav,4,229.4922,1.99E+01,35.1562,8.57E+00,2.3184
mixed_13-bebop_000_.wav,5,281.4748,1.52E+01,39.0625,6.32E+00,2.4083
mixed_13-bebop_000_.wav,6,336.9141,4.14E+00,11.7188,5.93E+00,0.6972
mixed_13-bebop_000_.wav,7,397.3947,7.61E+00,37.1094,6.75E+00,1.1276
mixed_13-bebop_000_.wav,8,452.662,3.30E+01,17.5781,5.89E+00,5.6074
mixed_13-bebop_000_.wav,9,506.8359,3.00E+00,37.1094,3.42E+00,0.8762
mixed_13-bebop_000_.wav,10,569.3359,8.25E+00,37.1094,4.18E+00,1.972
mixed_13-bebop_001_.wav,1,63.817,1.36E+02,32.2266,2.92E+01,4.6459
mixed_13-bebop_001_.wav,2,124.7827,2.79E+01,38.0859,1.80E+01,1.5519
mixed_13-bebop_001_.wav,3,187.5,1.97E+01,31.25,1.41E+01,1.4016
mixed_13-bebop_001_.wav,4,254.2608,1.28E+01,39.0625,9.32E+00,1.37
mixed_13-bebop_001_.wav,5,315.0888,1.36E+01,37.1094,5.73E+00,2.376
mixed_13-bebop_001_.wav,6,383.1202,1.76E+01,9.7656,7.52E+00,2.3407
mixed_13-bebop_001_.wav,7,446.65,5.88E+00,26.3672,5.48E+00,1.0719
mixed_13-bebop_001_.wav,8,507.5654,4.44E+00,34.1797,3.78E+00,1.1748
mixed_13-bebop_001_.wav,9,568.3594,1.07E+01,31.25,3.56E+00,2.9992
mixed_13-bebop_001_.wav,10,636.8197,3.92E+00,39.0625,2.68E+00,1.4629
mixed_13-bebop_002_.wav,1,85.8465,1.31E+02,39.0625,5.43E+01,2.4043
mixed_13-bebop_002_.wav,2,174.8047,2.94E+01,36.1328,2.67E+01,1.0988
mixed_13-bebop_002_.wav,3,256.3863,2.12E+01,39.0625,2.23E+01,0.9535
mixed_13-bebop_002_.wav,4,343.0133,5.93E+00,38.0859,1.12E+01,0.5288
mixed_13-bebop_002_.wav,5,427.461,1.44E+01,10.7422,7.49E+00,1.9255
mixed_13-bebop_002_.wav,6,517.9992,6.69E+00,31.25,4.18E+00,1.6005
mixed_13-bebop_002_.wav,7,600.4139,1.19E+01,20.5078,2.76E+00,4.3223
mixed_13-bebop_002_.wav,8,687.3705,2.40E+00,11.7188,3.54E+00,0.678
mixed_13-bebop_002_.wav,9,770.5078,7.03E+00,9.7656,5.06E+00,1.3893
mixed_13-bebop_002_.wav,10,856.4453,1.86E+01,16.6016,5.93E+00,3.1377
mixed_13-bebop_003_.wav,1,55.8083,2.30E+02,20.5078,3.87E+01,5.9434
mixed_13-bebop_003_.wav,2,110.125,5.18E+01,37.1094,4.06E+01,1.2741
mixed_13-bebop_003_.wav,3,165.856,2.80E+01,9.7656,2.22E+01,1.2633
mixed_13-bebop_003_.wav,4,222.8551,2.26E+01,31.25,1.25E+01,1.8125
mixed_13-bebop_003_.wav,5,280.3478,2.15E+01,27.3438,7.82E+00,2.7545
mixed_13-bebop_003_.wav,6,336.9141,8.48E+00,39.0625,6.79E+00,1.249
mixed_13-bebop_003_.wav,7,391.618,8.99E+00,39.0625,7.01E+00,1.2822
mixed_13-bebop_003_.wav,8,443.4402,1.17E+01,0.9766,6.19E+00,1.8889
mixed_13-bebop_003_.wav,9,500.2926,8.56E+00,21.4844,3.51E+00,2.4395
mixed_13-bebop_003_.wav,10,559.5703,7.69E+00,19.5312,2.49E+00,3.0867
mixed_13-bebop_004_.wav,1,56.5055,1.08E+02,33.1858,1.58E+01,6.8562
mixed_13-bebop_004_.wav,2,111.6124,3.44E+01,36.5044,1.50E+01,2.2891
mixed_13-bebop_004_.wav,3,167.0354,2.40E+01,38.7168,1.07E+01,2.2482
mixed_13-bebop_004_.wav,4,225.8661,1.19E+01,30.9735,7.15E+00,1.6694
mixed_13-bebop_004_.wav,5,280.3868,9.48E+00,38.7168,4.56E+00,2.0778
mixed_13-bebop_004_.wav,6,337.3158,3.87E+00,39.823,3.12E+00,1.2402
mixed_13-bebop_004_.wav,7,392.7333,4.15E+01,19.9115,5.12E+00,8.1152
mixed_13-bebop_004_.wav,8,448.0088,6.07E+00,19.9115,4.36E+00,1.3923
mixed_13-bebop_004_.wav,9,504.4248,4.53E+00,35.3982,3.38E+00,1.3407
mixed_13-bebop_004_.wav,10,566.3717,4.03E+00,21.0177,2.50E+00,1.6144
mixed_14-bebop_000_.wav,1,184.8166,1.18E+02,20.5078,8.58E+00,13.8016
mixed_14-bebop_000_.wav,2,368.2638,6.03E+01,4.8828,7.41E+00,8.1323
mixed_14-bebop_000_.wav,3,555.1543,1.08E+01,19.5312,3.17E+00,3.4167
mixed_14-bebop_000_.wav,4,737.9292,2.05E+01,30.2734,5.67E+00,3.6242
mixed_14-bebop_000_.wav,5,921.4887,5.08E+00,18.5547,3.25E+00,1.5645
mixed_14-bebop_000_.wav,6,1106.4247,3.14E+01,16.6016,5.31E+00,5.905
mixed_14-bebop_000_.wav,7,1293.7982,9.08E+00,9.7656,8.53E+00,1.0648
mixed_14-bebop_000_.wav,8,1477.6803,7.09E+00,31.25,6.07E+00,1.1691
mixed_14-bebop_000_.wav,9,1659.5227,1.37E+01,19.5312,7.57E+00,1.8146
mixed_14-bebop_000_.wav,10,1847.1025,1.01E+01,36.1328,4.03E+00,2.4963
mixed_14-bebop_001_.wav,1,189.4137,1.47E+02,1.9531,1.32E+01,11.1377
mixed_14-bebop_001_.wav,2,381.8359,4.88E+01,12.6953,1.08E+01,4.5086
mixed_14-bebop_001_.wav,3,566.9583,2.34E+01,36.1328,7.81E+00,2.9996
mixed_14-bebop_001_.wav,4,757.1133,3.09E+01,30.2734,7.79E+00,3.962
mixed_14-bebop_001_.wav,5,949.6435,7.33E+00,36.1328,3.58E+00,2.0492
mixed_14-bebop_001_.wav,6,1138.0057,4.06E+01,8.7891,8.24E+00,4.935
mixed_14-bebop_001_.wav,7,1323.2422,3.80E+00,6.8359,3.64E+00,1.0427
mixed_14-bebop_001_.wav,8,1514.1101,2.07E+01,39.0625,6.46E+00,3.2012
mixed_14-bebop_001_.wav,9,1707.312,3.06E+01,35.1562,8.85E+00,3.4597
mixed_14-bebop_001_.wav,10,1891.6016,1.21E+01,36.1328,5.68E+00,2.1352
mixed_14-bebop_002_.wav,1,193.2611,1.90E+02,1.9531,2.24E+01,8.4765
mixed_14-bebop_002_.wav,2,386.4473,4.36E+01,3.9062,1.07E+01,4.0759
mixed_14-bebop_002_.wav,3,578.0118,1.68E+01,21.4844,7.43E+00,2.2626
mixed_14-bebop_002_.wav,4,772.5554,1.13E+01,14.6484,5.92E+00,1.9081
mixed_14-bebop_002_.wav,5,968.3954,2.44E+01,34.1797,7.89E+00,3.0899
mixed_14-bebop_002_.wav,6,1157.2266,5.92E+00,37.1094,4.34E+00,1.366
mixed_14-bebop_002_.wav,7,1356.4453,7.38E+00,34.1797,7.27E+00,1.0157
mixed_14-bebop_002_.wav,8,1543.9453,1.06E+01,27.3438,4.94E+00,2.1402
mixed_14-bebop_002_.wav,9,1739.851,7.26E+00,12.6953,6.00E+00,1.2102
mixed_14-bebop_002_.wav,10,1933.3596,8.08E+00,36.1328,4.52E+00,1.7867
mixed_14-bebop_003_.wav,1,73.8622,2.75E+02,32.2266,8.79E+01,3.1252
mixed_14-bebop_003_.wav,2,146.0412,8.84E+01,36.1328,5.96E+01,1.4833
mixed_14-bebop_003_.wav,3,225.5859,7.60E+01,15.625,3.31E+01,2.2952
mixed_14-bebop_003_.wav,4,298.2839,3.22E+01,39.0625,2.06E+01,1.5598
mixed_14-bebop_003_.wav,5,368.1641,5.96E+01,4.8828,1.35E+01,4.4288
mixed_14-bebop_003_.wav,6,448.2422,7.07E+00,6.8359,7.15E+00,0.9885
mixed_14-bebop_003_.wav,7,522.4609,1.08E+01,33.2031,4.69E+00,2.2981
mixed_14-bebop_003_.wav,8,596.6797,8.81E+00,32.2266,4.81E+00,1.833
mixed_14-bebop_003_.wav,9,667.0001,6.15E+00,24.4141,4.39E+00,1.3991
mixed_14-bebop_003_.wav,10,739.2578,2.34E+01,14.6484,6.28E+00,3.7217
mixed_14-bebop_004_.wav,1,53.3112,3.20E+02,9.9558,4.29E+01,7.444
mixed_14-bebop_004_.wav,2,109.5133,9.71E+01,27.6549,4.94E+01,1.9668
mixed_14-bebop_004_.wav,3,158.6054,5.34E+01,37.6106,3.40E+01,1.5694
mixed_14-bebop_004_.wav,4,215.708,3.83E+01,2.2124,2.33E+01,1.6475
mixed_14-bebop_004_.wav,5,263.6207,6.10E+01,17.6991,1.49E+01,4.0782
mixed_14-bebop_004_.wav,6,315.2655,1.45E+01,28.7611,9.78E+00,1.4832
mixed_14-bebop_004_.wav,7,369.1073,3.01E+01,22.1239,1.10E+01,2.7437
mixed_14-bebop_004_.wav,8,422.492,2.61E+01,34.292,1.30E+01,2.019
mixed_14-bebop_004_.wav,9,481.1947,1.97E+01,3.3186,7.82E+00,2.5197
mixed_14-bebop_004_.wav,10,531.5517,6.83E+00,2.2124,6.83E+00,1
mixed_15-bebop_000_.wav,1,70.0205,7.00E+02,2.9297,9.42E+01,7.4337
mixed_15-bebop_000_.wav,2,140.6222,4.82E+02,19.5312,6.22E+01,7.7387
mixed_15-bebop_000_.wav,3,211.2217,5.29E+02,20.5078,5.15E+01,10.2743
mixed_15-bebop_000_.wav,4,281.0155,1.73E+02,4.8828,2.67E+01,6.4746
mixed_15-bebop_000_.wav,5,351.6147,3.88E+02,7.8125,2.76E+01,14.0728
mixed_15-bebop_000_.wav,6,422.2789,4.51E+02,7.8125,2.97E+01,15.1701
mixed_15-bebop_000_.wav,7,490.4012,4.98E+01,9.7656,1.60E+01,3.1062
mixed_15-bebop_000_.wav,8,561.7046,2.43E+02,12.6953,2.94E+01,8.245
mixed_15-bebop_000_.wav,9,631.0593,1.83E+02,14.6484,2.38E+01,7.6721
mixed_15-bebop_000_.wav,10,706.0547,5.98E+01,9.7656,1.42E+01,4.2188
mixed_15-bebop_001_.wav,1,67.3148,9.22E+02,1.9531,5.58E+01,16.5134
mixed_15-bebop_001_.wav,2,134.6138,4.66E+02,18.5547,5.08E+01,9.16
mixed_15-bebop_001_.wav,3,201.4441,4.43E+02,20.5078,3.56E+01,12.4233
mixed_15-bebop_001_.wav,4,267.8766,2.44E+02,2.9297,1.55E+01,15.7788
mixed_15-bebop_001_.wav,5,336.5447,1.12E+02,5.8594,1.64E+01,6.7891
mixed_15-bebop_001_.wav,6,403.5009,2.06E+02,5.8594,2.47E+01,8.352
mixed_15-bebop_001_.wav,7,469.8676,8.99E+01,21.4844,1.95E+01,4.6056
mixed_15-bebop_001_.wav,8,540.5813,3.41E+01,20.5078,7.48E+00,4.5588
mixed_15-bebop_001_.wav,9,606.5421,6.87E+01,5.8594,1.26E+01,5.4747
mixed_15-bebop_001_.wav,10,671.6448,4.99E+01,22.4609,1.35E+01,3.6795
mixed_15-bebop_002_.wav,1,65.6048,1.00E+03,0.9766,6.20E+01,16.213
mixed_15-bebop_002_.wav,2,130.8522,2.55E+02,17.5781,6.29E+01,4.0511
mixed_15-bebop_002_.wav,3,196.3425,3.70E+02,17.5781,6.15E+01,6.0197
mixed_15-bebop_002_.wav,4,261.7606,3.20E+02,18.5547,3.94E+01,8.109
mixed_15-bebop_002_.wav,5,325.3466,1.36E+01,2.9297,1.30E+01,1.0498
mixed_15-bebop_002_.wav,6,392.3389,1.23E+02,5.8594,1.78E+01,6.9163
mixed_15-bebop_002_.wav,7,457.607,1.06E+02,4.8828,1.43E+01,7.4095
mixed_15-bebop_002_.wav,8,522.2088,6.53E+01,17.5781,8.31E+00,7.8581
mixed_15-bebop_002_.wav,9,585.9375,6.78E+00,39.0625,4.85E+00,1.3968
mixed_15-bebop_002_.wav,10,652.3664,2.12E+01,28.3203,6.05E+00,3.5109
mixed_15-bebop_003_.wav,1,64.6913,6.33E+02,0.9766,6.08E+01,10.4143
mixed_15-bebop_003_.wav,2,129.5601,5.10E+01,0.9766,4.26E+01,1.1969
mixed_15-bebop_003_.wav,3,194.4546,3.28E+02,16.6016,3.95E+01,8.3087
mixed_15-bebop_003_.wav,4,258.997,2.06E+02,33.2031,2.66E+01,7.7523
mixed_15-bebop_003_.wav,5,323.3814,7.62E+01,16.6016,1.45E+01,5.2397
mixed_15-bebop_003_.wav,6,387.4478,5.42E+01,10.7422,1.09E+01,4.9717
mixed_15-bebop_003_.wav,7,452.2635,2.84E+01,36.1328,7.71E+00,3.6864
mixed_15-bebop_003_.wav,8,517.5874,5.34E+01,34.1797,7.85E+00,6.8014
mixed_15-bebop_003_.wav,9,581.7773,2.43E+01,17.5781,4.58E+00,5.3145
mixed_15-bebop_003_.wav,10,647.4609,9.70E+00,12.6953,3.25E+00,2.9853
mixed_15-bebop_004_.wav,1,63.7277,4.45E+02,22.1239,8.84E+01,5.0297
mixed_15-bebop_004_.wav,2,125,7.57E+01,39.823,5.98E+01,1.2667
mixed_15-bebop_004_.wav,3,191.3354,2.00E+02,33.1858,4.13E+01,4.8548
mixed_15-bebop_004_.wav,4,255.2446,2.42E+02,16.5929,3.83E+01,6.3022
mixed_15-bebop_004_.wav,5,319.049,1.25E+02,17.6991,2.83E+01,4.4306
mixed_15-bebop_004_.wav,6,382.6387,3.05E+01,19.9115,1.13E+01,2.711
mixed_15-bebop_004_.wav,7,447.0366,3.17E+01,35.3982,9.62E+00,3.2933
mixed_15-bebop_004_.wav,8,511.1851,5.36E+01,33.1858,7.85E+00,6.8249
mixed_15-bebop_004_.wav,9,574.959,2.66E+01,22.1239,6.44E+00,4.1321
mixed_15-bebop_004_.wav,10,639.3805,4.34E+00,39.823,3.97E+00,1.0954
mixed_16-bebop_000_.wav,1,100.135,7.02E+02,0.9766,7.33E+01,9.5734
mixed_16-bebop_000_.wav,2,202.9457,1.90E+02,3.9062,3.89E+01,4.8864
mixed_16-bebop_000_.wav,3,299.8998,2.07E+02,21.4844,6.42E+01,3.2266
mixed_16-bebop_000_.wav,4,402.4795,8.06E+01,14.6484,3.21E+01,2.5067
mixed_16-bebop_000_.wav,5,505.0419,6.09E+01,31.25,2.85E+01,2.1398
mixed_16-bebop_000_.wav,6,603.388,2.43E+01,39.0625,2.09E+01,1.1601
mixed_16-bebop_000_.wav,7,706.4562,1.94E+01,31.25,1.94E+01,1
mixed_16-bebop_000_.wav,8,806.9471,3.26E+01,33.2031,1.49E+01,2.1929
mixed_16-bebop_000_.wav,9,906.2975,4.77E+01,36.1328,1.73E+01,2.7551
mixed_16-bebop_000_.wav,10,1004.3018,8.39E+01,0.9766,2.23E+01,3.7558
mixed_16-bebop_001_.wav,1,85.0861,3.01E+02,32.2266,6.59E+01,4.5689
mixed_16-bebop_001_.wav,2,166.9922,1.09E+02,1.9531,4.94E+01,2.1984
mixed_16-bebop_001_.wav,3,257.8125,2.18E+02,18.5547,5.04E+01,4.3328
mixed_16-bebop_001_.wav,4,340.7521,5.69E+01,35.1562,3.58E+01,1.5924
mixed_16-bebop_001_.wav,5,425.1797,9.10E+01,19.5312,2.32E+01,3.9183
mixed_16-bebop_001_.wav,6,512.6953,6.86E+01,34.1797,2.60E+01,2.6341
mixed_16-bebop_001_.wav,7,591.7969,3.36E+01,39.0625,2.78E+01,1.2068
mixed_16-bebop_001_.wav,8,680.532,1.49E+01,30.2734,1.80E+01,0.8278
mixed_16-bebop_001_.wav,9,767.5781,2.49E+01,39.0625,1.63E+01,1.5301
mixed_16-bebop_001_.wav,10,848.3806,1.75E+01,28.3203,1.28E+01,1.3641
mixed_16-bebop_002_.wav,1,48.3172,1.37E+02,18.5547,2.14E+01,6.385
mixed_16-bebop_002_.wav,2,97.9969,3.03E+01,34.1797,2.36E+01,1.2865
mixed_16-bebop_002_.wav,3,144.5916,3.31E+01,37.1094,1.49E+01,2.2252
mixed_16-bebop_002_.wav,4,188.4766,1.51E+01,32.2266,9.70E+00,1.5529
mixed_16-bebop_002_.wav,5,238.4523,9.69E+00,37.1094,6.65E+00,1.4573
mixed_16-bebop_002_.wav,6,284.1797,9.66E+00,37.1094,6.32E+00,1.5284
mixed_16-bebop_002_.wav,7,337.8906,1.16E+01,36.1328,6.56E+00,1.7632
mixed_16-bebop_002_.wav,8,381.7997,3.66E+01,15.625,8.31E+00,4.4077
mixed_16-bebop_002_.wav,9,430.2459,8.99E+00,10.7422,4.84E+00,1.8584
mixed_16-bebop_002_.wav,10,477.4476,3.59E+00,33.2031,2.87E+00,1.2479
mixed_16-bebop_003_.wav,1,54.9646,2.14E+02,24.4141,4.89E+01,4.3651
mixed_16-bebop_003_.wav,2,107.1658,6.52E+01,7.8125,3.94E+01,1.6537
mixed_16-bebop_003_.wav,3,165.1812,4.14E+01,19.5312,1.82E+01,2.2783
mixed_16-bebop_003_.wav,4,218.9531,1.20E+01,32.2266,1.04E+01,1.1609
mixed_16-bebop_003_.wav,5,275.5805,1.37E+01,28.3203,6.15E+00,2.2274
mixed_16-bebop_003_.wav,6,326.0238,9.06E+00,36.1328,4.59E+00,1.9737
mixed_16-bebop_003_.wav,7,382.1522,3.73E+01,8.7891,6.49E+00,5.7445
mixed_16-bebop_003_.wav,8,439.465,4.03E+00,0.9766,2.71E+00,1.4838
mixed_16-bebop_003_.wav,9,489.2578,3.71E+00,12.6953,1.40E+00,2.6446
mixed_16-bebop_003_.wav,10,547.9276,6.67E+00,33.2031,1.53E+00,4.3566
mixed_16-bebop_004_.wav,1,55.7925,1.57E+02,26.3672,2.40E+01,6.558
mixed_16-bebop_004_.wav,2,113.4657,4.04E+01,24.4141,2.08E+01,1.9452
mixed_16-bebop_004_.wav,3,168.1498,1.87E+01,38.0859,1.32E+01,1.4186
mixed_16-bebop_004_.wav,4,224.0994,1.09E+01,37.1094,8.49E+00,1.2795
mixed_16-bebop_004_.wav,5,279.1701,7.92E+00,24.4141,5.01E+00,1.5792
mixed_16-bebop_004_.wav,6,331.0547,2.87E+00,36.1328,3.49E+00,0.8232
mixed_16-bebop_004_.wav,7,392.5781,8.91E+00,39.0625,4.79E+00,1.8601
mixed_16-bebop_004_.wav,8,442.3828,5.11E+00,11.7188,2.32E+00,2.2057
mixed_16-bebop_004_.wav,9,503.9062,4.06E+00,24.4141,1.43E+00,2.836
mixed_16-bebop_004_.wav,10,558.3833,2.59E+00,14.6484,1.70E+00,1.5237
mixed_17-bebop_000_.wav,1,59.9161,3.80E+02,5.8594,5.11E+01,7.4375
mixed_17-bebop_000_.wav,2,119.4433,6.50E+01,24.4141,2.92E+01,2.2229
mixed_17-bebop_000_.wav,3,175.7812,9.98E+01,10.7422,1.91E+01,5.2149
mixed_17-bebop_000_.wav,4,239.6701,2.38E+01,35.1562,1.48E+01,1.6072
mixed_17-bebop_000_.wav,5,295.6277,1.09E+01,38.0859,9.79E+00,1.109
mixed_17-bebop_000_.wav,6,359.6882,1.89E+01,33.2031,9.67E+00,1.9505
mixed_17-bebop_000_.wav,7,418.2477,3.21E+01,20.5078,7.84E+00,4.0905
mixed_17-bebop_000_.wav,8,473.6328,3.86E+00,0.9766,2.80E+00,1.3801
mixed_17-bebop_000_.wav,9,539.0625,5.78E+00,33.2031,4.09E+00,1.4144
mixed_17-bebop_000_.wav,10,593.7449,4.62E+00,34.1797,4.94E+00,0.9351
mixed_17-bebop_001_.wav,1,59.616,3.65E+02,12.6953,5.10E+01,7.1569
mixed_17-bebop_001_.wav,2,119.2701,5.55E+01,35.1562,4.26E+01,1.3021
mixed_17-bebop_001_.wav,3,175.7812,1.08E+02,10.7422,2.35E+01,4.5725
mixed_17-bebop_001_.wav,4,239.3866,2.78E+01,36.1328,1.24E+01,2.2497
mixed_17-bebop_001_.wav,5,299.7528,2.15E+01,34.1797,9.29E+00,2.3109
mixed_17-bebop_001_.wav,6,359.7631,1.68E+01,34.1797,8.57E+00,1.9582
mixed_17-bebop_001_.wav,7,419.9219,3.30E+01,15.625,6.35E+00,5.1927
mixed_17-bebop_001_.wav,8,474.5533,4.53E+00,1.9531,3.66E+00,1.2381
mixed_17-bebop_001_.wav,9,537.4486,1.33E+01,21.4844,4.23E+00,3.1331
mixed_17-bebop_001_.wav,10,592.7734,1.06E+01,36.1328,4.14E+00,2.5695
mixed_17-bebop_002_.wav,1,59.902,2.88E+02,11.7188,3.51E+01,8.2137
mixed_17-bebop_002_.wav,2,119.0141,4.57E+01,31.25,2.75E+01,1.6625
mixed_17-bebop_002_.wav,3,175.7812,1.17E+02,11.7188,1.23E+01,9.5352
mixed_17-bebop_002_.wav,4,239.6902,2.89E+01,32.2266,8.52E+00,3.3936
mixed_17-bebop_002_.wav,5,300.0188,2.57E+01,19.5312,6.23E+00,4.1229
mixed_17-bebop_002_.wav,6,359.7208,1.10E+01,28.3203,8.12E+00,1.3496
mixed_17-bebop_002_.wav,7,419.9219,3.48E+01,17.5781,6.01E+00,5.7911
mixed_17-bebop_002_.wav,8,479.4922,4.72E+00,0.9766,2.90E+00,1.6273
mixed_17-bebop_002_.wav,9,539.0625,1.03E+01,7.8125,3.32E+00,3.0955
mixed_17-bebop_002_.wav,10,598.6328,7.81E+00,31.25,4.22E+00,1.8487
mixed_17-bebop_003_.wav,1,46.064,9.03E+01,25.3906,2.32E+01,3.8984
mixed_17-bebop_003_.wav,2,89.8489,5.17E+01,26.3672,2.26E+01,2.2926
mixed_17-bebop_003_.wav,3,135.4756,2.89E+01,23.4375,1.09E+01,2.6636
mixed_17-bebop_003_.wav,4,186.5234,9.33E+00,23.4375,6.13E+00,1.5218
mixed_17-bebop_003_.wav,5,232.4219,5.52E+00,39.0625,4.11E+00,1.3412
mixed_17-bebop_003_.wav,6,277.1912,3.98E+00,38.0859,2.36E+00,1.6833
mixed_17-bebop_003_.wav,7,321.0821,2.44E+00,38.0859,2.10E+00,1.1609
mixed_17-bebop_003_.wav,8,367.5106,8.31E+00,32.2266,5.40E+00,1.5391
mixed_17-bebop_003_.wav,9,415.1882,5.23E+01,19.5312,9.04E+00,5.7851
mixed_17-bebop_003_.wav,10,459.0512,2.54E+00,0.9766,2.05E+00,1.2381
mixed_17-bebop_004_.wav,1,59.197,7.53E+01,36.5044,2.02E+01,3.7204
mixed_17-bebop_004_.wav,2,117.2485,3.03E+01,34.292,1.39E+01,2.1842
mixed_17-bebop_004_.wav,3,178.842,1.43E+01,35.3982,6.92E+00,2.0723
mixed_17-bebop_004_.wav,4,242.2566,6.33E+00,39.823,3.94E+00,1.6083
mixed_17-bebop_004_.wav,5,298.8185,6.99E+00,24.3363,2.93E+00,2.3853
mixed_17-bebop_004_.wav,6,356.8905,7.55E+00,3.3186,2.55E+00,2.9574
mixed_17-bebop_004_.wav,7,421.4602,3.66E+00,5.531,2.47E+00,1.4824
mixed_17-bebop_004_.wav,8,474.5575,4.49E+00,2.2124,2.25E+00,1.9964
mixed_17-bebop_004_.wav,9,540.9292,1.67E+00,35.3982,1.45E+00,1.1493
mixed_17-bebop_004_.wav,10,599.4106,4.95E+00,26.5487,1.97E+00,2.5132
mixed_18-bebop_000_.wav,1,62.5229,1.30E+02,30.2734,3.37E+01,3.8583
mixed_18-bebop_000_.wav,2,126.4479,6.11E+01,29.2969,2.46E+01,2.4895
mixed_18-bebop_000_.wav,3,190.4297,1.42E+01,26.3672,1.26E+01,1.1326
mixed_18-bebop_000_.wav,4,251.8398,1.60E+01,29.2969,1.04E+01,1.5448
mixed_18-bebop_000_.wav,5,315.4297,8.16E+00,35.1562,9.37E+00,0.87
mixed_18-bebop_000_.wav,6,372.0703,1.12E+01,36.1328,7.25E+00,1.5508
mixed_18-bebop_000_.wav,7,440.4297,6.80E+01,8.7891,5.73E+00,11.8596
mixed_18-bebop_000_.wav,8,501.2681,5.98E+00,37.1094,4.18E+00,1.4314
mixed_18-bebop_000_.wav,9,565.4297,1.05E+01,32.2266,4.39E+00,2.3845
mixed_18-bebop_000_.wav,10,623.4608,4.20E+00,35.1562,3.81E+00,1.1032
mixed_18-bebop_001_.wav,1,57.4249,1.72E+02,31.25,3.37E+01,5.0992
mixed_18-bebop_001_.wav,2,112.9571,7.85E+01,31.25,4.01E+01,1.9568
mixed_18-bebop_001_.wav,3,175.7812,3.12E+01,39.0625,1.74E+01,1.7923
mixed_18-bebop_001_.wav,4,228.5872,2.73E+01,39.0625,1.27E+01,2.1506
mixed_18-bebop_001_.wav,5,285.1562,1.70E+01,33.2031,9.83E+00,1.7301
mixed_18-bebop_001_.wav,6,345.0972,5.51E+00,8.7891,5.56E+00,0.991
mixed_18-bebop_001_.wav,7,402.4956,8.02E+00,39.0625,4.25E+00,1.8863
mixed_18-bebop_001_.wav,8,459.6726,3.17E+01,17.5781,6.23E+00,5.087
mixed_18-bebop_001_.wav,9,517.628,6.04E+00,39.0625,4.25E+00,1.4205
mixed_18-bebop_001_.wav,10,577.6413,8.49E+00,32.2266,4.14E+00,2.0481
mixed_18-bebop_002_.wav,1,61.2839,3.58E+02,16.6016,4.64E+01,7.7075
mixed_18-bebop_002_.wav,2,120.1172,8.08E+01,30.2734,4.43E+01,1.8218
mixed_18-bebop_002_.wav,3,186.2154,4.65E+01,39.0625,2.41E+01,1.9271
mixed_18-bebop_002_.wav,4,245.2263,2.25E+01,37.1094,1.48E+01,1.5141
mixed_18-bebop_002_.wav,5,308.332,1.61E+01,9.7656,9.93E+00,1.6194
mixed_18-bebop_002_.wav,6,366.8481,1.59E+01,34.1797,6.49E+00,2.4465
mixed_18-bebop_002_.wav,7,428.5503,8.75E+00,39.0625,6.18E+00,1.4149
mixed_18-bebop_002_.wav,8,495.1172,9.61E+00,35.1562,5.27E+00,1.8238
mixed_18-bebop_002_.wav,9,555.1735,6.91E+00,31.25,4.00E+00,1.7261
mixed_18-bebop_002_.wav,10,613.1334,8.10E+00,6.8359,5.22E+00,1.5515
mixed_18-bebop_003_.wav,1,51.6339,1.80E+02,28.3203,4.48E+01,4.0127
mixed_18-bebop_003_.wav,2,105.5713,5.75E+01,39.0625,4.65E+01,1.2358
mixed_18-bebop_003_.wav,3,157.5925,3.04E+01,36.1328,2.51E+01,1.2127
mixed_18-bebop_003_.wav,4,208.3296,1.76E+01,36.1328,1.67E+01,1.0562
mixed_18-bebop_003_.wav,5,256.9315,1.93E+01,38.0859,1.27E+01,1.5218
mixed_18-bebop_003_.wav,6,312.6096,2.01E+01,31.25,8.99E+00,2.2348
mixed_18-bebop_003_.wav,7,360.1316,1.11E+01,34.1797,1.00E+01,1.1074
mixed_18-bebop_003_.wav,8,416.9922,4.72E+01,17.5781,9.79E+00,4.8199
mixed_18-bebop_003_.wav,9,462.8906,6.50E+00,38.0859,5.54E+00,1.1738
mixed_18-bebop_003_.wav,10,514.6484,9.70E+00,26.3672,4.32E+00,2.246
mixed_18-bebop_004_.wav,1,81.7501,1.79E+02,32.0796,5.92E+01,3.0221
mixed_18-bebop_004_.wav,2,163.7953,5.58E+01,38.7168,1.77E+01,3.1522
mixed_18-bebop_004_.wav,3,247.7876,3.37E+01,29.8673,1.06E+01,3.1723
mixed_18-bebop_004_.wav,4,324.7803,2.44E+01,12.1681,8.30E+00,2.9409
mixed_18-bebop_004_.wav,5,412.6106,2.25E+01,23.2301,8.04E+00,2.7975
mixed_18-bebop_004_.wav,6,487.8319,6.79E+00,32.0796,4.66E+00,1.4566
mixed_18-bebop_004_.wav,7,576.3274,7.51E+00,18.8053,3.71E+00,2.0269
mixed_18-bebop_004_.wav,8,655.4528,8.59E+00,30.9735,3.76E+00,2.2874
mixed_18-bebop_004_.wav,9,734.6694,6.90E+00,21.0177,4.02E+00,1.7156
mixed_18-bebop_004_.wav,10,816.8157,1.17E+01,7.7434,6.11E+00,1.9216
mixed_19-bebop_000_.wav,1,64.3004,2.98E+02,18.5547,6.57E+01,4.5347
mixed_19-bebop_000_.wav,2,125.9766,9.12E+01,31.25,4.21E+01,2.1675
mixed_19-bebop_000_.wav,3,193.764,4.01E+01,35.1562,2.08E+01,1.9289
mixed_19-bebop_000_.wav,4,257.863,2.38E+01,33.2031,1.67E+01,1.4251
mixed_19-bebop_000_.wav,5,319.3359,3.12E+01,32.2266,1.57E+01,1.989
mixed_19-bebop_000_.wav,6,388.0899,2.57E+01,20.5078,1.74E+01,1.4779
mixed_19-bebop_000_.wav,7,453.2204,2.58E+01,32.2266,1.57E+01,1.642
mixed_19-bebop_000_.wav,8,512.6953,7.88E+00,13.6719,7.43E+00,1.0601
mixed_19-bebop_000_.wav,9,579.1839,1.75E+01,29.2969,1.14E+01,1.5379
mixed_19-bebop_000_.wav,10,645.6989,1.51E+01,28.3203,1.05E+01,1.4314
mixed_19-bebop_001_.wav,1,47.5757,2.23E+02,23.4375,6.09E+01,3.6562
mixed_19-bebop_001_.wav,2,93.3909,7.10E+01,8.7891,6.19E+01,1.1477
mixed_19-bebop_001_.wav,3,144.7308,4.62E+01,39.0625,2.66E+01,1.7359
mixed_19-bebop_001_.wav,4,192.7752,3.09E+01,25.3906,1.47E+01,2.1048
mixed_19-bebop_001_.wav,5,238.9892,1.67E+01,38.0859,1.18E+01,1.4056
mixed_19-bebop_001_.wav,6,286.4584,2.01E+01,13.6719,1.56E+01,1.295
mixed_19-bebop_001_.wav,7,332.0312,3.47E+01,14.6484,1.76E+01,1.9694
mixed_19-bebop_001_.wav,8,380.7541,3.97E+01,32.2266,1.67E+01,2.3832
mixed_19-bebop_001_.wav,9,432.8979,3.41E+01,27.3438,1.58E+01,2.159
mixed_19-bebop_001_.wav,10,475.5859,1.95E+01,38.0859,1.13E+01,1.7197
mixed_19-bebop_002_.wav,1,55.3013,1.47E+02,28.3203,3.47E+01,4.218
mixed_19-bebop_002_.wav,2,108.3984,6.24E+01,29.2969,3.38E+01,1.8488
mixed_19-bebop_002_.wav,3,165.1106,2.55E+01,38.0859,1.47E+01,1.7365
mixed_19-bebop_002_.wav,4,221.6293,9.70E+00,39.0625,7.86E+00,1.2348
mixed_19-bebop_002_.wav,5,281.25,8.30E+00,21.4844,5.01E+00,1.6576
mixed_19-bebop_002_.wav,6,331.877,6.40E+00,39.0625,3.23E+00,1.9837
mixed_19-bebop_002_.wav,7,387.7682,1.20E+02,4.8828,4.27E+00,28.2073
mixed_19-bebop_002_.wav,8,445.2759,3.94E+00,36.1328,2.03E+00,1.9423
mixed_19-bebop_002_.wav,9,503.9062,2.66E+00,10.7422,1.77E+00,1.5033
mixed_19-bebop_002_.wav,10,553.7109,2.10E+00,17.5781,1.70E+00,1.2295
mixed_19-bebop_003_.wav,1,42.7715,2.11E+02,10.7422,3.14E+01,6.7168
mixed_19-bebop_003_.wav,2,85.7619,7.12E+01,35.1562,5.88E+01,1.2107
mixed_19-bebop_003_.wav,3,131.8359,8.28E+01,33.2031,3.47E+01,2.3872
mixed_19-bebop_003_.wav,4,168.9453,3.91E+01,27.3438,2.45E+01,1.5956
mixed_19-bebop_003_.wav,5,214.0286,4.16E+01,30.2734,1.53E+01,2.7274
mixed_19-bebop_003_.wav,6,257.3735,2.11E+01,34.1797,1.05E+01,2.0012
mixed_19-bebop_003_.wav,7,297.8516,1.18E+01,17.5781,6.82E+00,1.731
mixed_19-bebop_003_.wav,8,342.508,1.00E+01,33.2031,5.38E+00,1.8616
mixed_19-bebop_003_.wav,9,386.4472,7.19E+01,12.6953,6.82E+00,10.5389
mixed_19-bebop_003_.wav,10,432.6172,5.13E+00,5.8594,3.34E+00,1.5387
mixed_19-bebop_004_.wav,1,63.976,1.98E+02,30.9735,4.99E+01,3.9689
mixed_19-bebop_004_.wav,2,128.3909,5.23E+01,39.823,3.20E+01,1.636
mixed_19-bebop_004_.wav,3,192.1074,2.26E+01,32.0796,1.51E+01,1.4932
mixed_19-bebop_004_.wav,4,257.0407,1.57E+01,19.9115,9.88E+00,1.5886
mixed_19-bebop_004_.wav,5,323.2747,6.45E+00,37.6106,5.81E+00,1.1091
mixed_19-bebop_004_.wav,6,388.2743,4.83E+01,21.0177,1.17E+01,4.1086
mixed_19-bebop_004_.wav,7,448.8384,4.27E+00,8.8496,4.29E+00,0.9954
mixed_19-bebop_004_.wav,8,512.6024,5.56E+00,28.7611,3.28E+00,1.6945
mixed_19-bebop_004_.wav,9,579.4038,5.86E+00,32.0796,2.68E+00,2.1825
mixed_19-bebop_004_.wav,10,640.3176,3.53E+00,33.1858,2.03E+00,1.7331
mixed_2-bebop_000_.wav,1,48.9138,6.15E+01,0.9766,3.00E+00,20.5272
mixed_2-bebop_000_.wav,2,96.8826,6.10E+00,35.1562,4.46E+00,1.366
mixed_2-bebop_000_.wav,3,148.3404,1.38E+01,25.3906,2.97E+00,4.6344
mixed_2-bebop_000_.wav,4,195.5989,9.66E+00,23.4375,3.39E+00,2.8507
mixed_2-bebop_000_.wav,5,245.0219,9.32E+00,33.2031,4.37E+00,2.1336
mixed_2-bebop_000_.wav,6,290.0391,1.37E+01,3.9062,5.18E+00,2.6409
mixed_2-bebop_000_.wav,7,341.0562,1.49E+01,27.3438,7.00E+00,2.1257
mixed_2-bebop_000_.wav,8,393.5547,1.85E+01,31.25,1.24E+01,1.4878
mixed_2-bebop_000_.wav,9,440.453,2.30E+01,37.1094,1.29E+01,1.7887
mixed_2-bebop_000_.wav,10,486.4334,5.27E+00,11.7188,5.28E+00,0.997
mixed_2-bebop_001_.wav,1,150.2726,5.95E+01,3.9062,3.69E+00,16.1427
mixed_2-bebop_001_.wav,2,303.7109,1.23E+01,0.9766,4.79E+00,2.5713
mixed_2-bebop_001_.wav,3,453.2476,4.11E+01,12.6953,5.41E+00,7.6011
mixed_2-bebop_001_.wav,4,603.3602,1.93E+01,1.9531,3.96E+00,4.8663
mixed_2-bebop_001_.wav,5,749.0234,1.31E+01,37.1094,5.84E+00,2.241
mixed_2-bebop_001_.wav,6,899.4141,1.39E+01,29.2969,7.04E+00,1.9826
mixed_2-bebop_001_.wav,7,1052.8356,6.24E+00,28.3203,4.29E+00,1.454
mixed_2-bebop_001_.wav,8,1202.3834,7.05E+00,19.5312,4.74E+00,1.4867
mixed_2-bebop_001_.wav,9,1353.5841,2.01E+01,28.3203,8.62E+00,2.3317
mixed_2-bebop_001_.wav,10,1505.7054,4.63E+00,36.1328,3.98E+00,1.1644
mixed_2-bebop_002_.wav,1,48.7186,8.06E+01,0.9766,1.81E+00,44.5577
mixed_2-bebop_002_.wav,2,100.5859,6.11E+00,28.3203,2.54E+00,2.4026
mixed_2-bebop_002_.wav,3,149.4141,2.50E+01,2.9297,2.80E+00,8.9322
mixed_2-bebop_002_.wav,4,194.6636,7.63E+00,6.8359,4.75E+00,1.6052
mixed_2-bebop_002_.wav,5,241.2109,1.24E+01,39.0625,5.53E+00,2.2393
mixed_2-bebop_002_.wav,6,290.0391,3.79E+01,2.9297,5.88E+00,6.443
mixed_2-bebop_002_.wav,7,344.7266,8.97E+00,2.9297,6.15E+00,1.4597
mixed_2-bebop_002_.wav,8,393.5547,4.72E+00,7.8125,6.79E+00,0.6942
mixed_2-bebop_002_.wav,9,442.3828,1.85E+01,15.625,6.90E+00,2.6806
mixed_2-bebop_002_.wav,10,489.1993,8.52E+00,33.2031,5.56E+00,1.5336
mixed_2-bebop_003_.wav,1,49.6351,2.45E+01,9.7656,2.02E+00,12.1374
mixed_2-bebop_003_.wav,2,100.0505,7.10E+00,21.4844,3.55E+00,2.0033
mixed_2-bebop_003_.wav,3,147.4975,1.80E+01,8.7891,2.43E+00,7.395
mixed_2-bebop_003_.wav,4,196.2891,4.65E+00,39.0625,2.76E+00,1.6874
mixed_2-bebop_003_.wav,5,246.0938,5.95E+00,33.2031,4.05E+00,1.4717
mixed_2-bebop_003_.wav,6,297.3939,6.32E+00,1.9531,3.93E+00,1.6084
mixed_2-bebop_003_.wav,7,350.1062,8.03E+00,9.7656,4.86E+00,1.6521
mixed_2-bebop_003_.wav,8,396.7949,3.37E+01,37.1094,1.15E+01,2.933
mixed_2-bebop_003_.wav,9,445.3125,1.10E+01,19.5312,6.35E+00,1.7392
mixed_2-bebop_003_.wav,10,500.3221,7.00E+00,9.7656,3.44E+00,2.0344
mixed_2-bebop_004_.wav,1,57.4805,6.55E+01,22.1239,1.20E+01,5.4766
mixed_2-bebop_004_.wav,2,114.2067,1.56E+01,30.9735,8.91E+00,1.7508
mixed_2-bebop_004_.wav,3,174.7788,7.14E+00,39.823,4.34E+00,1.6477
mixed_2-bebop_004_.wav,4,231.2634,8.47E+00,29.8673,4.22E+00,2.0099
mixed_2-bebop_004_.wav,5,287.4827,4.91E+01,17.6991,4.41E+00,11.1407
mixed_2-bebop_004_.wav,6,348.4513,4.76E+00,2.2124,5.47E+00,0.8698
mixed_2-bebop_004_.wav,7,404.3297,6.53E+00,36.5044,6.58E+00,0.9927
mixed_2-bebop_004_.wav,8,456.8584,1.23E+01,12.1681,4.44E+00,2.7767
mixed_2-bebop_004_.wav,9,514.3805,6.71E+00,36.5044,3.49E+00,1.9241
mixed_2-bebop_004_.wav,10,573.1544,7.81E+00,12.1681,4.07E+00,1.9191
mixed_20-bebop_000_.wav,1,48.3932,1.57E+02,11.7188,2.16E+01,7.2714
mixed_20-bebop_000_.wav,2,95.9813,5.96E+01,27.3438,3.44E+01,1.7334
mixed_20-bebop_000_.wav,3,147.0597,3.81E+01,30.2734,1.55E+01,2.4625
mixed_20-bebop_000_.wav,4,192.3828,1.71E+01,35.1562,9.41E+00,1.8225
mixed_20-bebop_000_.wav,5,242.9662,1.71E+01,38.0859,7.47E+00,2.2885
mixed_20-bebop_000_.wav,6,293.7884,6.59E+00,1.9531,5.47E+00,1.204
mixed_20-bebop_000_.wav,7,340.4337,5.81E+00,31.25,4.47E+00,1.2999
mixed_20-bebop_000_.wav,8,393.5547,6.03E+01,26.3672,9.08E+00,6.6428
mixed_20-bebop_000_.wav,9,439.6463,2.20E+00,3.9062,2.08E+00,1.0556
mixed_20-bebop_000_.wav,10,489.2606,1.25E+00,34.1797,1.44E+00,0.8681
mixed_20-bebop_001_.wav,1,49.7063,2.00E+02,30.2734,3.55E+01,5.6347
mixed_20-bebop_001_.wav,2,102.5391,5.32E+01,30.2734,3.26E+01,1.634
mixed_20-bebop_001_.wav,3,148.2791,3.00E+01,38.0859,1.83E+01,1.6381
mixed_20-bebop_001_.wav,4,197.2937,2.44E+01,31.25,1.15E+01,2.1277
mixed_20-bebop_001_.wav,5,249.9303,1.46E+01,36.1328,7.47E+00,1.9529
mixed_20-bebop_001_.wav,6,300.9946,1.23E+01,37.1094,5.10E+00,2.4222
mixed_20-bebop_001_.wav,7,348.7136,6.46E+00,7.8125,6.45E+00,1.0011
mixed_20-bebop_001_.wav,8,398.9576,2.56E+01,25.3906,1.40E+01,1.8301
mixed_20-bebop_001_.wav,9,445.3125,5.07E+00,4.8828,3.54E+00,1.433
mixed_20-bebop_001_.wav,10,500.9766,5.69E+00,27.3438,2.04E+00,2.7915
mixed_20-bebop_002_.wav,1,60.225,1.96E+02,23.4375,4.55E+01,4.311
mixed_20-bebop_002_.wav,2,119.6661,8.92E+01,39.0625,4.40E+01,2.0277
mixed_20-bebop_002_.wav,3,179.8813,1.73E+01,37.1094,1.97E+01,0.8767
mixed_20-bebop_002_.wav,4,240.0919,1.74E+01,39.0625,1.01E+01,1.7247
mixed_20-bebop_002_.wav,5,303.4104,2.33E+01,12.6953,8.87E+00,2.6293
mixed_20-bebop_002_.wav,6,362.4658,1.08E+01,28.3203,5.45E+00,1.9769
mixed_20-bebop_002_.wav,7,420.8984,4.98E+00,1.9531,4.89E+00,1.0176
mixed_20-bebop_002_.wav,8,487.3047,2.65E+00,39.0625,2.71E+00,0.9784
mixed_20-bebop_002_.wav,9,547.8516,4.08E+00,37.1094,2.31E+00,1.7628
mixed_20-bebop_002_.wav,10,608.3984,1.02E+01,19.5312,2.70E+00,3.7736
mixed_20-bebop_003_.wav,1,50.7987,2.20E+02,24.4141,2.99E+01,7.3759
mixed_20-bebop_003_.wav,2,99.5782,7.69E+01,33.2031,3.20E+01,2.4048
mixed_20-bebop_003_.wav,3,149.4141,5.74E+01,22.4609,1.97E+01,2.914
mixed_20-bebop_003_.wav,4,202.2317,2.47E+01,31.25,1.19E+01,2.0722
mixed_20-bebop_003_.wav,5,256.8359,1.48E+01,30.2734,7.74E+00,1.9088
mixed_20-bebop_003_.wav,6,305.1906,8.32E+00,21.4844,8.11E+00,1.0265
mixed_20-bebop_003_.wav,7,352.5391,2.17E+01,3.9062,6.71E+00,3.226
mixed_20-bebop_003_.wav,8,409.1797,5.14E+00,5.8594,6.04E+00,0.8511
mixed_20-bebop_003_.wav,9,454.6546,9.75E+00,4.8828,4.19E+00,2.3248
mixed_20-bebop_003_.wav,10,509.037,4.50E+00,31.25,2.31E+00,1.9491
mixed_20-bebop_004_.wav,1,59.5343,1.80E+02,28.7611,3.44E+01,5.2405
mixed_20-bebop_004_.wav,2,117.9683,3.18E+01,29.8673,2.85E+01,1.1129
mixed_20-bebop_004_.wav,3,182.5221,1.92E+01,30.9735,1.66E+01,1.1594
mixed_20-bebop_004_.wav,4,237.945,2.13E+01,34.292,1.02E+01,2.0926
mixed_20-bebop_004_.wav,5,295.354,1.16E+01,18.8053,5.19E+00,2.2304
mixed_20-bebop_004_.wav,6,361.7257,2.05E+01,14.3805,6.07E+00,3.3735
mixed_20-bebop_004_.wav,7,419.4577,6.41E+01,13.2743,7.85E+00,8.1699
mixed_20-bebop_004_.wav,8,475.7024,3.00E+00,39.823,1.86E+00,1.6136
mixed_20-bebop_004_.wav,9,540.9292,4.19E+00,5.531,2.68E+00,1.5642
mixed_20-bebop_004_.wav,10,599.3007,3.72E+00,32.0796,1.96E+00,1.8942
mixed_21-bebop_000_.wav,1,48.212,1.45E+02,21.4844,2.61E+01,5.5407
mixed_21-bebop_000_.wav,2,95.5023,4.30E+01,35.1562,4.08E+01,1.0553
mixed_21-bebop_000_.wav,3,141.3521,6.80E+01,24.4141,2.84E+01,2.3956
mixed_21-bebop_000_.wav,4,188.4766,1.65E+01,35.1562,2.43E+01,0.6795
mixed_21-bebop_000_.wav,5,240.2251,2.51E+01,31.25,2.10E+01,1.1946
mixed_21-bebop_000_.wav,6,285.5479,3.39E+01,31.25,1.56E+01,2.1703
mixed_21-bebop_000_.wav,7,332.0312,3.70E+01,37.1094,1.69E+01,2.1905
mixed_21-bebop_000_.wav,8,383.4649,3.66E+01,32.2266,2.35E+01,1.5583
mixed_21-bebop_000_.wav,9,430.6842,8.58E+01,32.2266,2.69E+01,3.1911
mixed_21-bebop_000_.wav,10,478.1338,4.93E+01,39.0625,2.27E+01,2.1715
mixed_21-bebop_001_.wav,1,55.8623,1.84E+02,33.2031,7.41E+01,2.4784
mixed_21-bebop_001_.wav,2,113.3965,5.61E+01,29.2969,3.81E+01,1.4742
mixed_21-bebop_001_.wav,3,168.7784,4.02E+01,35.1562,2.05E+01,1.9613
mixed_21-bebop_001_.wav,4,224.4844,6.00E+01,13.6719,1.77E+01,3.3822
mixed_21-bebop_001_.wav,5,281.25,1.69E+01,18.5547,1.67E+01,1.0161
mixed_21-bebop_001_.wav,6,331.0547,4.63E+01,24.4141,2.99E+01,1.5485
mixed_21-bebop_001_.wav,7,391.7079,1.26E+02,18.5547,3.03E+01,4.1389
mixed_21-bebop_001_.wav,8,442.3828,3.45E+01,32.2266,1.93E+01,1.7903
mixed_21-bebop_001_.wav,9,498.0469,1.44E+01,23.4375,1.35E+01,1.0664
mixed_21-bebop_001_.wav,10,554.8756,3.54E+01,27.3438,1.41E+01,2.5122
mixed_21-bebop_002_.wav,1,48.7367,2.37E+02,25.3906,5.05E+01,4.7031
mixed_21-bebop_002_.wav,2,96.9084,1.60E+02,19.5312,5.64E+01,2.8341
mixed_21-bebop_002_.wav,3,148.557,1.08E+02,5.8594,3.21E+01,3.3658
mixed_21-bebop_002_.wav,4,193.2499,4.57E+01,24.4141,3.13E+01,1.463
mixed_21-bebop_002_.wav,5,245.3429,3.76E+01,8.7891,2.98E+01,1.261
mixed_21-bebop_002_.wav,6,294.1708,5.85E+01,27.3438,2.96E+01,1.9751
mixed_21-bebop_002_.wav,7,339.6738,5.48E+01,39.0625,2.74E+01,1.999
mixed_21-bebop_002_.wav,8,390.1278,3.21E+01,36.1328,2.37E+01,1.3512
mixed_21-bebop_002_.wav,9,437.8597,6.50E+01,26.3672,2.82E+01,2.3066
mixed_21-bebop_002_.wav,10,488.4699,6.11E+01,34.1797,2.94E+01,2.0793
mixed_21-bebop_003_.wav,1,53.3674,2.00E+02,28.3203,4.40E+01,4.5435
mixed_21-bebop_003_.wav,2,106.6775,6.08E+01,26.3672,4.87E+01,1.2497
mixed_21-bebop_003_.wav,3,160.4148,9.45E+01,36.1328,3.82E+01,2.4724
mixed_21-bebop_003_.wav,4,211.9141,5.24E+01,37.1094,3.26E+01,1.6054
mixed_21-bebop_003_.wav,5,267.602,2.96E+01,31.25,2.37E+01,1.2494
mixed_21-bebop_003_.wav,6,321.7512,3.12E+01,39.0625,2.48E+01,1.2596
mixed_21-bebop_003_.wav,7,375.5075,4.51E+01,29.2969,2.46E+01,1.8316
mixed_21-bebop_003_.wav,8,429.8213,7.36E+01,19.5312,2.35E+01,3.1306
mixed_21-bebop_003_.wav,9,482.1868,3.03E+01,36.1328,2.16E+01,1.4049
mixed_21-bebop_003_.wav,10,537.3464,5.56E+01,36.1328,1.86E+01,2.9945
mixed_21-bebop_004_.wav,1,53.3542,1.36E+02,27.6549,3.45E+01,3.9532
mixed_21-bebop_004_.wav,2,107.4451,1.08E+02,30.9735,4.49E+01,2.3992
mixed_21-bebop_004_.wav,3,161.5044,5.82E+01,39.823,3.71E+01,1.5677
mixed_21-bebop_004_.wav,4,214.5654,8.63E+01,29.8673,3.47E+01,2.4857
mixed_21-bebop_004_.wav,5,266.4656,5.04E+01,33.1858,2.55E+01,1.9815
mixed_21-bebop_004_.wav,6,315.2655,5.20E+01,37.6106,2.44E+01,2.1277
mixed_21-bebop_004_.wav,7,375,3.32E+01,19.9115,2.06E+01,1.6158
mixed_21-bebop_004_.wav,8,421.4602,2.07E+01,4.4248,1.96E+01,1.0559
mixed_21-bebop_004_.wav,9,481.1947,2.98E+01,34.292,2.07E+01,1.4372
mixed_21-bebop_004_.wav,10,529.3346,2.25E+01,36.5044,2.02E+01,1.112
mixed_22-bebop_000_.wav,1,65.2901,1.37E+02,36.1328,3.21E+01,4.2516
mixed_22-bebop_000_.wav,2,129.609,2.29E+01,34.1797,1.78E+01,1.2865
mixed_22-bebop_000_.wav,3,193.3594,1.24E+01,37.1094,7.84E+00,1.5859
mixed_22-bebop_000_.wav,4,262.655,5.29E+00,35.1562,5.29E+00,1.0001
mixed_22-bebop_000_.wav,5,327.6162,2.34E+00,38.0859,4.07E+00,0.5742
mixed_22-bebop_000_.wav,6,389.6484,5.20E+00,38.0859,4.09E+00,1.2721
mixed_22-bebop_000_.wav,7,460.0515,6.78E+00,6.8359,4.10E+00,1.6558
mixed_22-bebop_000_.wav,8,524.5102,4.76E+00,32.2266,3.90E+00,1.2201
mixed_22-bebop_000_.wav,9,591.7969,9.64E+00,26.3672,4.74E+00,2.035
mixed_22-bebop_000_.wav,10,653.6312,8.17E+00,38.0859,5.33E+00,1.533
mixed_22-bebop_001_.wav,1,62.3033,9.58E+01,38.0859,2.39E+01,4.0152
mixed_22-bebop_001_.wav,2,124.4606,2.46E+01,37.1094,1.60E+01,1.5373
mixed_22-bebop_001_.wav,3,184.5703,1.26E+01,19.5312,5.70E+00,2.2175
mixed_22-bebop_001_.wav,4,251.9091,7.11E+00,1.9531,4.02E+00,1.7703
mixed_22-bebop_001_.wav,5,315.4297,1.04E+01,37.1094,5.55E+00,1.8708
mixed_22-bebop_001_.wav,6,377.9297,3.82E+00,2.9297,4.15E+00,0.9202
mixed_22-bebop_001_.wav,7,434.5703,3.39E+01,18.5547,5.03E+00,6.7465
mixed_22-bebop_001_.wav,8,499.3485,9.21E+00,3.9062,5.20E+00,1.7699
mixed_22-bebop_001_.wav,9,560.7247,5.38E+00,39.0625,5.11E+00,1.0515
mixed_22-bebop_001_.wav,10,622.7466,2.43E+01,24.4141,7.09E+00,3.428
mixed_22-bebop_002_.wav,1,48.436,9.98E+01,0.9766,8.21E+00,12.1576
mixed_22-bebop_002_.wav,2,96.5431,1.53E+01,24.4141,9.63E+00,1.5917
mixed_22-bebop_002_.wav,3,146.0275,2.77E+01,0.9766,4.91E+00,5.6462
mixed_22-bebop_002_.wav,4,197.3832,7.15E+00,35.1562,3.54E+00,2.0205
mixed_22-bebop_002_.wav,5,245.1479,1.06E+01,18.5547,2.94E+00,3.6132
mixed_22-bebop_002_.wav,6,295.8984,1.47E+01,8.7891,3.21E+00,4.5839
mixed_22-bebop_002_.wav,7,342.372,2.28E+01,13.6719,3.17E+00,7.1876
mixed_22-bebop_002_.wav,8,393.5547,3.56E+00,35.1562,3.17E+00,1.123
mixed_22-bebop_002_.wav,9,439.5656,1.39E+02,1.9531,4.18E+00,33.3008
mixed_22-bebop_002_.wav,10,490.3884,6.27E+00,28.3203,4.17E+00,1.5058
mixed_22-bebop_003_.wav,1,49.4426,1.07E+02,19.5312,1.45E+01,7.3922
mixed_22-bebop_003_.wav,2,98.9783,1.82E+01,39.0625,1.51E+01,1.2021
mixed_22-bebop_003_.wav,3,146.4844,3.91E+01,19.5312,8.42E+00,4.6493
mixed_22-bebop_003_.wav,4,197.0036,9.64E+00,29.2969,4.69E+00,2.0565
mixed_22-bebop_003_.wav,5,248.244,5.01E+00,36.1328,3.66E+00,1.3699
mixed_22-bebop_003_.wav,6,297.8087,3.07E+01,4.8828,3.29E+00,9.3276
mixed_22-bebop_003_.wav,7,347.6176,2.06E+01,12.6953,2.77E+00,7.4539
mixed_22-bebop_003_.wav,8,400.0622,4.17E+00,14.6484,2.64E+00,1.5805
mixed_22-bebop_003_.wav,9,448.2685,5.88E+01,9.7656,2.44E+00,24.1222
mixed_22-bebop_003_.wav,10,496.8696,3.23E+00,7.8125,1.56E+00,2.073
mixed_22-bebop_004_.wav,1,54.8629,1.25E+02,11.0619,2.18E+01,5.7459
mixed_22-bebop_004_.wav,2,113.9381,3.42E+01,13.2743,1.57E+01,2.1731
mixed_22-bebop_004_.wav,3,168.1416,8.73E+00,38.7168,8.97E+00,0.9735
mixed_22-bebop_004_.wav,4,220.9917,9.19E+00,32.0796,5.51E+00,1.6682
mixed_22-bebop_004_.wav,5,273.2301,8.56E+00,37.6106,4.37E+00,1.9606
mixed_22-bebop_004_.wav,6,334.2552,2.27E+00,37.6106,3.31E+00,0.6861
mixed_22-bebop_004_.wav,7,383.8496,3.34E+00,3.3186,2.32E+00,1.4361
mixed_22-bebop_004_.wav,8,443.326,2.20E+01,4.4248,2.94E+00,7.4955
mixed_22-bebop_004_.wav,9,495.414,2.08E+00,38.7168,1.41E+00,1.4721
mixed_22-bebop_004_.wav,10,549.7788,2.76E+00,24.3363,1.91E+00,1.4493
mixed_23-bebop_000_.wav,1,55.0063,1.02E+03,0.9766,3.16E+01,32.213
mixed_23-bebop_000_.wav,2,110.4196,1.27E+02,0.9766,2.42E+01,5.2558
mixed_23-bebop_000_.wav,3,165.953,5.81E+02,2.9297,2.26E+01,25.7561
mixed_23-bebop_000_.wav,4,221.6797,5.66E+01,1.9531,2.28E+01,2.4818
mixed_23-bebop_000_.wav,5,275.7917,4.39E+01,21.4844,2.01E+01,2.1879
mixed_23-bebop_000_.wav,6,329.8473,3.54E+01,15.625,1.91E+01,1.857
mixed_23-bebop_000_.wav,7,383.9671,4.54E+01,38.0859,2.18E+01,2.084
mixed_23-bebop_000_.wav,8,438.0436,5.48E+01,19.5312,2.08E+01,2.6385
mixed_23-bebop_000_.wav,9,495.1172,3.38E+01,38.0859,1.25E+01,2.6909
mixed_23-bebop_000_.wav,10,545.6659,1.60E+01,36.1328,1.02E+01,1.5624
mixed_23-bebop_001_.wav,1,52.5566,1.28E+03,0.9766,3.37E+01,38.0038
mixed_23-bebop_001_.wav,2,105.0016,7.43E+01,36.1328,3.74E+01,1.9882
mixed_23-bebop_001_.wav,3,156.7221,2.98E+02,2.9297,2.60E+01,11.4462
mixed_23-bebop_001_.wav,4,213.8672,6.51E+01,36.1328,2.66E+01,2.4492
mixed_23-bebop_001_.wav,5,262.9242,3.89E+01,21.4844,1.82E+01,2.1326
mixed_23-bebop_001_.wav,6,317.536,4.26E+01,36.1328,2.36E+01,1.8073
mixed_23-bebop_001_.wav,7,369.5424,3.29E+01,19.5312,1.86E+01,1.7688
mixed_23-bebop_001_.wav,8,424.8047,2.05E+01,39.0625,1.86E+01,1.1031
mixed_23-bebop_001_.wav,9,473.6421,5.45E+01,12.6953,1.88E+01,2.8918
mixed_23-bebop_001_.wav,10,528.2148,1.12E+01,33.2031,1.20E+01,0.9303
mixed_23-bebop_002_.wav,1,50.0198,6.32E+02,0.9766,4.50E+01,14.0257
mixed_23-bebop_002_.wav,2,100.0163,9.10E+01,34.1797,5.14E+01,1.771
mixed_23-bebop_002_.wav,3,151.2633,6.28E+02,3.9062,3.08E+01,20.3917
mixed_23-bebop_002_.wav,4,202.1484,4.11E+01,1.9531,2.65E+01,1.5547
mixed_23-bebop_002_.wav,5,251.9531,2.39E+01,39.0625,1.79E+01,1.3318
mixed_23-bebop_002_.wav,6,301.7578,4.57E+01,35.1562,1.69E+01,2.7059
mixed_23-bebop_002_.wav,7,351.5625,4.88E+01,34.1797,2.06E+01,2.3695
mixed_23-bebop_002_.wav,8,400.7225,3.21E+01,28.3203,1.92E+01,1.6686
mixed_23-bebop_002_.wav,9,450.543,4.23E+01,19.5312,1.43E+01,2.9606
mixed_23-bebop_002_.wav,10,500.9766,1.11E+01,28.3203,7.88E+00,1.4063
mixed_23-bebop_003_.wav,1,79.5109,6.20E+02,0.9766,5.49E+01,11.2779
mixed_23-bebop_003_.wav,2,159.7045,1.02E+02,35.1562,3.51E+01,2.8981
mixed_23-bebop_003_.wav,3,237.678,3.44E+01,21.4844,2.11E+01,1.6293
mixed_23-bebop_003_.wav,4,318.2592,4.33E+01,34.1797,1.67E+01,2.5935
mixed_23-bebop_003_.wav,5,398.4375,1.87E+01,36.1328,1.27E+01,1.4757
mixed_23-bebop_003_.wav,6,471.6797,2.30E+01,12.6953,1.03E+01,2.2404
mixed_23-bebop_003_.wav,7,556.6406,4.41E+00,33.2031,5.50E+00,0.8013
mixed_23-bebop_003_.wav,8,634.0134,5.56E+00,35.1562,6.44E+00,0.8633
mixed_23-bebop_003_.wav,9,711.3283,2.15E+01,22.4609,7.74E+00,2.7745
mixed_23-bebop_003_.wav,10,791.1349,1.52E+01,36.1328,8.77E+00,1.7282
mixed_23-bebop_004_.wav,1,75.7093,7.59E+02,1.1062,4.09E+01,18.5723
mixed_23-bebop_004_.wav,2,152.6549,8.79E+01,32.0796,3.10E+01,2.8341
mixed_23-bebop_004_.wav,3,223.4513,1.65E+01,17.6991,1.36E+01,1.2151
mixed_23-bebop_004_.wav,4,301.8651,3.31E+01,32.0796,1.31E+01,2.5261
mixed_23-bebop_004_.wav,5,379.4248,1.81E+01,37.6106,1.32E+01,1.3742
mixed_23-bebop_004_.wav,6,452.5775,5.67E+01,19.9115,1.81E+01,3.1426
mixed_23-bebop_004_.wav,7,525.5255,5.50E+00,39.823,5.47E+00,1.0056
mixed_23-bebop_004_.wav,8,599.2346,6.08E+00,7.7434,3.90E+00,1.5603
mixed_23-bebop_004_.wav,9,674.9113,1.21E+01,29.8673,6.11E+00,1.9745
mixed_23-bebop_004_.wav,10,748.8938,6.29E+00,38.7168,5.98E+00,1.052
mixed_24-bebop_000_.wav,1,54.7623,3.21E+02,0.9766,3.29E+01,9.7284
mixed_24-bebop_000_.wav,2,108.106,3.33E+01,34.1797,3.00E+01,1.1104
mixed_24-bebop_000_.wav,3,166.3957,1.91E+01,19.5312,1.26E+01,1.5175
mixed_24-bebop_000_.wav,4,220.2382,1.66E+01,39.0625,1.07E+01,1.5513
mixed_24-bebop_000_.wav,5,273.9359,4.98E+00,26.3672,7.96E+00,0.626
mixed_24-bebop_000_.wav,6,328.0903,1.71E+01,29.2969,8.28E+00,2.0619
mixed_24-bebop_000_.wav,7,379.8828,1.24E+01,39.0625,9.60E+00,1.2922
mixed_24-bebop_000_.wav,8,437.5566,5.11E+01,8.7891,1.15E+01,4.4371
mixed_24-bebop_000_.wav,9,493.5443,2.52E+01,18.5547,8.20E+00,3.0704
mixed_24-bebop_000_.wav,10,549.069,1.67E+01,30.2734,7.36E+00,2.2636
mixed_24-bebop_001_.wav,1,58.5544,1.60E+02,17.5781,2.49E+01,6.4197
mixed_24-bebop_001_.wav,2,115.4307,2.92E+01,0.9766,1.83E+01,1.5941
mixed_24-bebop_001_.wav,3,174.0897,1.06E+01,39.0625,9.40E+00,1.1255
mixed_24-bebop_001_.wav,4,231.4453,1.25E+01,34.1797,8.07E+00,1.5535
mixed_24-bebop_001_.wav,5,291.055,1.27E+01,0.9766,6.39E+00,1.9894
mixed_24-bebop_001_.wav,6,348.6328,1.17E+01,32.2266,7.59E+00,1.5383
mixed_24-bebop_001_.wav,7,413.0859,2.20E+01,1.9531,1.42E+01,1.5444
mixed_24-bebop_001_.wav,8,469.4679,1.47E+01,32.2266,1.06E+01,1.3821
mixed_24-bebop_001_.wav,9,526.1945,6.89E+00,38.0859,6.25E+00,1.1014
mixed_24-bebop_001_.wav,10,583.0078,2.39E+01,20.5078,5.55E+00,4.3085
mixed_24-bebop_002_.wav,1,60.5907,2.89E+02,28.3203,5.11E+01,5.6465
mixed_24-bebop_002_.wav,2,121.9136,7.99E+01,35.1562,4.24E+01,1.8851
mixed_24-bebop_002_.wav,3,182.5561,2.67E+01,37.1094,1.94E+01,1.374
mixed_24-bebop_002_.wav,4,244.3173,2.14E+01,37.1094,1.33E+01,1.6149
mixed_24-bebop_002_.wav,5,300.6722,5.36E+01,0.9766,1.01E+01,5.3312
mixed_24-bebop_002_.wav,6,360.3516,2.97E+01,7.8125,8.03E+00,3.7012
mixed_24-bebop_002_.wav,7,421.5122,1.45E+01,4.8828,8.06E+00,1.7965
mixed_24-bebop_002_.wav,8,483.1753,7.66E+00,33.2031,5.62E+00,1.363
mixed_24-bebop_002_.wav,9,542.6316,4.26E+00,10.7422,3.83E+00,1.1118
mixed_24-bebop_002_.wav,10,602.5391,8.33E+00,3.9062,4.41E+00,1.887
mixed_24-bebop_003_.wav,1,55.9365,2.55E+02,17.5781,3.89E+01,6.5631
mixed_24-bebop_003_.wav,2,113.515,3.35E+01,33.2031,2.59E+01,1.2938
mixed_24-bebop_003_.wav,3,165.859,2.12E+01,1.9531,1.52E+01,1.391
mixed_24-bebop_003_.wav,4,225.5859,2.90E+01,26.3672,1.10E+01,2.6415
mixed_24-bebop_003_.wav,5,275.3906,1.47E+01,15.625,8.35E+00,1.7558
mixed_24-bebop_003_.wav,6,331.0547,1.17E+01,1.9531,6.56E+00,1.7768
mixed_24-bebop_003_.wav,7,386.7188,7.83E+00,0.9766,6.20E+00,1.2629
mixed_24-bebop_003_.wav,8,448.2422,2.35E+01,5.8594,7.06E+00,3.3333
mixed_24-bebop_003_.wav,9,501.1812,7.29E+00,7.8125,3.71E+00,1.965
mixed_24-bebop_003_.wav,10,553.7109,5.15E+00,35.1562,2.85E+00,1.8053
mixed_24-bebop_004_.wav,1,54.9014,1.40E+02,29.8673,4.58E+01,3.0574
mixed_24-bebop_004_.wav,2,113.9381,6.24E+01,18.8053,2.45E+01,2.5438
mixed_24-bebop_004_.wav,3,166.0626,1.33E+01,24.3363,9.78E+00,1.3555
mixed_24-bebop_004_.wav,4,221.0352,2.06E+01,35.3982,8.01E+00,2.5732
mixed_24-bebop_004_.wav,5,277.9418,1.44E+01,1.1062,6.62E+00,2.1835
mixed_24-bebop_004_.wav,6,333.7027,8.96E+00,33.1858,6.51E+00,1.3761
mixed_24-bebop_004_.wav,7,389.7019,1.08E+01,1.1062,8.23E+00,1.3174
mixed_24-bebop_004_.wav,8,443.5026,1.18E+01,30.9735,5.69E+00,2.0788
mixed_24-bebop_004_.wav,9,494.469,1.54E+01,24.3363,3.51E+00,4.3944
mixed_24-bebop_004_.wav,10,549.7788,3.16E+00,32.0796,2.70E+00,1.168
mixed_25-bebop_000_.wav,1,63.8513,6.60E+02,1.9531,6.82E+01,9.6691
mixed_25-bebop_000_.wav,2,128.7956,7.21E+01,31.25,6.50E+01,1.109
mixed_25-bebop_000_.wav,3,190.6694,6.68E+01,19.5312,2.91E+01,2.2944
mixed_25-bebop_000_.wav,4,251.7407,2.95E+01,35.1562,1.69E+01,1.7399
mixed_25-bebop_000_.wav,5,320.3125,2.59E+01,35.1562,1.31E+01,1.9818
mixed_25-bebop_000_.wav,6,379.9168,7.37E+00,38.0859,1.30E+01,0.5671
mixed_25-bebop_000_.wav,7,446.1732,6.56E+01,32.2266,2.79E+01,2.348
mixed_25-bebop_000_.wav,8,504.8828,1.58E+01,15.625,9.60E+00,1.6473
mixed_25-bebop_000_.wav,9,568.3594,5.49E+00,34.1797,3.97E+00,1.3848
mixed_25-bebop_000_.wav,10,634.0752,1.05E+01,2.9297,7.11E+00,1.4716
mixed_25-bebop_001_.wav,1,62.8511,6.38E+02,0.9766,2.15E+01,29.6479
mixed_25-bebop_001_.wav,2,126.478,6.85E+01,27.3438,2.21E+01,3.0933
mixed_25-bebop_001_.wav,3,188.0989,9.79E+01,20.5078,2.09E+01,4.674
mixed_25-bebop_001_.wav,4,250.0789,3.55E+01,36.1328,1.46E+01,2.4392
mixed_25-bebop_001_.wav,5,315.4297,1.64E+01,18.5547,9.87E+00,1.6613
mixed_25-bebop_001_.wav,6,376.2532,4.70E+01,18.5547,1.50E+01,3.1408
mixed_25-bebop_001_.wav,7,440.4297,5.55E+01,23.4375,1.73E+01,3.2099
mixed_25-bebop_001_.wav,8,502.9297,1.89E+01,12.6953,6.58E+00,2.8715
mixed_25-bebop_001_.wav,9,565.4297,1.57E+01,15.625,4.93E+00,3.186
mixed_25-bebop_001_.wav,10,623.1953,6.47E+00,39.0625,4.58E+00,1.4135
mixed_25-bebop_002_.wav,1,60.6596,4.87E+02,0.9766,1.72E+01,28.3405
mixed_25-bebop_002_.wav,2,121.1247,6.95E+01,25.3906,1.56E+01,4.4462
mixed_25-bebop_002_.wav,3,181.7735,2.10E+02,18.5547,1.55E+01,13.5738
mixed_25-bebop_002_.wav,4,241.2009,3.78E+01,33.2031,9.19E+00,4.116
mixed_25-bebop_002_.wav,5,300.6212,5.43E+01,0.9766,8.55E+00,6.3476
mixed_25-bebop_002_.wav,6,366.2109,2.61E+01,24.4141,1.16E+01,2.2553
mixed_25-bebop_002_.wav,7,422.6159,9.77E+01,4.8828,1.32E+01,7.3747
mixed_25-bebop_002_.wav,8,481.4453,2.13E+01,0.9766,8.93E+00,2.3877
mixed_25-bebop_002_.wav,9,545.0855,6.71E+00,35.1562,4.83E+00,1.3901
mixed_25-bebop_002_.wav,10,602.5391,4.88E+00,31.25,3.67E+00,1.3299
mixed_25-bebop_003_.wav,1,61.6293,5.98E+02,0.9766,4.88E+01,12.2474
mixed_25-bebop_003_.wav,2,122.9683,5.05E+01,0.9766,2.72E+01,1.8543
mixed_25-bebop_003_.wav,3,184.8355,1.93E+02,18.5547,1.69E+01,11.4015
mixed_25-bebop_003_.wav,4,245.2692,5.07E+01,32.2266,9.55E+00,5.3087
mixed_25-bebop_003_.wav,5,309.6487,1.43E+01,20.5078,9.17E+00,1.5576
mixed_25-bebop_003_.wav,6,372.0703,2.91E+01,0.9766,1.31E+01,2.2214
mixed_25-bebop_003_.wav,7,430.5243,1.25E+02,10.7422,1.54E+01,8.1182
mixed_25-bebop_003_.wav,8,493.5031,8.77E+00,0.9766,7.25E+00,1.21
mixed_25-bebop_003_.wav,9,554.7102,1.17E+01,13.6719,4.20E+00,2.7886
mixed_25-bebop_003_.wav,10,616.3254,4.49E+00,39.0625,4.21E+00,1.0677
mixed_25-bebop_004_.wav,1,61.6075,4.68E+02,1.1062,2.75E+01,17.0115
mixed_25-bebop_004_.wav,2,123.2769,8.94E+01,25.4425,2.75E+01,3.2505
mixed_25-bebop_004_.wav,3,184.9275,1.89E+02,18.8053,1.55E+01,12.2077
mixed_25-bebop_004_.wav,4,245.5088,4.47E+01,33.1858,1.13E+01,3.9623
mixed_25-bebop_004_.wav,5,311.3035,2.44E+01,21.0177,1.19E+01,2.0446
mixed_25-bebop_004_.wav,6,370.2438,2.30E+01,1.1062,1.29E+01,1.7894
mixed_25-bebop_004_.wav,7,430.3097,1.16E+02,1.1062,1.49E+01,7.7753
mixed_25-bebop_004_.wav,8,492.2566,1.05E+01,1.1062,6.27E+00,1.6837
mixed_25-bebop_004_.wav,9,556.836,7.98E+00,33.1858,4.53E+00,1.7622
mixed_25-bebop_004_.wav,10,619.1834,1.42E+01,26.5487,5.60E+00,2.5348
mixed_26-bebop_000_.wav,1,47.0942,5.65E+02,1.9531,3.60E+01,15.7028
mixed_26-bebop_000_.wav,2,95.131,6.71E+01,2.9297,5.87E+01,1.1434
mixed_26-bebop_000_.wav,3,141.7027,1.66E+02,33.2031,3.49E+01,4.7588
mixed_26-bebop_000_.wav,4,190.4297,3.62E+01,3.9062,3.33E+01,1.0864
mixed_26-bebop_000_.wav,5,236.3243,4.35E+01,20.5078,1.88E+01,2.3147
mixed_26-bebop_000_.wav,6,279.7826,2.14E+01,34.1797,1.47E+01,1.4497
mixed_26-bebop_000_.wav,7,329.019,4.70E+01,37.1094,2.50E+01,1.8785
mixed_26-bebop_000_.wav,8,375.1402,3.81E+01,27.3438,2.49E+01,1.5293
mixed_26-bebop_000_.wav,9,423.9388,4.64E+01,32.2266,2.60E+01,1.7871
mixed_26-bebop_000_.wav,10,467.9932,4.68E+01,15.625,1.58E+01,2.9556
mixed_26-bebop_001_.wav,1,49.7158,5.21E+02,1.9531,3.07E+01,17.0102
mixed_26-bebop_001_.wav,2,100.0152,1.74E+02,34.1797,3.72E+01,4.6787
mixed_26-bebop_001_.wav,3,149.3476,4.61E+02,1.9531,2.22E+01,20.743
mixed_26-bebop_001_.wav,4,198.9242,4.60E+01,2.9297,2.40E+01,1.9177
mixed_26-bebop_001_.wav,5,249.8196,8.98E+00,37.1094,1.59E+01,0.5666
mixed_26-bebop_001_.wav,6,298.7674,4.85E+01,34.1797,1.52E+01,3.1967
mixed_26-bebop_001_.wav,7,348.7031,4.98E+01,1.9531,2.37E+01,2.0991
mixed_26-bebop_001_.wav,8,395.5078,4.50E+01,34.1797,2.25E+01,2.004
mixed_26-bebop_001_.wav,9,445.3125,5.63E+01,19.5312,1.58E+01,3.5721
mixed_26-bebop_001_.wav,10,500.9766,1.44E+01,33.2031,7.34E+00,1.9562
mixed_26-bebop_002_.wav,1,51.6485,7.96E+02,0.9766,1.08E+01,74.0016
mixed_26-bebop_002_.wav,2,100.5859,9.95E+01,34.1797,1.95E+01,5.0942
mixed_26-bebop_002_.wav,3,154.094,7.53E+02,1.9531,1.56E+01,48.1997
mixed_26-bebop_002_.wav,4,206.3889,1.01E+02,1.9531,1.80E+01,5.6234
mixed_26-bebop_002_.wav,5,258.052,4.52E+01,36.1328,1.52E+01,2.9765
mixed_26-bebop_002_.wav,6,308.9753,4.97E+01,35.1562,1.81E+01,2.748
mixed_26-bebop_002_.wav,7,359.375,8.71E+01,20.5078,1.66E+01,5.2478
mixed_26-bebop_002_.wav,8,412.1121,2.85E+01,35.1562,1.38E+01,2.0695
mixed_26-bebop_002_.wav,9,466.086,6.94E+01,22.4609,1.33E+01,5.2218
mixed_26-bebop_002_.wav,10,515.6512,1.57E+01,16.6016,6.75E+00,2.3284
mixed_26-bebop_003_.wav,1,53.0254,9.68E+02,18.5547,2.23E+01,43.3452
mixed_26-bebop_003_.wav,2,106.7038,1.07E+02,36.1328,1.85E+01,5.7757
mixed_26-bebop_003_.wav,3,159.3797,3.53E+02,18.5547,1.39E+01,25.4024
mixed_26-bebop_003_.wav,4,212.9351,4.13E+01,38.0859,1.54E+01,2.6796
mixed_26-bebop_003_.wav,5,266.6016,5.42E+01,20.5078,1.52E+01,3.5644
mixed_26-bebop_003_.wav,6,313.4766,4.52E+01,28.3203,2.00E+01,2.2625
mixed_26-bebop_003_.wav,7,370.8763,8.07E+01,21.4844,2.07E+01,3.8964
mixed_26-bebop_003_.wav,8,418.9453,3.52E+01,32.2266,2.03E+01,1.7355
mixed_26-bebop_003_.wav,9,477.5391,5.81E+01,4.8828,1.47E+01,3.9598
mixed_26-bebop_003_.wav,10,527.5405,1.65E+01,25.3906,7.30E+00,2.2605
mixed_26-bebop_004_.wav,1,54.2128,1.09E+03,2.2124,3.04E+01,35.9966
mixed_26-bebop_004_.wav,2,108.2983,4.34E+02,18.8053,2.84E+01,15.2673
mixed_26-bebop_004_.wav,3,162.8468,4.22E+02,1.1062,1.67E+01,25.2274
mixed_26-bebop_004_.wav,4,216.8625,9.63E+01,17.6991,1.50E+01,6.4103
mixed_26-bebop_004_.wav,5,270.755,3.51E+01,2.2124,1.23E+01,2.8455
mixed_26-bebop_004_.wav,6,324.3727,3.28E+01,12.1681,1.48E+01,2.2157
mixed_26-bebop_004_.wav,7,378.9334,3.10E+01,1.1062,1.56E+01,1.9913
mixed_26-bebop_004_.wav,8,432.4912,7.15E+01,37.6106,1.92E+01,3.7307
mixed_26-bebop_004_.wav,9,491.1504,3.45E+01,23.2301,1.24E+01,2.7732
mixed_26-bebop_004_.wav,10,539.823,1.60E+01,39.823,8.32E+00,1.9232
mixed_27-bebop_000_.wav,1,48.8759,1.88E+02,1.9531,1.61E+01,11.7231
mixed_27-bebop_000_.wav,2,100.5859,5.76E+01,20.5078,1.63E+01,3.5413
mixed_27-bebop_000_.wav,3,149.4141,1.77E+01,35.1562,1.16E+01,1.5244
mixed_27-bebop_000_.wav,4,197.4023,1.72E+01,0.9766,9.37E+00,1.8394
mixed_27-bebop_000_.wav,5,245.0616,6.46E+00,35.1562,7.74E+00,0.8355
mixed_27-bebop_000_.wav,6,294.8426,1.93E+01,8.7891,7.16E+00,2.6967
mixed_27-bebop_000_.wav,7,339.8109,9.81E+00,4.8828,7.36E+00,1.3337
mixed_27-bebop_000_.wav,8,393.5547,9.92E+00,3.9062,9.75E+00,1.0172
mixed_27-bebop_000_.wav,9,442.3828,3.15E+01,16.6016,8.51E+00,3.7065
mixed_27-bebop_000_.wav,10,490.0182,7.76E+00,14.6484,7.62E+00,1.0188
mixed_27-bebop_001_.wav,1,200.1595,1.57E+02,1.9531,1.01E+01,15.5642
mixed_27-bebop_001_.wav,2,401.3672,2.61E+01,12.6953,7.61E+00,3.4242
mixed_27-bebop_001_.wav,3,600.0895,7.07E+00,36.1328,3.92E+00,1.8034
mixed_27-bebop_001_.wav,4,793.9453,1.09E+01,23.4375,4.96E+00,2.1961
mixed_27-bebop_001_.wav,5,999.0234,3.36E+00,29.2969,3.24E+00,1.0349
mixed_27-bebop_001_.wav,6,1194.8826,2.32E+01,29.2969,7.70E+00,3.0086
mixed_27-bebop_001_.wav,7,1391.6016,4.25E+00,35.1562,2.68E+00,1.5893
mixed_27-bebop_001_.wav,8,1594.1836,9.86E+00,35.1562,6.81E+00,1.4472
mixed_27-bebop_001_.wav,9,1790.7567,6.18E+00,26.3672,2.87E+00,2.1536
mixed_27-bebop_001_.wav,10,1989.7705,4.55E+00,33.2031,4.21E+00,1.0825
mixed_27-bebop_002_.wav,1,48.8376,9.73E+01,6.8359,1.04E+01,9.4001
mixed_27-bebop_002_.wav,2,100.5859,5.02E+01,2.9297,1.23E+01,4.0918
mixed_27-bebop_002_.wav,3,143.5547,1.95E+01,23.4375,8.85E+00,2.2044
mixed_27-bebop_002_.wav,4,197.4858,4.85E+01,1.9531,8.78E+00,5.5199
mixed_27-bebop_002_.wav,5,242.1639,6.46E+00,33.2031,7.58E+00,0.8526
mixed_27-bebop_002_.wav,6,292.8628,9.57E+00,31.25,7.60E+00,1.2588
mixed_27-bebop_002_.wav,7,340.2041,8.20E+00,39.0625,9.78E+00,0.8384
mixed_27-bebop_002_.wav,8,393.5547,1.23E+01,29.2969,9.42E+00,1.3039
mixed_27-bebop_002_.wav,9,437.0773,1.73E+01,35.1562,9.12E+00,1.8972
mixed_27-bebop_002_.wav,10,486.3983,1.50E+01,3.9062,9.45E+00,1.5839
mixed_27-bebop_003_.wav,1,63.262,7.91E+01,24.4141,2.37E+01,3.3352
mixed_27-bebop_003_.wav,2,124.0234,1.54E+01,5.8594,1.56E+01,0.9909
mixed_27-bebop_003_.wav,3,187.5,3.84E+01,0.9766,1.48E+01,2.5919
mixed_27-bebop_003_.wav,4,252.0952,1.07E+01,36.1328,9.81E+00,1.093
mixed_27-bebop_003_.wav,5,315.3361,7.24E+00,36.1328,9.45E+00,0.7662
mixed_27-bebop_003_.wav,6,381.2267,1.91E+01,39.0625,8.09E+00,2.3584
mixed_27-bebop_003_.wav,7,447.2656,2.76E+01,2.9297,9.13E+00,3.0258
mixed_27-bebop_003_.wav,8,510.7422,2.28E+01,21.4844,8.23E+00,2.7656
mixed_27-bebop_003_.wav,9,572.026,1.70E+01,29.2969,8.19E+00,2.0788
mixed_27-bebop_003_.wav,10,634.4444,1.21E+01,37.1094,6.02E+00,2.0172
mixed_27-bebop_004_.wav,1,200.2908,1.53E+02,1.1062,8.71E+00,17.5941
mixed_27-bebop_004_.wav,2,399.1563,2.75E+01,37.6106,1.03E+01,2.6714
mixed_27-bebop_004_.wav,3,600.6637,8.13E+00,37.6106,4.63E+00,1.7572
mixed_27-bebop_004_.wav,4,799.7788,6.76E+00,30.9735,4.27E+00,1.5817
mixed_27-bebop_004_.wav,5,996.3061,7.85E+00,37.6106,4.94E+00,1.5886
mixed_27-bebop_004_.wav,6,1198.0088,1.19E+01,16.5929,5.86E+00,2.0274
mixed_27-bebop_004_.wav,7,1391.1386,7.09E+00,38.7168,5.14E+00,1.3785
mixed_27-bebop_004_.wav,8,1591.9155,8.64E+00,27.6549,5.78E+00,1.4949
mixed_27-bebop_004_.wav,9,1792.7937,1.17E+01,17.6991,4.86E+00,2.4003
mixed_27-bebop_004_.wav,10,1994.469,2.95E+00,39.823,2.57E+00,1.1501
mixed_28-bebop_000_.wav,1,100.2402,1.36E+03,0.9766,3.16E+01,43.0623
mixed_28-bebop_000_.wav,2,200.0765,3.31E+02,1.9531,1.23E+01,26.9895
mixed_28-bebop_000_.wav,3,299.7997,4.38E+01,20.5078,8.93E+00,4.9034
mixed_28-bebop_000_.wav,4,403.8376,1.03E+01,39.0625,1.04E+01,0.9867
mixed_28-bebop_000_.wav,5,503.0296,9.19E+00,24.4141,6.97E+00,1.3181
mixed_28-bebop_000_.wav,6,603.2249,1.64E+01,39.0625,1.10E+01,1.4898
mixed_28-bebop_000_.wav,7,704.1646,1.50E+01,39.0625,8.08E+00,1.8511
mixed_28-bebop_000_.wav,8,805.3792,1.14E+01,37.1094,9.50E+00,1.1976
mixed_28-bebop_000_.wav,9,904.4442,3.68E+01,24.4141,9.18E+00,4.005
mixed_28-bebop_000_.wav,10,1005.1466,2.01E+01,38.0859,6.74E+00,2.977
mixed_28-bebop_001_.wav,1,100.2151,1.21E+03,0.9766,2.21E+01,54.7052
mixed_28-bebop_001_.wav,2,200.1192,2.88E+02,0.9766,1.21E+01,23.7254
mixed_28-bebop_001_.wav,3,300.7724,2.64E+01,35.1562,1.27E+01,2.0772
mixed_28-bebop_001_.wav,4,404.1192,8.02E+00,39.0625,6.89E+00,1.1642
mixed_28-bebop_001_.wav,5,505.1623,1.46E+01,39.0625,1.27E+01,1.1511
mixed_28-bebop_001_.wav,6,606.4453,7.94E+00,18.5547,9.73E+00,0.8162
mixed_28-bebop_001_.wav,7,702.6178,1.51E+01,37.1094,9.83E+00,1.532
mixed_28-bebop_001_.wav,8,805.9578,1.67E+01,21.4844,8.99E+00,1.8592
mixed_28-bebop_001_.wav,9,902.8398,1.38E+01,29.2969,9.11E+00,1.5202
mixed_28-bebop_001_.wav,10,1002.9297,2.71E+01,30.2734,9.87E+00,2.7514
mixed_28-bebop_002_.wav,1,99.9369,1.00E+03,0.9766,2.22E+01,45.1933
mixed_28-bebop_002_.wav,2,200.1706,2.50E+02,0,1.13E+01,22.0595
mixed_28-bebop_002_.wav,3,300.0605,2.51E+01,38.0859,1.53E+01,1.6477
mixed_28-bebop_002_.wav,4,397.488,7.21E+00,38.0859,1.11E+01,0.6489
mixed_28-bebop_002_.wav,5,496.8753,1.38E+01,30.2734,1.21E+01,1.1404
mixed_28-bebop_002_.wav,6,594.7266,2.93E+01,22.4609,1.18E+01,2.4799
mixed_28-bebop_002_.wav,7,696.3788,1.01E+01,37.1094,7.78E+00,1.2951
mixed_28-bebop_002_.wav,8,796.6119,1.09E+01,36.1328,9.73E+00,1.1178
mixed_28-bebop_002_.wav,9,899.4141,1.76E+01,29.2969,1.06E+01,1.6525
mixed_28-bebop_002_.wav,10,999.0234,1.92E+01,20.5078,8.50E+00,2.2602
mixed_28-bebop_003_.wav,1,99.8059,1.10E+03,0.9766,3.43E+01,32.0967
mixed_28-bebop_003_.wav,2,200.043,2.56E+02,0.9766,1.05E+01,24.3363
mixed_28-bebop_003_.wav,3,300.0397,3.65E+01,39.0625,1.32E+01,2.7643
mixed_28-bebop_003_.wav,4,400.0338,6.16E+01,30.2734,2.10E+01,2.9332
mixed_28-bebop_003_.wav,5,495.1172,1.54E+01,13.6719,7.95E+00,1.9372
mixed_28-bebop_003_.wav,6,599.8547,1.23E+01,28.3203,1.11E+01,1.1065
mixed_28-bebop_003_.wav,7,695.2731,8.69E+00,34.1797,8.25E+00,1.053
mixed_28-bebop_003_.wav,8,793.9453,8.40E+00,37.1094,1.02E+01,0.8211
mixed_28-bebop_003_.wav,9,898.9123,6.27E+00,33.2031,7.13E+00,0.879
mixed_28-bebop_003_.wav,10,999.0234,2.18E+01,27.3438,6.38E+00,3.4135
mixed_28-bebop_004_.wav,1,99.7719,1.03E+03,1.1062,3.52E+01,29.3241
mixed_28-bebop_004_.wav,2,199.9358,2.19E+02,1.1062,1.59E+01,13.7355
mixed_28-bebop_004_.wav,3,299.9229,3.61E+01,16.5929,1.32E+01,2.73
mixed_28-bebop_004_.wav,4,396.2469,2.70E+01,38.7168,1.98E+01,1.3649
mixed_28-bebop_004_.wav,5,496.8368,1.03E+01,36.5044,6.16E+00,1.6763
mixed_28-bebop_004_.wav,6,598.9939,9.01E+00,35.3982,8.32E+00,1.0827
mixed_28-bebop_004_.wav,7,695.8259,9.54E+00,14.3805,6.29E+00,1.5159
mixed_28-bebop_004_.wav,8,798.967,9.82E+00,32.0796,8.43E+00,1.1645
mixed_28-bebop_004_.wav,9,896.2927,1.14E+01,30.9735,6.37E+00,1.7966
mixed_28-bebop_004_.wav,10,992.2566,1.25E+01,34.292,6.07E+00,2.0567
mixed_29-bebop_000_.wav,1,150.5363,7.04E+02,37.1094,1.15E+02,6.1289
mixed_29-bebop_000_.wav,2,298.3426,7.83E+01,32.2266,4.33E+01,1.8074
mixed_29-bebop_000_.wav,3,450.054,4.36E+01,26.3672,2.72E+01,1.6027
mixed_29-bebop_000_.wav,4,598.6328,3.27E+01,37.1094,3.06E+01,1.0671
mixed_29-bebop_000_.wav,5,753.9224,4.86E+01,33.2031,3.69E+01,1.3169
mixed_29-bebop_000_.wav,6,905.2734,3.60E+01,38.0859,2.81E+01,1.2778
mixed_29-bebop_000_.wav,7,1055.6641,3.72E+01,35.1562,1.91E+01,1.9482
mixed_29-bebop_000_.wav,8,1204.2613,1.76E+01,37.1094,1.08E+01,1.6285
mixed_29-bebop_000_.wav,9,1355.1982,1.88E+01,11.7188,1.76E+01,1.07
mixed_29-bebop_000_.wav,10,1505.7784,1.15E+01,39.0625,1.16E+01,0.9919
mixed_29-bebop_001_.wav,1,133.6711,1.72E+03,1.9531,1.51E+02,11.4292
mixed_29-bebop_001_.wav,2,266.1115,1.20E+02,38.0859,6.75E+01,1.7811
mixed_29-bebop_001_.wav,3,400.5672,7.60E+01,35.1562,5.01E+01,1.5169
mixed_29-bebop_001_.wav,4,535.4684,8.91E+01,17.5781,4.03E+01,2.2114
mixed_29-bebop_001_.wav,5,668.8306,1.66E+02,37.1094,7.39E+01,2.2524
mixed_29-bebop_001_.wav,6,802.0092,9.29E+01,38.0859,4.94E+01,1.883
mixed_29-bebop_001_.wav,7,938.1656,4.51E+01,38.0859,3.69E+01,1.2236
mixed_29-bebop_001_.wav,8,1069.1022,3.94E+01,38.0859,2.85E+01,1.3842
mixed_29-bebop_001_.wav,9,1207.0312,5.29E+01,27.3438,3.05E+01,1.7381
mixed_29-bebop_001_.wav,10,1336.6701,2.12E+01,39.0625,2.62E+01,0.8105
mixed_29-bebop_002_.wav,1,133.6185,4.73E+02,30.2734,5.19E+01,9.1278
mixed_29-bebop_002_.wav,2,264.6484,7.38E+01,33.2031,5.35E+01,1.3792
mixed_29-bebop_002_.wav,3,400.3537,1.04E+02,38.0859,5.29E+01,1.9724
mixed_29-bebop_002_.wav,4,538.0859,7.55E+01,38.0859,4.41E+01,1.7112
mixed_29-bebop_002_.wav,5,666.0156,6.46E+01,37.1094,3.57E+01,1.8106
mixed_29-bebop_002_.wav,6,805.6641,6.38E+01,36.1328,2.62E+01,2.4389
mixed_29-bebop_002_.wav,7,934.7211,5.18E+01,34.1797,3.50E+01,1.483
mixed_29-bebop_002_.wav,8,1067.3828,3.33E+01,33.2031,1.93E+01,1.7251
mixed_29-bebop_002_.wav,9,1206.0946,2.95E+01,22.4609,1.70E+01,1.7367
mixed_29-bebop_002_.wav,10,1340.8203,2.89E+01,39.0625,1.41E+01,2.0448
mixed_29-bebop_003_.wav,1,191.9627,1.39E+02,39.0625,4.76E+01,2.925
mixed_29-bebop_003_.wav,2,385.1457,1.02E+02,37.1094,4.57E+01,2.2399
mixed_29-bebop_003_.wav,3,574.2188,7.67E+01,31.25,3.03E+01,2.5303
mixed_29-bebop_003_.wav,4,771.0349,7.06E+01,36.1328,3.32E+01,2.1247
mixed_29-bebop_003_.wav,5,960.8121,5.72E+01,39.0625,2.71E+01,2.1157
mixed_29-bebop_003_.wav,6,1155.1949,2.72E+01,5.8594,1.62E+01,1.6846
mixed_29-bebop_003_.wav,7,1349.6094,2.45E+01,28.3203,1.11E+01,2.2126
mixed_29-bebop_003_.wav,8,1541.385,2.32E+01,37.1094,1.09E+01,2.1204
mixed_29-bebop_003_.wav,9,1734.375,1.36E+01,35.1562,9.66E+00,1.4064
mixed_29-bebop_003_.wav,10,1921.9709,2.56E+01,28.3203,1.23E+01,2.087
mixed_29-bebop_004_.wav,1,49.0081,9.85E+01,16.5929,2.53E+01,3.89
mixed_29-bebop_004_.wav,2,99.1875,7.71E+01,35.3982,3.31E+01,2.3284
mixed_29-bebop_004_.wav,3,147.5696,6.24E+01,38.7168,3.09E+01,2.0211
mixed_29-bebop_004_.wav,4,193.4528,6.35E+01,29.8673,3.37E+01,1.8811
mixed_29-bebop_004_.wav,5,243.0607,5.38E+01,35.3982,4.53E+01,1.1862
mixed_29-bebop_004_.wav,6,294.1005,9.54E+01,33.1858,5.14E+01,1.8556
mixed_29-bebop_004_.wav,7,341.8903,6.85E+01,36.5044,4.00E+01,1.7127
mixed_29-bebop_004_.wav,8,389.5337,3.95E+01,33.1858,3.40E+01,1.1606
mixed_29-bebop_004_.wav,9,437.9086,5.06E+01,37.6106,3.60E+01,1.4055
mixed_29-bebop_004_.wav,10,485.255,5.79E+01,32.0796,3.03E+01,1.912
mixed_3-bebop_000_.wav,1,48.8315,4.76E+01,5.8594,6.71E+00,7.1001
mixed_3-bebop_000_.wav,2,97.664,1.65E+01,14.6484,9.59E+00,1.7209
mixed_3-bebop_000_.wav,3,145.7903,1.23E+01,37.1094,7.28E+00,1.6927
mixed_3-bebop_000_.wav,4,198.2422,4.38E+00,38.0859,5.28E+00,0.8293
mixed_3-bebop_000_.wav,5,243.0224,9.92E+00,5.8594,5.33E+00,1.8609
mixed_3-bebop_000_.wav,6,295.8984,7.10E+00,38.0859,5.14E+00,1.3813
mixed_3-bebop_000_.wav,7,342.101,6.43E+00,26.3672,4.18E+00,1.5365
mixed_3-bebop_000_.wav,8,392.7844,4.98E+01,31.25,8.50E+00,5.8548
mixed_3-bebop_000_.wav,9,442.3828,6.66E+00,33.2031,5.96E+00,1.1166
mixed_3-bebop_000_.wav,10,491.2109,1.05E+01,38.0859,5.81E+00,1.8126
mixed_3-bebop_001_.wav,1,48.484,7.08E+01,1.9531,6.85E+00,10.3429
mixed_3-bebop_001_.wav,2,96.7443,9.64E+00,19.5312,6.60E+00,1.4606
mixed_3-bebop_001_.wav,3,144.6385,2.72E+01,2.9297,2.17E+00,12.5226
mixed_3-bebop_001_.wav,4,197.4963,1.39E+00,39.0625,1.02E+00,1.3564
mixed_3-bebop_001_.wav,5,245.2411,2.30E+00,17.5781,1.09E+00,2.12
mixed_3-bebop_001_.wav,6,294.0958,2.67E+01,5.8594,1.08E+00,24.7447
mixed_3-bebop_001_.wav,7,342.21,1.69E+00,18.5547,1.41E+00,1.1993
mixed_3-bebop_001_.wav,8,393.5547,8.24E+00,1.9531,3.71E+00,2.2195
mixed_3-bebop_001_.wav,9,441.664,5.86E+01,10.7422,3.09E+00,18.9783
mixed_3-bebop_001_.wav,10,488.7468,8.23E-01,39.0625,1.38E+00,0.5977
mixed_3-bebop_002_.wav,1,60.5531,1.16E+02,11.7188,1.33E+01,8.7532
mixed_3-bebop_002_.wav,2,118.8458,1.31E+01,32.2266,9.13E+00,1.4353
mixed_3-bebop_002_.wav,3,178.7109,4.81E+00,37.1094,3.68E+00,1.3068
mixed_3-bebop_002_.wav,4,240.09,3.12E+00,35.1562,1.62E+00,1.9231
mixed_3-bebop_002_.wav,5,305.6641,1.68E+01,8.7891,2.93E+00,5.7262
mixed_3-bebop_002_.wav,6,360.3516,4.85E+00,12.6953,1.51E+00,3.2195
mixed_3-bebop_002_.wav,7,426.2472,5.89E+00,10.7422,2.93E+00,2.0068
mixed_3-bebop_002_.wav,8,485.1614,2.26E+00,39.0625,2.05E+00,1.1015
mixed_3-bebop_002_.wav,9,547.2296,2.94E+00,30.2734,1.50E+00,1.9547
mixed_3-bebop_002_.wav,10,603.2909,7.41E+00,26.3672,2.46E+00,3.0141
mixed_3-bebop_003_.wav,1,48.8717,5.08E+01,1.9531,3.23E+00,15.7411
mixed_3-bebop_003_.wav,2,100.5859,8.71E+00,31.25,2.96E+00,2.9442
mixed_3-bebop_003_.wav,3,149.4141,7.93E+00,3.9062,1.55E+00,5.1046
mixed_3-bebop_003_.wav,4,193.6498,1.88E+00,25.3906,1.04E+00,1.8071
mixed_3-bebop_003_.wav,5,242.3022,1.04E+00,23.4375,7.84E-01,1.3272
mixed_3-bebop_003_.wav,6,295.8984,2.92E+00,7.8125,1.48E+00,1.9698
mixed_3-bebop_003_.wav,7,339.6545,4.46E+01,4.8828,2.13E+00,20.9342
mixed_3-bebop_003_.wav,8,392.7893,1.21E+00,23.4375,1.43E+00,0.8426
mixed_3-bebop_003_.wav,9,440.1574,3.64E+00,8.7891,2.08E+00,1.7463
mixed_3-bebop_003_.wav,10,486.1799,2.87E+00,0.9766,2.30E+00,1.2492
mixed_3-bebop_004_.wav,1,48.3406,9.87E+01,1.1062,9.61E+00,10.2705
mixed_3-bebop_004_.wav,2,99.3484,1.51E+01,38.7168,9.33E+00,1.6183
mixed_3-bebop_004_.wav,3,144.5699,5.40E+00,3.3186,3.50E+00,1.5399
mixed_3-bebop_004_.wav,4,193.3992,3.96E+00,38.7168,1.63E+00,2.4248
mixed_3-bebop_004_.wav,5,246.6814,1.13E+00,38.7168,1.18E+00,0.9536
mixed_3-bebop_004_.wav,6,290.6032,1.39E+00,6.6372,1.51E+00,0.9254
mixed_3-bebop_004_.wav,7,340.345,3.37E+01,4.4248,2.47E+00,13.6445
mixed_3-bebop_004_.wav,8,389.9108,1.20E+00,1.1062,1.35E+00,0.8872
mixed_3-bebop_004_.wav,9,438.8546,2.18E+00,3.3186,1.79E+00,1.2209
mixed_3-bebop_004_.wav,10,487.8815,3.24E+00,1.1062,2.02E+00,1.6035
mixed_30-bebop_000_.wav,1,49.082,1.37E+02,26.3672,3.34E+01,4.1073
mixed_30-bebop_000_.wav,2,96.791,5.03E+01,32.2266,4.98E+01,1.0095
mixed_30-bebop_000_.wav,3,146.6393,1.10E+02,33.2031,4.34E+01,2.5331
mixed_30-bebop_000_.wav,4,192.3828,7.14E+01,18.5547,4.57E+01,1.5629
mixed_30-bebop_000_.wav,5,242.1027,7.62E+01,36.1328,4.29E+01,1.7747
mixed_30-bebop_000_.wav,6,290.0391,4.63E+01,36.1328,4.05E+01,1.1423
mixed_30-bebop_000_.wav,7,343.8612,5.32E+01,37.1094,3.69E+01,1.4427
mixed_30-bebop_000_.wav,8,389.9342,6.10E+01,29.2969,3.12E+01,1.9588
mixed_30-bebop_000_.wav,9,440.26,7.59E+01,28.3203,2.61E+01,2.908
mixed_30-bebop_000_.wav,10,490.3782,6.73E+01,25.3906,2.89E+01,2.33
mixed_30-bebop_001_.wav,1,56.5285,2.15E+02,25.3906,4.31E+01,4.9951
mixed_30-bebop_001_.wav,2,116.2109,6.28E+01,39.0625,5.10E+01,1.2329
mixed_30-bebop_001_.wav,3,172.8516,6.02E+01,39.0625,3.91E+01,1.5418
mixed_30-bebop_001_.wav,4,223.6328,6.41E+01,36.1328,3.66E+01,1.7526
mixed_30-bebop_001_.wav,5,285.1397,9.89E+01,39.0625,4.40E+01,2.2471
mixed_30-bebop_001_.wav,6,341.1042,9.25E+01,29.2969,4.30E+01,2.1543
mixed_30-bebop_001_.wav,7,399.4141,8.02E+01,27.3438,3.73E+01,2.1461
mixed_30-bebop_001_.wav,8,451.5368,8.60E+01,20.5078,3.48E+01,2.471
mixed_30-bebop_001_.wav,9,507.4144,7.49E+01,38.0859,3.17E+01,2.3674
mixed_30-bebop_001_.wav,10,564.4827,4.95E+01,38.0859,3.10E+01,1.5976
mixed_30-bebop_002_.wav,1,69.0436,1.48E+02,19.5312,3.13E+01,4.7307
mixed_30-bebop_002_.wav,2,139.6932,4.97E+01,39.0625,3.61E+01,1.3763
mixed_30-bebop_002_.wav,3,208.3675,9.84E+01,38.0859,3.80E+01,2.5901
mixed_30-bebop_002_.wav,4,276.1232,5.72E+01,37.1094,3.28E+01,1.7457
mixed_30-bebop_002_.wav,5,343.75,4.26E+01,35.1562,2.88E+01,1.479
mixed_30-bebop_002_.wav,6,415.1031,8.60E+01,30.2734,3.41E+01,2.5221
mixed_30-bebop_002_.wav,7,484.4924,3.02E+01,36.1328,1.89E+01,1.595
mixed_30-bebop_002_.wav,8,552.6787,2.66E+01,30.2734,1.70E+01,1.5603
mixed_30-bebop_002_.wav,9,621.0938,4.33E+01,29.2969,2.03E+01,2.1354
mixed_30-bebop_002_.wav,10,696.2891,3.36E+01,37.1094,1.52E+01,2.2136
mixed_30-bebop_003_.wav,1,98.5247,1.23E+02,39.0625,4.12E+01,3.0008
mixed_30-bebop_003_.wav,2,199.3784,9.15E+01,34.1797,4.65E+01,1.9681
mixed_30-bebop_003_.wav,3,292.9688,1.09E+02,38.0859,5.78E+01,1.8878
mixed_30-bebop_003_.wav,4,397.4609,7.02E+01,29.2969,5.32E+01,1.3194
mixed_30-bebop_003_.wav,5,492.3104,7.80E+01,31.25,4.14E+01,1.8841
mixed_30-bebop_003_.wav,6,593.5034,5.71E+01,39.0625,3.23E+01,1.7673
mixed_30-bebop_003_.wav,7,689.145,6.04E+01,37.1094,2.67E+01,2.2581
mixed_30-bebop_003_.wav,8,788.4753,3.49E+01,37.1094,2.09E+01,1.6727
mixed_30-bebop_003_.wav,9,886.3919,4.51E+01,28.3203,2.41E+01,1.8728
mixed_30-bebop_003_.wav,10,987.2189,9.01E+01,31.25,2.92E+01,3.0846
mixed_30-bebop_004_.wav,1,55.0529,1.24E+02,26.5487,2.53E+01,4.8894
mixed_30-bebop_004_.wav,2,108.5214,4.10E+01,27.6549,3.26E+01,1.2577
mixed_30-bebop_004_.wav,3,167.0349,4.30E+01,36.5044,2.89E+01,1.4852
mixed_30-bebop_004_.wav,4,217.9204,4.53E+01,36.5044,2.97E+01,1.5215
mixed_30-bebop_004_.wav,5,277.0827,6.40E+01,37.6106,4.17E+01,1.5355
mixed_30-bebop_004_.wav,6,329.7957,8.55E+01,22.1239,4.63E+01,1.8472
mixed_30-bebop_004_.wav,7,387.476,3.55E+01,38.7168,2.97E+01,1.1946
mixed_30-bebop_004_.wav,8,441.1866,3.05E+01,38.7168,2.48E+01,1.2302
mixed_30-bebop_004_.wav,9,497.023,6.14E+01,12.1681,2.12E+01,2.8964
mixed_30-bebop_004_.wav,10,549.7788,6.73E+01,26.5487,1.93E+01,3.4852
mixed_31-bebop_000_.wav,1,90.9757,8.77E+02,0.9766,9.73E+01,9.009
mixed_31-bebop_000_.wav,2,179.691,1.53E+02,28.3203,7.36E+01,2.0726
mixed_31-bebop_000_.wav,3,270.1381,6.70E+01,33.2031,6.00E+01,1.1163
mixed_31-bebop_000_.wav,4,361.4913,4.77E+01,30.2734,3.32E+01,1.4376
mixed_31-bebop_000_.wav,5,456.3494,3.99E+01,32.2266,3.17E+01,1.2616
mixed_31-bebop_000_.wav,6,545.1023,6.63E+01,37.1094,3.18E+01,2.086
mixed_31-bebop_000_.wav,7,634.3468,8.22E+01,20.5078,4.08E+01,2.0153
mixed_31-bebop_000_.wav,8,725.8152,1.26E+02,28.3203,4.84E+01,2.604
mixed_31-bebop_000_.wav,9,817.8577,3.27E+01,33.2031,2.23E+01,1.4691
mixed_31-bebop_000_.wav,10,906.1167,2.94E+01,33.2031,1.63E+01,1.8042
mixed_31-bebop_001_.wav,1,68.7634,3.33E+02,36.1328,9.52E+01,3.4994
mixed_31-bebop_001_.wav,2,135.4484,1.67E+02,39.0625,9.57E+01,1.7456
mixed_31-bebop_001_.wav,3,208.0078,1.52E+02,38.0859,8.13E+01,1.8736
mixed_31-bebop_001_.wav,4,273.1198,1.27E+02,39.0625,8.94E+01,1.4252
mixed_31-bebop_001_.wav,5,338.8672,1.27E+02,34.1797,7.50E+01,1.692
mixed_31-bebop_001_.wav,6,407.2266,1.09E+02,38.0859,5.35E+01,2.0452
mixed_31-bebop_001_.wav,7,475.5859,9.05E+01,39.0625,6.04E+01,1.4987
mixed_31-bebop_001_.wav,8,543.9453,7.16E+01,39.0625,5.56E+01,1.2881
mixed_31-bebop_001_.wav,9,617.2264,6.80E+01,35.1562,5.75E+01,1.1824
mixed_31-bebop_001_.wav,10,686.5234,1.28E+02,39.0625,5.11E+01,2.4991
mixed_31-bebop_002_.wav,1,75.502,2.49E+02,35.1562,7.76E+01,3.2124
mixed_31-bebop_002_.wav,2,149.1561,8.70E+01,27.3438,4.51E+01,1.9313
mixed_31-bebop_002_.wav,3,223.2832,8.71E+01,25.3906,3.18E+01,2.7391
mixed_31-bebop_002_.wav,4,299.1745,3.99E+01,23.4375,2.73E+01,1.4581
mixed_31-bebop_002_.wav,5,377.2345,5.40E+01,37.1094,3.45E+01,1.5646
mixed_31-bebop_002_.wav,6,454.1016,7.12E+01,28.3203,4.05E+01,1.759
mixed_31-bebop_002_.wav,7,527.6526,7.36E+01,38.0859,4.18E+01,1.7616
mixed_31-bebop_002_.wav,8,604.4922,8.14E+01,29.2969,4.63E+01,1.7594
mixed_31-bebop_002_.wav,9,675.0779,7.41E+01,34.1797,3.27E+01,2.2619
mixed_31-bebop_002_.wav,10,749.8277,5.63E+01,37.1094,2.37E+01,2.3739
mixed_31-bebop_003_.wav,1,48.9956,1.51E+02,25.3906,2.33E+01,6.491
mixed_31-bebop_003_.wav,2,98.883,5.01E+01,32.2266,3.56E+01,1.4053
mixed_31-bebop_003_.wav,3,148.7043,4.83E+01,38.0859,2.80E+01,1.7221
mixed_31-bebop_003_.wav,4,195.2582,3.85E+01,39.0625,2.21E+01,1.7466
mixed_31-bebop_003_.wav,5,241.2109,4.71E+01,36.1328,2.34E+01,2.0138
mixed_31-bebop_003_.wav,6,291.8362,4.16E+01,33.2031,2.77E+01,1.5005
mixed_31-bebop_003_.wav,7,344.7266,9.14E+01,25.3906,2.79E+01,3.2772
mixed_31-bebop_003_.wav,8,392.4713,4.27E+01,35.1562,2.58E+01,1.657
mixed_31-bebop_003_.wav,9,441.7767,5.15E+01,4.8828,2.78E+01,1.8532
mixed_31-bebop_003_.wav,10,489.7961,4.20E+01,37.1094,2.63E+01,1.5989
mixed_31-bebop_004_.wav,1,171.9193,1.21E+02,13.2743,4.64E+01,2.6001
mixed_31-bebop_004_.wav,2,340.3345,1.19E+02,32.0796,7.47E+01,1.5884
mixed_31-bebop_004_.wav,3,513.655,1.72E+02,37.6106,7.74E+01,2.2209
mixed_31-bebop_004_.wav,4,682.5221,1.36E+02,32.0796,6.96E+01,1.9503
mixed_31-bebop_004_.wav,5,855.986,1.07E+02,34.292,5.46E+01,1.9637
mixed_31-bebop_004_.wav,6,1025.4425,6.44E+01,29.8673,4.55E+01,1.415
mixed_31-bebop_004_.wav,7,1198.874,3.59E+01,38.7168,2.45E+01,1.4624
mixed_31-bebop_004_.wav,8,1368.3628,5.75E+01,35.3982,2.64E+01,2.1772
mixed_31-bebop_004_.wav,9,1545.4263,5.41E+01,37.6106,2.45E+01,2.2071
mixed_31-bebop_004_.wav,10,1717.9204,3.24E+01,35.3982,1.93E+01,1.6778
mixed_32-bebop_000_.wav,1,88.8874,1.44E+02,25.3906,5.10E+01,2.8261
mixed_32-bebop_000_.wav,2,176.1103,4.76E+01,39.0625,4.32E+01,1.1016
mixed_32-bebop_000_.wav,3,263.6719,7.07E+01,37.1094,3.74E+01,1.888
mixed_32-bebop_000_.wav,4,355.6252,5.90E+01,34.1797,4.50E+01,1.3105
mixed_32-bebop_000_.wav,5,443.4528,5.37E+01,39.0625,4.85E+01,1.1066
mixed_32-bebop_000_.wav,6,532.2985,4.49E+01,35.1562,4.46E+01,1.0076
mixed_32-bebop_000_.wav,7,623.8388,1.07E+02,38.0859,4.38E+01,2.4403
mixed_32-bebop_000_.wav,8,710.3596,3.80E+01,39.0625,2.81E+01,1.3558
mixed_32-bebop_000_.wav,9,798.4733,3.38E+01,32.2266,2.12E+01,1.5912
mixed_32-bebop_000_.wav,10,888.4004,4.87E+01,31.25,1.89E+01,2.5818
mixed_32-bebop_001_.wav,1,61.2213,1.96E+02,35.1562,5.48E+01,3.5718
mixed_32-bebop_001_.wav,2,123.9472,8.84E+01,11.7188,5.38E+01,1.6423
mixed_32-bebop_001_.wav,3,181.6406,6.83E+01,38.0859,4.22E+01,1.6162
mixed_32-bebop_001_.wav,4,244.2223,9.00E+01,34.1797,5.56E+01,1.6204
mixed_32-bebop_001_.wav,5,310.5469,1.31E+02,39.0625,5.75E+01,2.2815
mixed_32-bebop_001_.wav,6,369.3287,1.10E+02,35.1562,5.49E+01,2.0032
mixed_32-bebop_001_.wav,7,429.7619,8.79E+01,36.1328,5.54E+01,1.5879
mixed_32-bebop_001_.wav,8,491.327,9.87E+01,34.1797,4.89E+01,2.0179
mixed_32-bebop_001_.wav,9,550.7812,8.21E+01,8.7891,5.39E+01,1.5222
mixed_32-bebop_001_.wav,10,615.4317,5.94E+01,37.1094,4.30E+01,1.381
mixed_32-bebop_002_.wav,1,77.2574,2.17E+02,39.0625,7.57E+01,2.8671
mixed_32-bebop_002_.wav,2,152.1963,6.76E+01,13.6719,4.94E+01,1.3681
mixed_32-bebop_002_.wav,3,234.375,8.01E+01,39.0625,4.57E+01,1.7521
mixed_32-bebop_002_.wav,4,307.369,2.19E+02,21.4844,6.62E+01,3.3098
mixed_32-bebop_002_.wav,5,385.6738,1.34E+02,35.1562,6.60E+01,2.0328
mixed_32-bebop_002_.wav,6,462.2965,1.14E+02,31.25,6.98E+01,1.6266
mixed_32-bebop_002_.wav,7,539.1307,7.25E+01,34.1797,5.85E+01,1.2403
mixed_32-bebop_002_.wav,8,617.1255,1.39E+02,29.2969,6.47E+01,2.156
mixed_32-bebop_002_.wav,9,694.5681,1.34E+02,31.25,5.59E+01,2.4073
mixed_32-bebop_002_.wav,10,772.9143,5.17E+01,37.1094,4.21E+01,1.2297
mixed_32-bebop_003_.wav,1,48.637,1.12E+02,14.6484,1.26E+01,8.8716
mixed_32-bebop_003_.wav,2,100.5859,5.21E+01,37.1094,2.83E+01,1.8425
mixed_32-bebop_003_.wav,3,149.4141,5.87E+01,39.0625,2.76E+01,2.1267
mixed_32-bebop_003_.wav,4,193.069,6.10E+01,29.2969,2.72E+01,2.2447
mixed_32-bebop_003_.wav,5,243.6002,6.38E+01,39.0625,3.21E+01,1.9847
mixed_32-bebop_003_.wav,6,291.266,7.30E+01,39.0625,3.77E+01,1.9366
mixed_32-bebop_003_.wav,7,343.5272,7.36E+01,33.2031,3.77E+01,1.9541
mixed_32-bebop_003_.wav,8,389.7457,1.31E+02,33.2031,4.33E+01,3.0339
mixed_32-bebop_003_.wav,9,441.8163,1.25E+02,38.0859,5.52E+01,2.2595
mixed_32-bebop_003_.wav,10,485.9229,8.56E+01,35.1562,4.88E+01,1.7537
mixed_32-bebop_004_.wav,1,48.9384,1.58E+02,12.6953,2.04E+01,7.709
mixed_32-bebop_004_.wav,2,98.6666,3.89E+01,38.0859,2.62E+01,1.4847
mixed_32-bebop_004_.wav,3,148.7661,1.85E+01,25.3906,2.13E+01,0.8679
mixed_32-bebop_004_.wav,4,194.483,3.93E+01,36.1328,1.82E+01,2.162
mixed_32-bebop_004_.wav,5,246.0265,3.20E+01,36.1328,1.77E+01,1.8065
mixed_32-bebop_004_.wav,6,290.0391,3.48E+01,23.4375,1.92E+01,1.8147
mixed_32-bebop_004_.wav,7,342.7036,2.68E+01,33.2031,2.32E+01,1.157
mixed_32-bebop_004_.wav,8,393.5547,7.99E+01,25.3906,2.85E+01,2.8005
mixed_32-bebop_004_.wav,9,441.8432,5.65E+01,25.3906,3.30E+01,1.7115
mixed_32-bebop_004_.wav,10,491.2109,4.44E+01,38.0859,2.52E+01,1.7603
mixed_33-bebop_000_.wav,1,48.6985,1.59E+02,19.5312,2.75E+01,5.8057
mixed_33-bebop_000_.wav,2,99.7443,6.85E+01,39.0625,2.96E+01,2.3132
mixed_33-bebop_000_.wav,3,147.4626,3.72E+01,32.2266,2.28E+01,1.6343
mixed_33-bebop_000_.wav,4,192.9519,3.06E+01,36.1328,1.87E+01,1.6324
mixed_33-bebop_000_.wav,5,247.0703,1.75E+01,36.1328,1.76E+01,0.9955
mixed_33-bebop_000_.wav,6,290.0391,1.25E+02,0.9766,1.79E+01,7.0211
mixed_33-bebop_000_.wav,7,342.601,3.77E+02,0.9766,1.75E+01,21.557
mixed_33-bebop_000_.wav,8,387.6953,3.58E+01,38.0859,1.81E+01,1.9776
mixed_33-bebop_000_.wav,9,442.3828,4.67E+01,29.2969,2.20E+01,2.1244
mixed_33-bebop_000_.wav,10,486.5578,3.60E+01,35.1562,1.99E+01,1.8057
mixed_33-bebop_001_.wav,1,49.1575,1.36E+02,21.4844,2.07E+01,6.5955
mixed_33-bebop_001_.wav,2,98.5114,2.06E+01,37.1094,2.50E+01,0.8236
mixed_33-bebop_001_.wav,3,144.5083,2.61E+01,37.1094,1.79E+01,1.456
mixed_33-bebop_001_.wav,4,196.211,2.96E+01,38.0859,1.61E+01,1.841
mixed_33-bebop_001_.wav,5,244.4144,1.36E+01,28.3203,1.60E+01,0.8474
mixed_33-bebop_001_.wav,6,290.8581,1.80E+02,2.9297,1.74E+01,10.3238
mixed_33-bebop_001_.wav,7,341.6131,6.08E+02,0.9766,2.08E+01,29.2563
mixed_33-bebop_001_.wav,8,392.4076,2.62E+01,37.1094,1.98E+01,1.3256
mixed_33-bebop_001_.wav,9,439.6297,4.75E+01,34.1797,2.02E+01,2.3577
mixed_33-bebop_001_.wav,10,489.133,3.86E+01,23.4375,2.14E+01,1.8012
mixed_33-bebop_002_.wav,1,48.0402,6.50E+01,23.4375,8.11E+00,8.0197
mixed_33-bebop_002_.wav,2,97.6306,1.28E+01,34.1797,1.36E+01,0.9363
mixed_33-bebop_002_.wav,3,141.6855,2.09E+01,18.5547,1.31E+01,1.5923
mixed_33-bebop_002_.wav,4,193.5003,2.37E+01,32.2266,1.47E+01,1.6159
mixed_33-bebop_002_.wav,5,237.6564,1.53E+01,37.1094,1.61E+01,0.9485
mixed_33-bebop_002_.wav,6,289.2545,2.51E+02,4.8828,2.05E+01,12.2938
mixed_33-bebop_002_.wav,7,335.9482,3.48E+01,0.9766,2.38E+01,1.4608
mixed_33-bebop_002_.wav,8,384.5332,3.11E+01,8.7891,1.85E+01,1.6805
mixed_33-bebop_002_.wav,9,427.7344,5.72E+01,20.5078,2.06E+01,2.7807
mixed_33-bebop_002_.wav,10,476.3139,4.00E+01,37.1094,2.81E+01,1.4222
mixed_33-bebop_003_.wav,1,48.9807,1.03E+02,14.6484,1.60E+01,6.4702
mixed_33-bebop_003_.wav,2,96.76,3.66E+01,36.1328,1.78E+01,2.0617
mixed_33-bebop_003_.wav,3,144.4416,1.70E+01,27.3438,1.45E+01,1.172
mixed_33-bebop_003_.wav,4,196.4916,2.73E+01,35.1562,1.49E+01,1.8274
mixed_33-bebop_003_.wav,5,247.0703,2.19E+01,31.25,1.80E+01,1.219
mixed_33-bebop_003_.wav,6,293.6267,1.15E+02,8.7891,2.01E+01,5.6969
mixed_33-bebop_003_.wav,7,340.996,6.98E+02,0.9766,2.13E+01,32.7656
mixed_33-bebop_003_.wav,8,387.6953,2.79E+01,35.1562,2.16E+01,1.291
mixed_33-bebop_003_.wav,9,441.3954,3.33E+01,12.6953,2.04E+01,1.6288
mixed_33-bebop_003_.wav,10,490.524,5.42E+01,34.1797,2.35E+01,2.3019
mixed_33-bebop_004_.wav,1,48.8003,1.22E+02,18.8053,2.18E+01,5.5826
mixed_33-bebop_004_.wav,2,94.0265,2.45E+01,37.6106,2.61E+01,0.9366
mixed_33-bebop_004_.wav,3,147.3229,2.31E+01,32.0796,1.74E+01,1.3301
mixed_33-bebop_004_.wav,4,194.7199,2.97E+01,32.0796,1.59E+01,1.8684
mixed_33-bebop_004_.wav,5,244.2326,2.53E+01,34.292,1.28E+01,1.9739
mixed_33-bebop_004_.wav,6,290.5729,1.38E+02,3.3186,1.42E+01,9.7095
mixed_33-bebop_004_.wav,7,340.8111,7.41E+02,1.1062,1.76E+01,42.0462
mixed_33-bebop_004_.wav,8,386.0619,2.18E+01,36.5044,1.75E+01,1.2502
mixed_33-bebop_004_.wav,9,440.4819,4.00E+01,22.1239,1.93E+01,2.0771
mixed_33-bebop_004_.wav,10,483.4071,5.16E+01,15.4867,2.16E+01,2.387
mixed_34-bebop_000_.wav,1,42.3601,1.23E+02,19.5312,3.43E+01,3.5918
mixed_34-bebop_000_.wav,2,81.0547,6.07E+01,39.0625,3.14E+01,1.9312
mixed_34-bebop_000_.wav,3,124.9858,2.16E+01,29.2969,2.02E+01,1.0718
mixed_34-bebop_000_.wav,4,167.0068,4.44E+01,20.5078,1.33E+01,3.3407
mixed_34-bebop_000_.wav,5,211.152,1.53E+01,34.1797,1.02E+01,1.5093
mixed_34-bebop_000_.wav,6,249.0234,1.71E+01,37.1094,8.94E+00,1.9171
mixed_34-bebop_000_.wav,7,294.1012,1.08E+01,35.1562,7.06E+00,1.5298
mixed_34-bebop_000_.wav,8,338.8672,2.79E+01,19.5312,9.12E+00,3.0617
mixed_34-bebop_000_.wav,9,375,1.34E+01,30.2734,1.01E+01,1.3196
mixed_34-bebop_000_.wav,10,416.9922,2.27E+01,2.9297,9.97E+00,2.2787
mixed_34-bebop_001_.wav,1,45.8787,1.94E+02,26.3672,2.93E+01,6.6348
mixed_34-bebop_001_.wav,2,93.7302,2.95E+01,29.2969,2.56E+01,1.1501
mixed_34-bebop_001_.wav,3,138.6837,1.60E+01,33.2031,1.09E+01,1.465
mixed_34-bebop_001_.wav,4,181.5712,1.09E+01,38.0859,8.36E+00,1.3004
mixed_34-bebop_001_.wav,5,227.9395,1.50E+01,32.2266,7.32E+00,2.0509
mixed_34-bebop_001_.wav,6,274.6555,2.55E+01,11.7188,8.26E+00,3.0836
mixed_34-bebop_001_.wav,7,318.3594,1.25E+01,34.1797,1.25E+01,1.0009
mixed_34-bebop_001_.wav,8,366.0817,3.70E+01,32.2266,1.54E+01,2.4099
mixed_34-bebop_001_.wav,9,414.1338,2.34E+01,35.1562,1.57E+01,1.4919
mixed_34-bebop_001_.wav,10,461.9141,2.17E+01,2.9297,1.22E+01,1.7754
mixed_34-bebop_002_.wav,1,60.4989,1.42E+02,33.2031,2.38E+01,5.958
mixed_34-bebop_002_.wav,2,122.8419,5.32E+01,34.1797,2.10E+01,2.5277
mixed_34-bebop_002_.wav,3,181.4051,2.06E+01,23.4375,1.24E+01,1.6599
mixed_34-bebop_002_.wav,4,241.2183,1.42E+01,35.1562,9.30E+00,1.5277
mixed_34-bebop_002_.wav,5,305.6641,1.77E+01,33.2031,1.17E+01,1.5212
mixed_34-bebop_002_.wav,6,366.2109,2.89E+01,16.6016,1.95E+01,1.4812
mixed_34-bebop_002_.wav,7,426.7578,1.92E+01,33.2031,1.61E+01,1.1949
mixed_34-bebop_002_.wav,8,481.4453,3.21E+01,32.2266,1.57E+01,2.0424
mixed_34-bebop_002_.wav,9,541.9922,2.93E+01,37.1094,1.47E+01,1.9873
mixed_34-bebop_002_.wav,10,605.4545,3.03E+01,38.0859,1.16E+01,2.6204
mixed_34-bebop_003_.wav,1,52.7573,3.07E+02,25.3906,5.08E+01,6.0373
mixed_34-bebop_003_.wav,2,102.5391,1.33E+02,15.625,5.35E+01,2.4836
mixed_34-bebop_003_.wav,3,159.2286,5.54E+01,39.0625,3.16E+01,1.7524
mixed_34-bebop_003_.wav,4,210.8219,5.29E+01,19.5312,2.35E+01,2.2546
mixed_34-bebop_003_.wav,5,260.7422,7.14E+01,32.2266,2.42E+01,2.955
mixed_34-bebop_003_.wav,6,317.6959,4.74E+01,37.1094,2.86E+01,1.6562
mixed_34-bebop_003_.wav,7,372.0703,4.06E+01,33.2031,2.99E+01,1.3616
mixed_34-bebop_003_.wav,8,419.825,2.99E+01,39.0625,2.71E+01,1.1035
mixed_34-bebop_003_.wav,9,473.5519,4.48E+01,37.1094,2.58E+01,1.7347
mixed_34-bebop_003_.wav,10,528.2863,3.36E+01,39.0625,2.60E+01,1.295
mixed_34-bebop_004_.wav,1,48.0284,1.99E+02,19.9115,2.71E+01,7.3525
mixed_34-bebop_004_.wav,2,91.8142,4.65E+01,38.7168,4.26E+01,1.091
mixed_34-bebop_004_.wav,3,144.1523,5.40E+01,4.4248,2.85E+01,1.8974
mixed_34-bebop_004_.wav,4,193.5841,4.38E+01,34.292,2.40E+01,1.8284
mixed_34-bebop_004_.wav,5,235.6195,4.62E+01,22.1239,2.56E+01,1.8052
mixed_34-bebop_004_.wav,6,284.8344,4.76E+01,13.2743,3.34E+01,1.4258
mixed_34-bebop_004_.wav,7,333.5947,6.55E+01,38.7168,4.19E+01,1.5634
mixed_34-bebop_004_.wav,8,377.2124,5.75E+01,29.8673,3.33E+01,1.7254
mixed_34-bebop_004_.wav,9,424.7788,5.33E+01,36.5044,3.10E+01,1.7202
mixed_34-bebop_004_.wav,10,476.4344,1.03E+02,22.1239,3.53E+01,2.9077
mixed_35-bebop_000_.wav,1,131.9109,1.55E+02,0.9766,3.14E+01,4.9317
mixed_35-bebop_000_.wav,2,265.5302,5.13E+01,35.1562,4.04E+01,1.2686
mixed_35-bebop_000_.wav,3,398.4375,7.15E+01,1.9531,6.86E+01,1.0431
mixed_35-bebop_000_.wav,4,527.2591,7.57E+01,36.1328,5.58E+01,1.3574
mixed_35-bebop_000_.wav,5,661.3761,1.17E+02,34.1797,5.02E+01,2.3308
mixed_35-bebop_000_.wav,6,793.9453,7.44E+01,37.1094,6.49E+01,1.1476
mixed_35-bebop_000_.wav,7,924.0629,7.20E+01,29.2969,5.45E+01,1.3211
mixed_35-bebop_000_.wav,8,1056.2786,6.42E+01,39.0625,3.88E+01,1.6534
mixed_35-bebop_000_.wav,9,1188.439,8.82E+01,37.1094,4.73E+01,1.8635
mixed_35-bebop_000_.wav,10,1316.7036,8.52E+01,22.4609,3.68E+01,2.3145
mixed_35-bebop_001_.wav,1,98.522,1.95E+02,38.0859,8.99E+01,2.1731
mixed_35-bebop_001_.wav,2,198.2892,1.11E+02,31.25,3.91E+01,2.8459
mixed_35-bebop_001_.wav,3,298.1421,1.28E+02,32.2266,5.11E+01,2.5043
mixed_35-bebop_001_.wav,4,391.6016,8.70E+01,18.5547,7.78E+01,1.1179
mixed_35-bebop_001_.wav,5,494.4393,1.46E+02,28.3203,6.06E+01,2.4102
mixed_35-bebop_001_.wav,6,594.7266,9.76E+01,32.2266,5.21E+01,1.8738
mixed_35-bebop_001_.wav,7,689.4876,1.61E+02,31.25,5.93E+01,2.7244
mixed_35-bebop_001_.wav,8,791.9922,8.97E+01,31.25,5.19E+01,1.727
mixed_35-bebop_001_.wav,9,889.8169,7.02E+01,30.2734,4.22E+01,1.6611
mixed_35-bebop_001_.wav,10,987.5322,5.38E+01,38.0859,4.60E+01,1.1689
mixed_35-bebop_002_.wav,1,98.551,2.73E+02,0.9766,3.51E+01,7.7876
mixed_35-bebop_002_.wav,2,199.3472,5.05E+01,31.25,3.06E+01,1.6506
mixed_35-bebop_002_.wav,3,295.488,8.36E+01,39.0625,3.95E+01,2.117
mixed_35-bebop_002_.wav,4,391.6016,9.47E+01,1.9531,5.71E+01,1.6594
mixed_35-bebop_002_.wav,5,493.3754,1.17E+02,32.2266,4.93E+01,2.365
mixed_35-bebop_002_.wav,6,588.8672,1.79E+02,24.4141,5.55E+01,3.227
mixed_35-bebop_002_.wav,7,687.5,1.35E+02,37.1094,5.73E+01,2.3513
mixed_35-bebop_002_.wav,8,788.3838,1.05E+02,39.0625,5.45E+01,1.9171
mixed_35-bebop_002_.wav,9,884.7656,3.86E+01,38.0859,3.69E+01,1.0467
mixed_35-bebop_002_.wav,10,987.9964,1.03E+02,25.3906,3.12E+01,3.306
mixed_35-bebop_003_.wav,1,98.4324,2.13E+02,2.9297,3.95E+01,5.3857
mixed_35-bebop_003_.wav,2,197.2919,1.71E+02,1.9531,2.67E+01,6.4163
mixed_35-bebop_003_.wav,3,295.7797,8.21E+01,11.7188,2.59E+01,3.1676
mixed_35-bebop_003_.wav,4,392.5751,1.24E+02,38.0859,4.25E+01,2.9064
mixed_35-bebop_003_.wav,5,495.1323,1.28E+02,10.7422,3.36E+01,3.7995
mixed_35-bebop_003_.wav,6,594.7266,1.15E+02,19.5312,3.47E+01,3.3062
mixed_35-bebop_003_.wav,7,687.5,5.79E+01,35.1562,3.68E+01,1.5743
mixed_35-bebop_003_.wav,8,786.1328,6.71E+01,39.0625,3.31E+01,2.0276
mixed_35-bebop_003_.wav,9,890.625,4.82E+01,34.1797,2.80E+01,1.722
mixed_35-bebop_003_.wav,10,989.2578,4.63E+01,39.0625,2.35E+01,1.9679
mixed_35-bebop_004_.wav,1,64.8891,1.29E+02,38.7168,5.34E+01,2.4164
mixed_35-bebop_004_.wav,2,127.2124,7.26E+01,32.0796,3.71E+01,1.9553
mixed_35-bebop_004_.wav,3,196.6167,2.15E+01,35.3982,1.64E+01,1.3126
mixed_35-bebop_004_.wav,4,262.8757,2.74E+01,16.5929,1.01E+01,2.724
mixed_35-bebop_004_.wav,5,329.646,4.16E+01,27.6549,1.14E+01,3.6616
mixed_35-bebop_004_.wav,6,392.6405,2.54E+01,19.9115,1.28E+01,1.9805
mixed_35-bebop_004_.wav,7,460.177,1.48E+01,38.7168,9.51E+00,1.5595
mixed_35-bebop_004_.wav,8,524.3363,1.72E+01,37.6106,9.91E+00,1.7314
mixed_35-bebop_004_.wav,9,589.9354,1.50E+01,2.2124,9.51E+00,1.5783
mixed_35-bebop_004_.wav,10,651.1735,1.71E+01,34.292,9.25E+00,1.8499
mixed_36-bebop_000_.wav,1,65.5226,9.90E+02,0.9766,4.25E+01,23.2763
mixed_36-bebop_000_.wav,2,130.8076,2.04E+02,21.4844,5.06E+01,4.0263
mixed_36-bebop_000_.wav,3,196.5526,2.22E+02,29.2969,4.57E+01,4.853
mixed_36-bebop_000_.wav,4,262.042,3.65E+02,2.9297,5.60E+01,6.5214
mixed_36-bebop_000_.wav,5,327.7275,5.00E+02,21.4844,1.33E+02,3.7601
mixed_36-bebop_000_.wav,6,391.3839,1.50E+02,31.25,5.35E+01,2.8031
mixed_36-bebop_000_.wav,7,460.9375,7.35E+01,26.3672,3.13E+01,2.3485
mixed_36-bebop_000_.wav,8,522.6799,1.51E+02,1.9531,3.27E+01,4.6119
mixed_36-bebop_000_.wav,9,591.7969,1.40E+02,15.625,3.65E+01,3.8394
mixed_36-bebop_000_.wav,10,653.2783,2.76E+02,1.9531,5.21E+01,5.2969
mixed_36-bebop_001_.wav,1,98.2613,3.24E+02,0.9766,3.45E+01,9.4034
mixed_36-bebop_001_.wav,2,195.7325,1.22E+02,0.9766,2.67E+01,4.5533
mixed_36-bebop_001_.wav,3,293.835,7.84E+01,35.1562,4.97E+01,1.5794
mixed_36-bebop_001_.wav,4,391.6016,1.70E+02,0.9766,2.71E+01,6.2905
mixed_36-bebop_001_.wav,5,492.5696,4.65E+01,1.9531,2.25E+01,2.0719
mixed_36-bebop_001_.wav,6,590.4589,5.53E+01,6.8359,2.37E+01,2.3333
mixed_36-bebop_001_.wav,7,690.5251,4.55E+01,31.25,2.48E+01,1.8336
mixed_36-bebop_001_.wav,8,788.2112,5.96E+01,3.9062,2.08E+01,2.861
mixed_36-bebop_001_.wav,9,887.6268,3.47E+01,14.6484,1.67E+01,2.0745
mixed_36-bebop_001_.wav,10,989.2578,3.90E+01,12.6953,2.13E+01,1.835
mixed_36-bebop_002_.wav,1,98.629,2.17E+02,1.9531,3.87E+01,5.617
mixed_36-bebop_002_.wav,2,197.1815,1.49E+02,2.9297,2.73E+01,5.4477
mixed_36-bebop_002_.wav,3,292.9688,1.53E+02,22.4609,3.55E+01,4.3222
mixed_36-bebop_002_.wav,4,393.4453,1.41E+02,0.9766,2.22E+01,6.3297
mixed_36-bebop_002_.wav,5,493.3637,1.85E+02,1.9531,2.09E+01,8.8136
mixed_36-bebop_002_.wav,6,591.714,1.80E+02,1.9531,2.39E+01,7.5235
mixed_36-bebop_002_.wav,7,688.4428,9.28E+01,14.6484,2.97E+01,3.1254
mixed_36-bebop_002_.wav,8,791.9922,7.83E+01,9.7656,2.27E+01,3.4543
mixed_36-bebop_002_.wav,9,885.7816,5.43E+01,11.7188,1.66E+01,3.2681
mixed_36-bebop_002_.wav,10,989.2578,6.34E+01,1.9531,1.47E+01,4.3163
mixed_36-bebop_003_.wav,1,82.3356,1.02E+02,32.2266,2.86E+01,3.5743
mixed_36-bebop_003_.wav,2,161.1328,7.97E+01,22.4609,2.78E+01,2.8644
mixed_36-bebop_003_.wav,3,249.0234,6.91E+01,28.3203,3.03E+01,2.2817
mixed_36-bebop_003_.wav,4,329.0721,4.85E+01,36.1328,2.76E+01,1.7598
mixed_36-bebop_003_.wav,5,413.0859,3.18E+01,26.3672,2.43E+01,1.3077
mixed_36-bebop_003_.wav,6,491.4099,4.08E+01,31.25,1.83E+01,2.232
mixed_36-bebop_003_.wav,7,572.8473,4.65E+01,35.1562,1.87E+01,2.4844
mixed_36-bebop_003_.wav,8,657.2702,2.97E+01,37.1094,1.78E+01,1.6668
mixed_36-bebop_003_.wav,9,737.0229,3.20E+01,38.0859,1.58E+01,2.0309
mixed_36-bebop_003_.wav,10,818.9814,1.75E+01,25.3906,1.41E+01,1.2396
mixed_36-bebop_004_.wav,1,105.0526,1.35E+02,2.2124,2.52E+01,5.3729
mixed_36-bebop_004_.wav,2,211.173,6.39E+01,35.3982,3.45E+01,1.854
mixed_36-bebop_004_.wav,3,315.129,5.27E+01,33.1858,2.19E+01,2.4051
mixed_36-bebop_004_.wav,4,418.2926,8.81E+01,2.2124,2.06E+01,4.2783
mixed_36-bebop_004_.wav,5,523.2301,7.46E+01,8.8496,2.20E+01,3.3891
mixed_36-bebop_004_.wav,6,628.3186,2.89E+01,28.7611,2.89E+01,0.9992
mixed_36-bebop_004_.wav,7,736.8128,3.95E+01,35.3982,2.58E+01,1.5294
mixed_36-bebop_004_.wav,8,842.4532,6.28E+01,21.0177,2.31E+01,2.7241
mixed_36-bebop_004_.wav,9,949.115,3.42E+01,37.6106,2.07E+01,1.6567
mixed_36-bebop_004_.wav,10,1051.0631,3.79E+01,32.0796,1.67E+01,2.2729
mixed_37-bebop_000_.wav,1,52.175,1.04E+02,28.3203,2.36E+01,4.3975
mixed_37-bebop_000_.wav,2,103.1478,4.92E+01,36.1328,2.46E+01,2.0051
mixed_37-bebop_000_.wav,3,156.1821,1.86E+01,36.1328,1.23E+01,1.5061
mixed_37-bebop_000_.wav,4,205.1437,9.46E+00,37.1094,6.18E+00,1.5308
mixed_37-bebop_000_.wav,5,258.8403,5.09E+00,31.25,3.41E+00,1.4936
mixed_37-bebop_000_.wav,6,307.6172,2.82E+00,12.6953,1.76E+00,1.6016
mixed_37-bebop_000_.wav,7,365.2344,8.50E+00,12.6953,5.00E+00,1.699
mixed_37-bebop_000_.wav,8,412.4952,4.55E+01,16.6016,7.94E+00,5.7275
mixed_37-bebop_000_.wav,9,466.659,1.79E+00,37.1094,2.08E+00,0.8598
mixed_37-bebop_000_.wav,10,515.3613,3.57E+00,33.2031,1.67E+00,2.1378
mixed_37-bebop_001_.wav,1,49.0719,1.18E+02,17.5781,2.27E+01,5.2067
mixed_37-bebop_001_.wav,2,98.4633,4.90E+01,20.5078,2.03E+01,2.4135
mixed_37-bebop_001_.wav,3,145.4922,1.63E+01,21.4844,9.36E+00,1.7375
mixed_37-bebop_001_.wav,4,196.0867,1.12E+01,35.1562,6.16E+00,1.8136
mixed_37-bebop_001_.wav,5,246.224,1.57E+01,38.0859,4.48E+00,3.4991
mixed_37-bebop_001_.wav,6,295.8984,4.66E+00,36.1328,2.87E+00,1.6253
mixed_37-bebop_001_.wav,7,344.7266,2.21E+00,2.9297,2.83E+00,0.7799
mixed_37-bebop_001_.wav,8,387.6953,1.15E+01,4.8828,5.00E+00,2.3072
mixed_37-bebop_001_.wav,9,436.5234,5.33E+00,15.625,2.70E+00,1.9755
mixed_37-bebop_001_.wav,10,488.8245,3.47E+00,9.7656,1.49E+00,2.3251
mixed_37-bebop_002_.wav,1,48.8111,9.79E+01,1.9531,4.74E+00,20.6638
mixed_37-bebop_002_.wav,2,96.6904,7.65E+00,26.3672,6.08E+00,1.2576
mixed_37-bebop_002_.wav,3,144.0923,6.78E+00,33.2031,3.05E+00,2.2216
mixed_37-bebop_002_.wav,4,195.2901,2.54E+00,33.2031,1.54E+00,1.6525
mixed_37-bebop_002_.wav,5,244.1909,7.73E+00,18.5547,1.81E+00,4.2783
mixed_37-bebop_002_.wav,6,295.8984,2.84E+00,29.2969,1.07E+00,2.6509
mixed_37-bebop_002_.wav,7,338.8672,1.19E+00,39.0625,9.29E-01,1.2797
mixed_37-bebop_002_.wav,8,393.5547,4.57E+01,32.2266,6.33E+00,7.2256
mixed_37-bebop_002_.wav,9,438.1473,3.43E+00,3.9062,2.04E+00,1.6762
mixed_37-bebop_002_.wav,10,487.3666,1.83E+00,12.6953,1.53E+00,1.2004
mixed_37-bebop_003_.wav,1,49.0824,1.17E+02,25.3906,2.05E+01,5.6862
mixed_37-bebop_003_.wav,2,99.6075,4.85E+01,38.0859,3.35E+01,1.4481
mixed_37-bebop_003_.wav,3,148.5875,2.86E+01,24.4141,1.41E+01,2.023
mixed_37-bebop_003_.wav,4,196.4633,1.31E+01,39.0625,8.24E+00,1.5894
mixed_37-bebop_003_.wav,5,241.2109,1.21E+01,39.0625,6.56E+00,1.838
mixed_37-bebop_003_.wav,6,293.4731,1.89E+01,22.4609,5.23E+00,3.6145
mixed_37-bebop_003_.wav,7,338.8672,2.79E+00,3.9062,3.39E+00,0.8209
mixed_37-bebop_003_.wav,8,387.6953,3.61E+00,14.6484,5.12E+00,0.7061
mixed_37-bebop_003_.wav,9,436.5234,8.08E+00,34.1797,3.24E+00,2.4944
mixed_37-bebop_003_.wav,10,489.9742,2.58E+00,38.0859,1.72E+00,1.5056
mixed_37-bebop_004_.wav,1,56.3746,1.29E+02,27.6549,2.29E+01,5.6096
mixed_37-bebop_004_.wav,2,113.7737,1.76E+01,35.3982,1.36E+01,1.2881
mixed_37-bebop_004_.wav,3,168.7769,7.11E+00,25.4425,5.41E+00,1.3136
mixed_37-bebop_004_.wav,4,228.9823,9.36E+00,38.7168,4.06E+00,2.306
mixed_37-bebop_004_.wav,5,285.3982,9.38E+00,24.3363,3.70E+00,2.5334
mixed_37-bebop_004_.wav,6,336.8959,4.95E+00,37.6106,3.68E+00,1.3454
mixed_37-bebop_004_.wav,7,394.6294,2.57E+01,18.8053,8.46E+00,3.0395
mixed_37-bebop_004_.wav,8,448.0088,4.32E+00,11.0619,4.60E+00,0.9385
mixed_37-bebop_004_.wav,9,509.8017,8.46E+00,36.5044,5.22E+00,1.6197
mixed_37-bebop_004_.wav,10,566.3717,1.00E+01,37.6106,5.93E+00,1.6859
mixed_38-bebop_000_.wav,1,50.7734,1.02E+02,24.4141,1.57E+01,6.5167
mixed_38-bebop_000_.wav,2,103.0778,2.26E+01,29.2969,2.00E+01,1.1289
mixed_38-bebop_000_.wav,3,151.7667,3.35E+01,25.3906,9.08E+00,3.694
mixed_38-bebop_000_.wav,4,204.4278,1.29E+01,37.1094,5.64E+00,2.2826
mixed_38-bebop_000_.wav,5,250.9766,5.97E+00,10.7422,3.16E+00,1.886
mixed_38-bebop_000_.wav,6,303.1016,3.28E+01,6.8359,3.73E+00,8.7858
mixed_38-bebop_000_.wav,7,352.5391,6.22E+00,1.9531,3.43E+00,1.8132
mixed_38-bebop_000_.wav,8,409.1797,3.03E+00,32.2266,2.26E+00,1.3379
mixed_38-bebop_000_.wav,9,454.1016,5.29E+01,15.625,3.15E+00,16.8078
mixed_38-bebop_000_.wav,10,507.7961,4.66E+00,19.5312,2.47E+00,1.8871
mixed_38-bebop_001_.wav,1,68.6855,1.51E+02,35.1562,3.45E+01,4.3702
mixed_38-bebop_001_.wav,2,135.6116,2.96E+01,36.1328,2.14E+01,1.3814
mixed_38-bebop_001_.wav,3,207.2534,2.17E+01,26.3672,8.67E+00,2.503
mixed_38-bebop_001_.wav,4,271.6722,4.33E+00,39.0625,4.13E+00,1.0487
mixed_38-bebop_001_.wav,5,344.7266,1.17E+01,1.9531,3.82E+00,3.0518
mixed_38-bebop_001_.wav,6,413.0859,5.05E+00,15.625,4.58E+00,1.1045
mixed_38-bebop_001_.wav,7,478.6386,3.63E+00,33.2031,3.26E+00,1.1119
mixed_38-bebop_001_.wav,8,543.9453,3.57E+00,36.1328,2.43E+00,1.4689
mixed_38-bebop_001_.wav,9,617.0041,4.83E+00,32.2266,3.04E+00,1.5873
mixed_38-bebop_001_.wav,10,685.8893,6.78E+00,13.6719,3.72E+00,1.8207
mixed_38-bebop_002_.wav,1,61.7049,1.31E+02,37.1094,3.62E+01,3.6009
mixed_38-bebop_002_.wav,2,122.2386,4.60E+01,29.2969,1.86E+01,2.4765
mixed_38-bebop_002_.wav,3,181.6406,1.24E+01,39.0625,8.46E+00,1.4634
mixed_38-bebop_002_.wav,4,247.7665,4.77E+00,29.2969,5.41E+00,0.8807
mixed_38-bebop_002_.wav,5,305.9844,8.88E+00,32.2266,4.96E+00,1.7911
mixed_38-bebop_002_.wav,6,370.0595,3.04E+00,37.1094,2.71E+00,1.1226
mixed_38-bebop_002_.wav,7,431.3459,1.77E+01,21.4844,3.65E+00,4.8521
mixed_38-bebop_002_.wav,8,489.2578,5.23E+00,19.5312,2.21E+00,2.3684
mixed_38-bebop_002_.wav,9,553.7879,1.59E+00,35.1562,1.99E+00,0.7984
mixed_38-bebop_002_.wav,10,614.0602,6.68E+00,39.0625,3.97E+00,1.6812
mixed_38-bebop_003_.wav,1,76.1156,1.45E+02,19.5312,4.11E+01,3.5305
mixed_38-bebop_003_.wav,2,152.5126,4.72E+01,26.3672,1.93E+01,2.4377
mixed_38-bebop_003_.wav,3,230.703,2.33E+01,30.2734,9.31E+00,2.5062
mixed_38-bebop_003_.wav,4,306.6354,1.75E+01,24.4141,5.55E+00,3.1623
mixed_38-bebop_003_.wav,5,383.7891,7.11E+00,38.0859,3.05E+00,2.3307
mixed_38-bebop_003_.wav,6,459.9609,6.92E+00,1.9531,3.39E+00,2.0401
mixed_38-bebop_003_.wav,7,534.064,2.97E+00,30.2734,2.29E+00,1.2977
mixed_38-bebop_003_.wav,8,610.9484,1.95E+00,34.1797,3.15E+00,0.6188
mixed_38-bebop_003_.wav,9,686.5625,5.47E+00,1.9531,2.85E+00,1.9223
mixed_38-bebop_003_.wav,10,762.3393,3.66E+00,33.2031,2.65E+00,1.3823
mixed_38-bebop_004_.wav,1,48.8403,1.71E+02,27.6549,6.51E+01,2.6292
mixed_38-bebop_004_.wav,2,95.7103,1.24E+02,32.0796,6.82E+01,1.8162
mixed_38-bebop_004_.wav,3,143.8053,7.27E+01,39.823,3.84E+01,1.8956
mixed_38-bebop_004_.wav,4,196.092,2.22E+01,22.1239,2.39E+01,0.9285
mixed_38-bebop_004_.wav,5,241.1504,1.84E+01,25.4425,1.46E+01,1.2636
mixed_38-bebop_004_.wav,6,289.5002,1.82E+01,18.8053,9.07E+00,2.0028
mixed_38-bebop_004_.wav,7,340.8804,1.29E+01,19.9115,5.90E+00,2.1817
mixed_38-bebop_004_.wav,8,388.5378,6.80E+00,38.7168,4.29E+00,1.5843
mixed_38-bebop_004_.wav,9,436.9047,5.18E+00,37.6106,2.47E+00,2.0978
mixed_38-bebop_004_.wav,10,490.0442,1.47E+01,2.2124,2.83E+00,5.2059
mixed_39-bebop_000_.wav,1,56.1024,1.55E+02,22.4609,3.97E+01,3.9077
mixed_39-bebop_000_.wav,2,111.5266,5.14E+01,38.0859,3.33E+01,1.5436
mixed_39-bebop_000_.wav,3,165.7193,4.45E+01,17.5781,2.03E+01,2.193
mixed_39-bebop_000_.wav,4,221.548,1.15E+01,11.7188,1.08E+01,1.0594
mixed_39-bebop_000_.wav,5,279.7304,1.26E+01,36.1328,8.26E+00,1.5189
mixed_39-bebop_000_.wav,6,331.0547,7.42E+00,12.6953,4.90E+00,1.5154
mixed_39-bebop_000_.wav,7,390.8386,9.59E+00,14.6484,3.48E+00,2.7586
mixed_39-bebop_000_.wav,8,445.7023,6.36E+00,0.9766,4.30E+00,1.4772
mixed_39-bebop_000_.wav,9,499.865,2.76E+01,16.6016,1.14E+01,2.4315
mixed_39-bebop_000_.wav,10,559.5703,5.69E+00,35.1562,4.92E+00,1.1565
mixed_39-bebop_001_.wav,1,44.5834,9.89E+01,21.4844,1.51E+01,6.5525
mixed_39-bebop_001_.wav,2,90.6704,3.95E+01,28.3203,2.48E+01,1.5927
mixed_39-bebop_001_.wav,3,134.5779,3.43E+01,38.0859,1.60E+01,2.1427
mixed_39-bebop_001_.wav,4,180.5274,1.92E+01,6.8359,1.18E+01,1.628
mixed_39-bebop_001_.wav,5,221.6797,1.38E+01,36.1328,7.81E+00,1.7604
mixed_39-bebop_001_.wav,6,270.6029,6.84E+00,32.2266,5.16E+00,1.3259
mixed_39-bebop_001_.wav,7,317.3828,1.01E+01,25.3906,4.69E+00,2.1592
mixed_39-bebop_001_.wav,8,356.4453,4.48E+00,11.7188,4.26E+00,1.0505
mixed_39-bebop_001_.wav,9,403.4068,6.69E+00,38.0859,2.85E+00,2.3484
mixed_39-bebop_001_.wav,10,452.1484,7.22E+00,2.9297,4.49E+00,1.6059
mixed_39-bebop_002_.wav,1,50.6008,1.74E+02,19.5312,2.58E+01,6.7553
mixed_39-bebop_002_.wav,2,100.7069,5.68E+01,39.0625,2.70E+01,2.1019
mixed_39-bebop_002_.wav,3,154.4608,3.42E+01,37.1094,1.52E+01,2.2437
mixed_39-bebop_002_.wav,4,205.2845,1.84E+01,35.1562,1.17E+01,1.5721
mixed_39-bebop_002_.wav,5,253.8522,8.97E+00,37.1094,8.00E+00,1.1207
mixed_39-bebop_002_.wav,6,304.8733,6.54E+00,38.0859,5.49E+00,1.1922
mixed_39-bebop_002_.wav,7,354.0604,1.18E+01,34.1797,6.64E+00,1.7838
mixed_39-bebop_002_.wav,8,408.1748,3.30E+01,27.3438,1.12E+01,2.952
mixed_39-bebop_002_.wav,9,455.9562,7.52E+00,38.0859,4.61E+00,1.6317
mixed_39-bebop_002_.wav,10,505.8263,3.53E+00,39.0625,3.18E+00,1.1093
mixed_39-bebop_003_.wav,1,57.0155,1.61E+02,37.1094,5.14E+01,3.1343
mixed_39-bebop_003_.wav,2,111.1344,9.41E+01,19.5312,4.30E+01,2.1887
mixed_39-bebop_003_.wav,3,168.5378,3.04E+01,39.0625,2.15E+01,1.4102
mixed_39-bebop_003_.wav,4,226.4249,2.86E+01,37.1094,1.18E+01,2.4269
mixed_39-bebop_003_.wav,5,280.2734,7.73E+00,39.0625,8.37E+00,0.9231
mixed_39-bebop_003_.wav,6,341.698,8.59E+00,38.0859,6.37E+00,1.3485
mixed_39-bebop_003_.wav,7,395.2931,1.79E+01,39.0625,9.01E+00,1.9857
mixed_39-bebop_003_.wav,8,453.0685,3.26E+00,37.1094,2.88E+00,1.1298
mixed_39-bebop_003_.wav,9,508.8152,2.72E+00,33.2031,2.52E+00,1.0788
mixed_39-bebop_003_.wav,10,563.4766,4.28E+00,37.1094,2.28E+00,1.8798
mixed_39-bebop_004_.wav,1,48.4488,1.20E+02,21.0177,3.54E+01,3.3997
mixed_39-bebop_004_.wav,2,100.6637,4.36E+01,33.1858,3.56E+01,1.2257
mixed_39-bebop_004_.wav,3,148.183,3.64E+01,27.6549,1.87E+01,1.9532
mixed_39-bebop_004_.wav,4,194.5322,2.23E+01,37.6106,1.49E+01,1.5039
mixed_39-bebop_004_.wav,5,242.4974,1.86E+01,25.4425,1.30E+01,1.4287
mixed_39-bebop_004_.wav,6,292.8028,1.72E+01,36.5044,9.90E+00,1.7379
mixed_39-bebop_004_.wav,7,340.7911,9.01E+00,27.6549,1.05E+01,0.8584
mixed_39-bebop_004_.wav,8,386.0619,2.26E+01,8.8496,1.23E+01,1.8416
mixed_39-bebop_004_.wav,9,438.2075,3.85E+01,19.9115,7.32E+00,5.2577
mixed_39-bebop_004_.wav,10,490.0442,8.32E+00,19.9115,8.12E+00,1.025
mixed_4-bebop_000_.wav,1,156.622,8.44E+01,19.5312,1.50E+01,5.6272
mixed_4-bebop_000_.wav,2,312.5186,2.10E+01,19.5312,7.35E+00,2.8562
mixed_4-bebop_000_.wav,3,468.6122,6.19E+01,15.625,6.16E+00,10.0511
mixed_4-bebop_000_.wav,4,624.137,3.64E+01,19.5312,9.59E+00,3.7945
mixed_4-bebop_000_.wav,5,784.1797,1.53E+01,35.1562,6.99E+00,2.1902
mixed_4-bebop_000_.wav,6,934.5703,2.11E+01,35.1562,1.10E+01,1.913
mixed_4-bebop_000_.wav,7,1096.6797,1.56E+01,39.0625,1.02E+01,1.5272
mixed_4-bebop_000_.wav,8,1250.7816,2.78E+01,36.1328,1.10E+01,2.5271
mixed_4-bebop_000_.wav,9,1406.2844,2.45E+01,26.3672,1.60E+01,1.5239
mixed_4-bebop_000_.wav,10,1565.4297,2.36E+01,34.1797,1.26E+01,1.8759
mixed_4-bebop_001_.wav,1,48.739,6.48E+01,1.9531,9.21E+00,7.036
mixed_4-bebop_001_.wav,2,96.125,2.75E+01,39.0625,1.30E+01,2.1208
mixed_4-bebop_001_.wav,3,149.4141,2.45E+01,6.8359,9.26E+00,2.6442
mixed_4-bebop_001_.wav,4,196.3258,1.16E+01,36.1328,6.07E+00,1.9161
mixed_4-bebop_001_.wav,5,241.2109,5.43E+00,32.2266,5.16E+00,1.0522
mixed_4-bebop_001_.wav,6,295.8984,1.02E+01,8.7891,5.83E+00,1.7539
mixed_4-bebop_001_.wav,7,340.8537,1.99E+01,23.4375,7.09E+00,2.8034
mixed_4-bebop_001_.wav,8,392.8521,8.66E+00,37.1094,6.39E+00,1.3536
mixed_4-bebop_001_.wav,9,441.5291,1.38E+01,13.6719,6.34E+00,2.1836
mixed_4-bebop_001_.wav,10,491.2109,4.98E+00,32.2266,5.69E+00,0.875
mixed_4-bebop_002_.wav,1,48.8222,1.26E+02,21.4844,2.26E+01,5.5757
mixed_4-bebop_002_.wav,2,100.5859,3.57E+01,37.1094,2.28E+01,1.5677
mixed_4-bebop_002_.wav,3,148.1433,1.99E+01,38.0859,1.24E+01,1.6067
mixed_4-bebop_002_.wav,4,192.3828,1.15E+01,39.0625,1.00E+01,1.1427
mixed_4-bebop_002_.wav,5,247.0703,2.27E+01,21.4844,8.21E+00,2.7608
mixed_4-bebop_002_.wav,6,293.3665,4.83E+01,4.8828,5.52E+00,8.7521
mixed_4-bebop_002_.wav,7,339.7345,1.11E+01,19.5312,6.35E+00,1.7462
mixed_4-bebop_002_.wav,8,392.7463,3.84E+00,5.8594,5.35E+00,0.7181
mixed_4-bebop_002_.wav,9,439.4764,2.50E+01,18.5547,5.22E+00,4.799
mixed_4-bebop_002_.wav,10,489.396,5.56E+00,24.4141,6.25E+00,0.8888
mixed_4-bebop_003_.wav,1,153.385,8.02E+01,1.9531,1.07E+01,7.4863
mixed_4-bebop_003_.wav,2,306.4245,4.03E+01,3.9062,5.38E+00,7.4766
mixed_4-bebop_003_.wav,3,461.4681,2.90E+01,11.7188,6.00E+00,4.8235
mixed_4-bebop_003_.wav,4,614.7582,1.25E+01,26.3672,5.54E+00,2.2457
mixed_4-bebop_003_.wav,5,768.4583,2.61E+01,15.625,6.29E+00,4.1451
mixed_4-bebop_003_.wav,6,922.8516,3.41E+01,12.6953,1.15E+01,2.9654
mixed_4-bebop_003_.wav,7,1071.7988,2.00E+01,39.0625,1.12E+01,1.7798
mixed_4-bebop_003_.wav,8,1226.893,2.83E+01,32.2266,1.06E+01,2.6613
mixed_4-bebop_003_.wav,9,1379.0936,3.54E+01,27.3438,1.58E+01,2.2399
mixed_4-bebop_003_.wav,10,1530.9394,1.44E+01,36.1328,1.11E+01,1.3009
mixed_4-bebop_004_.wav,1,59.9483,2.03E+02,26.5487,5.33E+01,3.801
mixed_4-bebop_004_.wav,2,117.8439,4.29E+01,34.292,4.60E+01,0.9335
mixed_4-bebop_004_.wav,3,176.9912,3.52E+01,1.1062,1.92E+01,1.83
mixed_4-bebop_004_.wav,4,236.7257,2.44E+01,39.823,1.09E+01,2.2503
mixed_4-bebop_004_.wav,5,296.5788,2.40E+01,28.7611,6.85E+00,3.5083
mixed_4-bebop_004_.wav,6,358.923,1.29E+01,32.0796,4.68E+00,2.752
mixed_4-bebop_004_.wav,7,414.823,6.56E+00,27.6549,4.15E+00,1.5803
mixed_4-bebop_004_.wav,8,477.6842,6.28E+00,3.3186,5.26E+00,1.1945
mixed_4-bebop_004_.wav,9,535.3982,4.92E+00,14.3805,4.63E+00,1.0612
mixed_4-bebop_004_.wav,10,594.0265,1.15E+01,33.1858,4.20E+00,2.7322
mixed_40-bebop_000_.wav,1,59.3909,2.89E+02,34.1797,4.79E+01,6.0321
mixed_40-bebop_000_.wav,2,122.0703,7.47E+01,33.2031,6.04E+01,1.2354
mixed_40-bebop_000_.wav,3,175.7812,2.10E+02,14.6484,4.65E+01,4.5172
mixed_40-bebop_000_.wav,4,241.2109,3.26E+01,31.25,2.08E+01,1.5712
mixed_40-bebop_000_.wav,5,294.9219,3.45E+01,36.1328,2.18E+01,1.5847
mixed_40-bebop_000_.wav,6,356.1451,6.63E+01,31.25,2.47E+01,2.6815
mixed_40-bebop_000_.wav,7,414.0625,2.46E+01,29.2969,1.53E+01,1.6031
mixed_40-bebop_000_.wav,8,473.6328,3.04E+01,39.0625,2.70E+01,1.1275
mixed_40-bebop_000_.wav,9,535.2706,8.37E+01,39.0625,3.97E+01,2.1097
mixed_40-bebop_000_.wav,10,595.5173,2.47E+01,36.1328,1.65E+01,1.4985
mixed_40-bebop_001_.wav,1,199.356,5.64E+02,9.7656,8.08E+01,6.9821
mixed_40-bebop_001_.wav,2,399.7862,1.82E+02,27.3438,6.40E+01,2.8413
mixed_40-bebop_001_.wav,3,600.5859,7.45E+01,24.4141,3.32E+01,2.2448
mixed_40-bebop_001_.wav,4,795.6041,7.44E+01,37.1094,3.76E+01,1.9799
mixed_40-bebop_001_.wav,5,997.3549,5.03E+01,37.1094,2.75E+01,1.8304
mixed_40-bebop_001_.wav,6,1197.3634,2.38E+01,25.3906,1.69E+01,1.4083
mixed_40-bebop_001_.wav,7,1397.4609,3.68E+01,19.5312,2.23E+01,1.6473
mixed_40-bebop_001_.wav,8,1596.6797,3.30E+01,36.1328,1.78E+01,1.8541
mixed_40-bebop_001_.wav,9,1791.3204,2.14E+01,26.3672,1.24E+01,1.7263
mixed_40-bebop_001_.wav,10,1995.1172,3.11E+01,34.1797,1.36E+01,2.2914
mixed_40-bebop_002_.wav,1,173.9085,3.41E+02,7.8125,3.15E+01,10.8107
mixed_40-bebop_002_.wav,2,350.5859,2.83E+02,10.7422,2.77E+01,10.2301
mixed_40-bebop_002_.wav,3,518.5547,6.47E+01,7.8125,2.34E+01,2.7682
mixed_40-bebop_002_.wav,4,695.0685,8.03E+01,23.4375,2.25E+01,3.5591
mixed_40-bebop_002_.wav,5,871.3695,1.21E+02,32.2266,3.20E+01,3.7697
mixed_40-bebop_002_.wav,6,1041.5101,6.39E+01,36.1328,2.65E+01,2.412
mixed_40-bebop_002_.wav,7,1215.7258,5.90E+01,38.0859,2.15E+01,2.7453
mixed_40-bebop_002_.wav,8,1391.7928,6.71E+01,37.1094,2.42E+01,2.7742
mixed_40-bebop_002_.wav,9,1566.3713,7.70E+01,29.2969,2.50E+01,3.0759
mixed_40-bebop_002_.wav,10,1741.2109,2.26E+01,37.1094,1.55E+01,1.4601
mixed_40-bebop_003_.wav,1,197.0737,5.20E+02,22.4609,3.96E+01,13.1355
mixed_40-bebop_003_.wav,2,392.7985,2.81E+02,23.4375,4.34E+01,6.4644
mixed_40-bebop_003_.wav,3,590.2829,9.78E+01,13.6719,1.92E+01,5.1066
mixed_40-bebop_003_.wav,4,786.1328,9.54E+01,7.8125,2.42E+01,3.9338
mixed_40-bebop_003_.wav,5,985.9807,5.06E+01,35.1562,2.50E+01,2.0224
mixed_40-bebop_003_.wav,6,1181.5308,2.83E+01,37.1094,1.87E+01,1.5156
mixed_40-bebop_003_.wav,7,1377.9297,3.21E+01,37.1094,2.11E+01,1.5244
mixed_40-bebop_003_.wav,8,1578.3378,3.07E+01,38.0859,1.72E+01,1.7857
mixed_40-bebop_003_.wav,9,1772.4609,4.03E+01,29.2969,1.49E+01,2.7002
mixed_40-bebop_003_.wav,10,1970.4958,2.35E+01,34.1797,9.49E+00,2.4762
mixed_40-bebop_004_.wav,1,164.9167,3.34E+02,6.6372,1.91E+01,17.4872
mixed_40-bebop_004_.wav,2,331.774,1.19E+02,21.0177,1.12E+01,10.5507
mixed_40-bebop_004_.wav,3,497.7876,1.68E+02,16.5929,1.02E+01,16.5547
mixed_40-bebop_004_.wav,4,659.9367,7.21E+01,6.6372,1.33E+01,5.4333
mixed_40-bebop_004_.wav,5,824.4377,7.02E+01,25.4425,1.69E+01,4.1554
mixed_40-bebop_004_.wav,6,986.3498,7.37E+01,36.5044,1.86E+01,3.9712
mixed_40-bebop_004_.wav,7,1153.2063,6.16E+01,26.5487,1.72E+01,3.5846
mixed_40-bebop_004_.wav,8,1315.2655,4.31E+01,27.6549,2.13E+01,2.0269
mixed_40-bebop_004_.wav,9,1483.8051,2.53E+01,35.3982,1.54E+01,1.6464
mixed_40-bebop_004_.wav,10,1644.9115,2.15E+01,38.7168,1.38E+01,1.5631
mixed_41-bebop_000_.wav,1,58.1319,1.07E+02,38.0859,2.96E+01,3.6188
mixed_41-bebop_000_.wav,2,120.1172,2.60E+01,37.1094,2.97E+01,0.8739
mixed_41-bebop_000_.wav,3,174.7824,3.77E+01,38.0859,2.62E+01,1.4428
mixed_41-bebop_000_.wav,4,232.3057,3.71E+01,37.1094,2.04E+01,1.8157
mixed_41-bebop_000_.wav,5,295.8984,2.55E+01,25.3906,1.16E+01,2.1878
mixed_41-bebop_000_.wav,6,352.6807,6.36E+01,3.9062,1.14E+01,5.5886
mixed_41-bebop_000_.wav,7,413.0859,4.88E+01,33.2031,1.96E+01,2.4884
mixed_41-bebop_000_.wav,8,471.6797,3.94E+01,17.5781,1.65E+01,2.3888
mixed_41-bebop_000_.wav,9,528.0715,1.02E+01,13.6719,8.92E+00,1.144
mixed_41-bebop_000_.wav,10,585.3545,2.44E+01,36.1328,8.76E+00,2.7867
mixed_41-bebop_001_.wav,1,62.4614,2.85E+02,30.2734,5.57E+01,5.1077
mixed_41-bebop_001_.wav,2,126.2758,4.20E+01,35.1562,3.39E+01,1.2387
mixed_41-bebop_001_.wav,3,190.4297,8.21E+01,32.2266,2.91E+01,2.8188
mixed_41-bebop_001_.wav,4,250.0138,5.81E+01,34.1797,1.99E+01,2.9191
mixed_41-bebop_001_.wav,5,309.5703,2.83E+01,22.4609,1.45E+01,1.9506
mixed_41-bebop_001_.wav,6,376.8758,3.12E+01,36.1328,2.32E+01,1.3437
mixed_41-bebop_001_.wav,7,437.8698,4.12E+01,39.0625,2.40E+01,1.7143
mixed_41-bebop_001_.wav,8,500.5194,1.16E+01,31.25,9.07E+00,1.2737
mixed_41-bebop_001_.wav,9,563.5479,1.76E+01,36.1328,1.20E+01,1.4746
mixed_41-bebop_001_.wav,10,624.2451,3.67E+01,31.25,1.67E+01,2.2029
mixed_41-bebop_002_.wav,1,50.1879,3.00E+02,20.5078,4.29E+01,6.9931
mixed_41-bebop_002_.wav,2,99.0314,8.46E+01,33.2031,6.22E+01,1.3615
mixed_41-bebop_002_.wav,3,152.3438,6.94E+01,36.1328,5.09E+01,1.3643
mixed_41-bebop_002_.wav,4,198.3641,8.14E+01,39.0625,4.38E+01,1.8576
mixed_41-bebop_002_.wav,5,248.0573,4.39E+01,25.3906,2.65E+01,1.6548
mixed_41-bebop_002_.wav,6,300.2205,4.39E+01,20.5078,2.68E+01,1.6349
mixed_41-bebop_002_.wav,7,350.3928,5.27E+01,19.5312,4.43E+01,1.1903
mixed_41-bebop_002_.wav,8,396.0081,5.64E+01,25.3906,5.16E+01,1.0928
mixed_41-bebop_002_.wav,9,451.1719,4.77E+01,31.25,2.18E+01,2.1922
mixed_41-bebop_002_.wav,10,500.0275,4.38E+01,20.5078,2.10E+01,2.0903
mixed_41-bebop_003_.wav,1,67.1184,2.22E+02,35.1562,6.68E+01,3.3276
mixed_41-bebop_003_.wav,2,132.3992,9.04E+01,39.0625,4.60E+01,1.9636
mixed_41-bebop_003_.wav,3,203.6491,6.04E+01,25.3906,2.56E+01,2.361
mixed_41-bebop_003_.wav,4,270.0519,1.94E+01,39.0625,1.65E+01,1.1743
mixed_41-bebop_003_.wav,5,337.9098,3.06E+01,37.1094,2.51E+01,1.2175
mixed_41-bebop_003_.wav,6,401.3672,2.71E+01,37.1094,2.10E+01,1.2906
mixed_41-bebop_003_.wav,7,474.6094,1.54E+01,39.0625,1.38E+01,1.1202
mixed_41-bebop_003_.wav,8,541.9922,4.15E+01,38.0859,1.67E+01,2.4841
mixed_41-bebop_003_.wav,9,609.375,1.65E+01,39.0625,1.18E+01,1.4001
mixed_41-bebop_003_.wav,10,672.5789,1.63E+01,32.2266,1.01E+01,1.6173
mixed_41-bebop_004_.wav,1,49.3548,1.83E+02,23.2301,4.48E+01,4.0811
mixed_41-bebop_004_.wav,2,99.4162,8.04E+01,18.8053,4.11E+01,1.955
mixed_41-bebop_004_.wav,3,148.0784,3.36E+01,37.6106,3.16E+01,1.0631
mixed_41-bebop_004_.wav,4,195.7965,5.79E+01,28.7611,2.34E+01,2.47
mixed_41-bebop_004_.wav,5,246.9085,2.31E+01,35.3982,1.64E+01,1.4023
mixed_41-bebop_004_.wav,6,299.9732,3.57E+01,30.9735,1.76E+01,2.0337
mixed_41-bebop_004_.wav,7,349.8628,4.40E+01,32.0796,1.80E+01,2.4502
mixed_41-bebop_004_.wav,8,394.9115,3.30E+01,22.1239,1.76E+01,1.8746
mixed_41-bebop_004_.wav,9,445.5444,1.59E+01,1.1062,1.13E+01,1.4029
mixed_41-bebop_004_.wav,10,494.469,2.07E+01,17.6991,9.50E+00,2.1761
mixed_42-bebop_000_.wav,1,46.9608,2.18E+02,11.7188,3.02E+01,7.2193
mixed_42-bebop_000_.wav,2,91.5602,3.99E+01,17.5781,3.66E+01,1.0909
mixed_42-bebop_000_.wav,3,142.59,5.31E+01,35.1562,2.64E+01,2.0112
mixed_42-bebop_000_.wav,4,185.5164,2.23E+01,15.625,1.67E+01,1.3362
mixed_42-bebop_000_.wav,5,234.4008,1.72E+01,33.2031,9.39E+00,1.8272
mixed_42-bebop_000_.wav,6,283.4606,1.44E+01,34.1797,6.97E+00,2.0618
mixed_42-bebop_000_.wav,7,328.0559,1.15E+01,36.1328,8.65E+00,1.3265
mixed_42-bebop_000_.wav,8,375.838,2.04E+01,37.1094,1.42E+01,1.4396
mixed_42-bebop_000_.wav,9,419.9232,2.22E+01,14.6484,1.26E+01,1.7597
mixed_42-bebop_000_.wav,10,469.5302,3.20E+00,39.0625,2.62E+00,1.2218
mixed_42-bebop_001_.wav,1,48.478,1.70E+02,4.8828,2.39E+01,7.0856
mixed_42-bebop_001_.wav,2,97.1005,3.00E+01,5.8594,2.39E+01,1.2541
mixed_42-bebop_001_.wav,3,148.6076,2.70E+01,31.25,9.24E+00,2.9227
mixed_42-bebop_001_.wav,4,198.2422,7.06E+00,23.4375,6.17E+00,1.1445
mixed_42-bebop_001_.wav,5,241.2109,5.95E+00,27.3438,5.47E+00,1.0882
mixed_42-bebop_001_.wav,6,290.0391,2.34E+01,23.4375,3.92E+00,5.965
mixed_42-bebop_001_.wav,7,342.3703,3.75E+00,4.8828,4.21E+00,0.889
mixed_42-bebop_001_.wav,8,392.0282,1.40E+01,0.9766,1.05E+01,1.33
mixed_42-bebop_001_.wav,9,442.3828,2.14E+01,17.5781,5.49E+00,3.9043
mixed_42-bebop_001_.wav,10,490.0858,2.33E+00,33.2031,1.66E+00,1.3993
mixed_42-bebop_002_.wav,1,70.4348,2.09E+02,36.1328,5.93E+01,3.5216
mixed_42-bebop_002_.wav,2,143.5547,3.81E+01,32.2266,2.21E+01,1.7259
mixed_42-bebop_002_.wav,3,213.8672,7.97E+00,39.0625,1.04E+01,0.765
mixed_42-bebop_002_.wav,4,280.2909,1.14E+01,33.2031,6.19E+00,1.8484
mixed_42-bebop_002_.wav,5,354.4922,6.05E+00,17.5781,6.06E+00,0.9974
mixed_42-bebop_002_.wav,6,421.3524,3.06E+01,6.8359,7.48E+00,4.0909
mixed_42-bebop_002_.wav,7,493.4115,2.42E+00,37.1094,1.71E+00,1.4096
mixed_42-bebop_002_.wav,8,562.2771,6.07E+00,26.3672,2.35E+00,2.582
mixed_42-bebop_002_.wav,9,631.2382,1.83E+00,10.7422,1.36E+00,1.3466
mixed_42-bebop_002_.wav,10,706.0547,9.21E+00,27.3438,3.26E+00,2.8298
mixed_42-bebop_003_.wav,1,44.1415,2.34E+02,14.6484,3.69E+01,6.3503
mixed_42-bebop_003_.wav,2,84.9609,7.04E+01,38.0859,5.75E+01,1.2236
mixed_42-bebop_003_.wav,3,132.905,5.51E+01,33.2031,3.21E+01,1.7152
mixed_42-bebop_003_.wav,4,176.1274,3.38E+01,25.3906,1.70E+01,1.9861
mixed_42-bebop_003_.wav,5,221.8231,2.33E+01,27.3438,1.04E+01,2.2398
mixed_42-bebop_003_.wav,6,265.7631,2.53E+01,24.4141,6.80E+00,3.7188
mixed_42-bebop_003_.wav,7,307.2407,6.90E+00,37.1094,4.32E+00,1.5952
mixed_42-bebop_003_.wav,8,352.7518,4.07E+00,39.0625,4.14E+00,0.9831
mixed_42-bebop_003_.wav,9,397.4612,8.09E+01,5.8594,4.14E+00,19.5364
mixed_42-bebop_003_.wav,10,438.5482,3.12E+00,2.9297,2.59E+00,1.2065
mixed_42-bebop_004_.wav,1,49.5251,1.45E+02,24.3363,3.23E+01,4.4872
mixed_42-bebop_004_.wav,2,101.3577,9.18E+01,38.7168,4.01E+01,2.2886
mixed_42-bebop_004_.wav,3,150.3532,3.87E+01,30.9735,2.19E+01,1.765
mixed_42-bebop_004_.wav,4,195.7965,2.91E+01,27.6549,1.37E+01,2.1215
mixed_42-bebop_004_.wav,5,246.8962,1.46E+01,38.7168,8.96E+00,1.6265
mixed_42-bebop_004_.wav,6,295.354,1.23E+01,35.3982,6.30E+00,1.9517
mixed_42-bebop_004_.wav,7,345.1327,7.47E+00,39.823,6.30E+00,1.1866
mixed_42-bebop_004_.wav,8,399.4235,2.28E+01,8.8496,8.02E+00,2.8462
mixed_42-bebop_004_.wav,9,444.6903,1.48E+00,38.7168,2.39E+00,0.6186
mixed_42-bebop_004_.wav,10,495.2774,1.98E+00,37.6106,1.82E+00,1.0865
mixed_43-bebop_000_.wav,1,125.9186,1.21E+03,1.9531,6.39E+01,18.9085
mixed_43-bebop_000_.wav,2,252.3049,5.39E+02,1.9531,3.98E+01,13.5369
mixed_43-bebop_000_.wav,3,380.329,1.29E+02,21.4844,3.15E+01,4.0905
mixed_43-bebop_000_.wav,4,505.5655,1.69E+02,1.9531,3.83E+01,4.4008
mixed_43-bebop_000_.wav,5,632.8125,5.74E+01,35.1562,3.27E+01,1.7527
mixed_43-bebop_000_.wav,6,758.7891,5.45E+01,27.3438,2.29E+01,2.3757
mixed_43-bebop_000_.wav,7,883.0915,5.48E+01,36.1328,2.56E+01,2.1386
mixed_43-bebop_000_.wav,8,1007.2968,5.37E+01,28.3203,2.58E+01,2.0817
mixed_43-bebop_000_.wav,9,1134.3124,4.51E+01,35.1562,2.68E+01,1.6829
mixed_43-bebop_000_.wav,10,1262.0507,4.90E+01,14.6484,2.07E+01,2.365
mixed_43-bebop_001_.wav,1,120.301,6.63E+02,1.9531,4.66E+01,14.2185
mixed_43-bebop_001_.wav,2,238.9995,2.27E+02,9.7656,4.40E+01,5.1579
mixed_43-bebop_001_.wav,3,357.4219,7.51E+01,31.25,3.29E+01,2.2842
mixed_43-bebop_001_.wav,4,482.6388,9.02E+01,21.4844,3.48E+01,2.5903
mixed_43-bebop_001_.wav,5,601.8016,9.05E+01,39.0625,4.09E+01,2.2109
mixed_43-bebop_001_.wav,6,719.2457,3.87E+01,28.3203,3.74E+01,1.0339
mixed_43-bebop_001_.wav,7,837.8906,7.07E+01,37.1094,2.76E+01,2.5613
mixed_43-bebop_001_.wav,8,958.0078,5.19E+01,26.3672,2.42E+01,2.1475
mixed_43-bebop_001_.wav,9,1081.4473,5.74E+01,35.1562,3.18E+01,1.803
mixed_43-bebop_001_.wav,10,1200.8504,3.06E+01,31.25,2.44E+01,1.2529
mixed_43-bebop_002_.wav,1,91.6125,1.50E+02,32.2266,5.58E+01,2.6858
mixed_43-bebop_002_.wav,2,186.5234,7.13E+01,38.0859,6.82E+01,1.0452
mixed_43-bebop_002_.wav,3,272.4609,1.05E+02,37.1094,5.25E+01,1.9925
mixed_43-bebop_002_.wav,4,365.1954,6.93E+01,30.2734,4.18E+01,1.6576
mixed_43-bebop_002_.wav,5,456.0547,8.86E+01,3.9062,4.48E+01,1.9763
mixed_43-bebop_002_.wav,6,549.0295,3.02E+01,35.1562,3.36E+01,0.8997
mixed_43-bebop_002_.wav,7,641.9572,7.29E+01,38.0859,3.59E+01,2.0325
mixed_43-bebop_002_.wav,8,735.489,2.60E+01,39.0625,2.80E+01,0.9292
mixed_43-bebop_002_.wav,9,825.4046,6.28E+01,37.1094,2.97E+01,2.1106
mixed_43-bebop_002_.wav,10,915.9934,8.21E+01,34.1797,3.49E+01,2.3513
mixed_43-bebop_003_.wav,1,53.7147,2.90E+02,26.3672,5.13E+01,5.6456
mixed_43-bebop_003_.wav,2,106.3532,6.57E+01,24.4141,4.28E+01,1.536
mixed_43-bebop_003_.wav,3,158.2031,8.12E+01,39.0625,3.14E+01,2.5844
mixed_43-bebop_003_.wav,4,214.0404,3.54E+01,30.2734,2.19E+01,1.618
mixed_43-bebop_003_.wav,5,271.4844,2.33E+01,32.2266,1.83E+01,1.2763
mixed_43-bebop_003_.wav,6,322.096,7.77E+01,22.4609,2.98E+01,2.6113
mixed_43-bebop_003_.wav,7,376.7679,4.08E+01,36.1328,2.85E+01,1.4292
mixed_43-bebop_003_.wav,8,431.0658,3.98E+01,35.1562,1.92E+01,2.0772
mixed_43-bebop_003_.wav,9,480.4688,3.50E+01,39.0625,1.91E+01,1.8329
mixed_43-bebop_003_.wav,10,536.8769,1.90E+01,37.1094,1.57E+01,1.2123
mixed_43-bebop_004_.wav,1,48.9171,1.23E+02,22.1239,2.66E+01,4.612
mixed_43-bebop_004_.wav,2,98.0575,3.59E+01,38.7168,2.29E+01,1.5714
mixed_43-bebop_004_.wav,3,144.6186,1.79E+01,34.292,1.17E+01,1.5247
mixed_43-bebop_004_.wav,4,197.2743,1.74E+01,36.5044,1.01E+01,1.7172
mixed_43-bebop_004_.wav,5,243.339,2.59E+01,30.9735,9.09E+00,2.8454
mixed_43-bebop_004_.wav,6,288.7168,1.26E+01,35.3982,5.91E+00,2.1381
mixed_43-bebop_004_.wav,7,337.3894,5.99E+00,39.823,5.52E+00,1.0858
mixed_43-bebop_004_.wav,8,389.041,3.70E+01,33.1858,1.01E+01,3.6778
mixed_43-bebop_004_.wav,9,441.3717,1.59E+01,38.7168,8.30E+00,1.9216
mixed_43-bebop_004_.wav,10,486.109,8.38E+00,18.8053,4.52E+00,1.8533
mixed_44-bebop_000_.wav,1,55.5161,2.63E+02,19.5312,3.68E+01,7.1366
mixed_44-bebop_000_.wav,2,114.2578,5.00E+01,36.1328,3.42E+01,1.4617
mixed_44-bebop_000_.wav,3,167.5385,3.43E+01,38.0859,2.35E+01,1.4591
mixed_44-bebop_000_.wav,4,222.4622,1.94E+01,31.25,1.20E+01,1.6167
mixed_44-bebop_000_.wav,5,276.8906,1.67E+01,38.0859,7.80E+00,2.146
mixed_44-bebop_000_.wav,6,332.0695,1.35E+01,34.1797,5.85E+00,2.3008
mixed_44-bebop_000_.wav,7,386.7188,5.11E+01,20.5078,5.33E+00,9.5969
mixed_44-bebop_000_.wav,8,448.2422,6.08E+00,39.0625,3.20E+00,1.9006
mixed_44-bebop_000_.wav,9,499.1508,2.67E+00,32.2266,2.71E+00,0.9844
mixed_44-bebop_000_.wav,10,558.8855,5.43E+00,37.1094,3.23E+00,1.6783
mixed_44-bebop_001_.wav,1,48.8798,2.23E+02,19.5312,4.51E+01,4.9549
mixed_44-bebop_001_.wav,2,99.4436,1.06E+02,19.5312,4.35E+01,2.4282
mixed_44-bebop_001_.wav,3,143.5547,2.79E+01,38.0859,2.29E+01,1.2168
mixed_44-bebop_001_.wav,4,193.2056,2.44E+01,39.0625,9.97E+00,2.4514
mixed_44-bebop_001_.wav,5,243.2801,1.36E+01,32.2266,6.10E+00,2.2347
mixed_44-bebop_001_.wav,6,291.3076,5.12E+00,36.1328,3.63E+00,1.4116
mixed_44-bebop_001_.wav,7,341.7195,5.36E+00,37.1094,3.37E+00,1.5932
mixed_44-bebop_001_.wav,8,393.5547,2.97E+01,32.2266,5.57E+00,5.3336
mixed_44-bebop_001_.wav,9,438.4466,3.63E+00,0.9766,2.42E+00,1.5022
mixed_44-bebop_001_.wav,10,490.3622,3.73E+00,36.1328,1.84E+00,2.0232
mixed_44-bebop_002_.wav,1,82.0242,2.32E+02,10.7422,7.15E+01,3.2419
mixed_44-bebop_002_.wav,2,166.1358,4.79E+01,18.5547,2.58E+01,1.8543
mixed_44-bebop_002_.wav,3,243.1641,2.95E+01,37.1094,2.12E+01,1.3927
mixed_44-bebop_002_.wav,4,330.0493,3.61E+01,37.1094,2.28E+01,1.5826
mixed_44-bebop_002_.wav,5,409.2115,4.33E+01,22.4609,1.17E+01,3.7036
mixed_44-bebop_002_.wav,6,489.2578,1.16E+01,36.1328,5.86E+00,1.9823
mixed_44-bebop_002_.wav,7,571.2891,7.13E+00,19.5312,4.04E+00,1.7662
mixed_44-bebop_002_.wav,8,659.1797,4.83E+00,36.1328,3.78E+00,1.2764
mixed_44-bebop_002_.wav,9,736.2672,5.60E+00,36.1328,5.88E+00,0.9526
mixed_44-bebop_002_.wav,10,820.2667,1.21E+01,30.2734,8.17E+00,1.4792
mixed_44-bebop_003_.wav,1,48.4376,1.70E+02,24.4141,2.61E+01,6.5231
mixed_44-bebop_003_.wav,2,94.7266,5.22E+01,19.5312,2.52E+01,2.0689
mixed_44-bebop_003_.wav,3,143.5547,2.64E+01,24.4141,1.20E+01,2.2022
mixed_44-bebop_003_.wav,4,197.2969,1.11E+01,29.2969,5.49E+00,2.0293
mixed_44-bebop_003_.wav,5,245.1266,6.88E+00,36.1328,3.90E+00,1.7646
mixed_44-bebop_003_.wav,6,295.8984,5.43E+00,37.1094,3.53E+00,1.5393
mixed_44-bebop_003_.wav,7,340.7203,5.84E+00,38.0859,3.37E+00,1.7327
mixed_44-bebop_003_.wav,8,391.915,1.77E+01,5.8594,4.29E+00,4.1351
mixed_44-bebop_003_.wav,9,436.5234,5.15E+00,6.8359,3.72E+00,1.3843
mixed_44-bebop_003_.wav,10,489.5742,6.03E+00,36.1328,2.80E+00,2.1554
mixed_44-bebop_004_.wav,1,48.6144,2.18E+02,7.7434,2.23E+01,9.7772
mixed_44-bebop_004_.wav,2,94.0265,4.08E+01,39.823,2.73E+01,1.492
mixed_44-bebop_004_.wav,3,143.8053,1.44E+01,37.6106,1.05E+01,1.3761
mixed_44-bebop_004_.wav,4,194.7411,1.67E+01,27.6549,5.93E+00,2.8162
mixed_44-bebop_004_.wav,5,246.6814,4.11E+00,29.8673,5.02E+00,0.8199
mixed_44-bebop_004_.wav,6,295.354,8.57E+00,30.9735,3.35E+00,2.561
mixed_44-bebop_004_.wav,7,339.7697,2.82E+00,29.8673,3.29E+00,0.8585
mixed_44-bebop_004_.wav,8,387.4966,1.23E+01,38.7168,6.16E+00,1.9914
mixed_44-bebop_004_.wav,9,438.1506,4.67E+00,1.1062,3.97E+00,1.1766
mixed_44-bebop_004_.wav,10,483.4071,3.81E+00,34.292,1.96E+00,1.9462
mixed_45-bebop_000_.wav,1,49.5494,1.31E+02,16.6016,2.33E+01,5.6188
mixed_45-bebop_000_.wav,2,98.1762,4.93E+01,37.1094,2.72E+01,1.8161
mixed_45-bebop_000_.wav,3,147.169,1.44E+01,29.2969,1.03E+01,1.3959
mixed_45-bebop_000_.wav,4,199.531,8.30E+00,39.0625,5.08E+00,1.6339
mixed_45-bebop_000_.wav,5,246.6324,5.15E+00,27.3438,3.48E+00,1.4783
mixed_45-bebop_000_.wav,6,297.6094,7.42E+00,26.3672,2.31E+00,3.2072
mixed_45-bebop_000_.wav,7,348.4352,2.21E+00,38.0859,2.66E+00,0.8332
mixed_45-bebop_000_.wav,8,400.4427,6.50E+00,3.9062,4.50E+00,1.4443
mixed_45-bebop_000_.wav,9,451.1719,3.26E+00,37.1094,2.18E+00,1.4971
mixed_45-bebop_000_.wav,10,500.3178,2.55E+00,16.6016,2.16E+00,1.1789
mixed_45-bebop_001_.wav,1,57.8655,1.40E+02,26.3672,2.68E+01,5.2293
mixed_45-bebop_001_.wav,2,115.1632,6.59E+01,24.4141,2.14E+01,3.0797
mixed_45-bebop_001_.wav,3,174.573,1.62E+01,33.2031,1.21E+01,1.3344
mixed_45-bebop_001_.wav,4,227.5391,1.05E+01,33.2031,7.56E+00,1.3893
mixed_45-bebop_001_.wav,5,291.0156,1.62E+01,15.625,4.51E+00,3.5855
mixed_45-bebop_001_.wav,6,347.0421,5.09E+00,37.1094,3.68E+00,1.3821
mixed_45-bebop_001_.wav,7,405.5041,4.07E+01,33.2031,1.08E+01,3.7719
mixed_45-bebop_001_.wav,8,460.0905,3.04E+00,24.4141,2.52E+00,1.206
mixed_45-bebop_001_.wav,9,520.6653,2.86E+00,12.6953,1.98E+00,1.4416
mixed_45-bebop_001_.wav,10,573.2422,3.20E+00,25.3906,2.73E+00,1.1752
mixed_45-bebop_002_.wav,1,53.4283,2.02E+02,24.4141,3.82E+01,5.2827
mixed_45-bebop_002_.wav,2,107.2711,5.83E+01,33.2031,2.93E+01,1.993
mixed_45-bebop_002_.wav,3,162.7717,3.12E+01,22.4609,1.33E+01,2.3397
mixed_45-bebop_002_.wav,4,217.7734,2.35E+01,36.1328,8.61E+00,2.7348
mixed_45-bebop_002_.wav,5,268.577,1.12E+01,36.1328,6.30E+00,1.7724
mixed_45-bebop_002_.wav,6,323.0166,6.78E+00,39.0625,5.23E+00,1.2959
mixed_45-bebop_002_.wav,7,373.6565,2.81E+01,13.6719,4.11E+00,6.8495
mixed_45-bebop_002_.wav,8,431.0363,2.73E+01,9.7656,3.65E+00,7.4594
mixed_45-bebop_002_.wav,9,486.3281,2.09E+00,32.2266,1.79E+00,1.1645
mixed_45-bebop_002_.wav,10,535.653,1.66E+00,30.2734,1.55E+00,1.0669
mixed_45-bebop_003_.wav,1,58.9812,2.55E+02,35.1562,5.72E+01,4.4646
mixed_45-bebop_003_.wav,2,117.6963,8.11E+01,27.3438,3.85E+01,2.1045
mixed_45-bebop_003_.wav,3,177.7115,6.36E+01,13.6719,2.02E+01,3.1514
mixed_45-bebop_003_.wav,4,235.542,2.66E+01,38.0859,1.60E+01,1.6574
mixed_45-bebop_003_.wav,5,295.8984,1.45E+01,33.2031,8.35E+00,1.7317
mixed_45-bebop_003_.wav,6,353.9623,1.17E+01,19.5312,9.58E+00,1.2189
mixed_45-bebop_003_.wav,7,410.2672,2.48E+01,3.9062,8.02E+00,3.0892
mixed_45-bebop_003_.wav,8,465.8203,4.54E+00,37.1094,3.89E+00,1.1662
mixed_45-bebop_003_.wav,9,528.3942,4.54E+00,9.7656,3.40E+00,1.3363
mixed_45-bebop_003_.wav,10,588.8672,2.82E+00,39.0625,2.58E+00,1.0928
mixed_45-bebop_004_.wav,1,48.1944,1.63E+02,23.2301,3.39E+01,4.8084
mixed_45-bebop_004_.wav,2,100.6637,3.76E+01,35.3982,3.70E+01,1.0157
mixed_45-bebop_004_.wav,3,146.9129,1.25E+01,30.9735,1.19E+01,1.052
mixed_45-bebop_004_.wav,4,194.4514,1.70E+01,36.5044,8.47E+00,2.0028
mixed_45-bebop_004_.wav,5,242.2058,9.31E+00,33.1858,5.54E+00,1.68
mixed_45-bebop_004_.wav,6,295.354,8.14E+00,29.8673,4.00E+00,2.0339
mixed_45-bebop_004_.wav,7,342.8029,5.36E+00,2.2124,4.53E+00,1.1848
mixed_45-bebop_004_.wav,8,390.5687,7.62E+00,39.823,4.55E+00,1.6753
mixed_45-bebop_004_.wav,9,438.1726,3.86E+01,12.1681,3.94E+00,9.7845
mixed_45-bebop_004_.wav,10,485.4355,4.41E+00,26.5487,2.29E+00,1.9245
mixed_46-bebop_000_.wav,1,50.7936,2.03E+02,15.625,3.36E+01,6.0354
mixed_46-bebop_000_.wav,2,102.3661,1.29E+02,35.1562,4.26E+01,3.0308
mixed_46-bebop_000_.wav,3,150.4145,4.52E+01,38.0859,2.83E+01,1.5988
mixed_46-bebop_000_.wav,4,204.5526,3.26E+01,12.6953,1.95E+01,1.6689
mixed_46-bebop_000_.wav,5,254.8679,1.98E+01,27.3438,1.42E+01,1.3882
mixed_46-bebop_000_.wav,6,303.6301,2.80E+01,35.1562,1.44E+01,1.9388
mixed_46-bebop_000_.wav,7,354.398,2.22E+01,33.2031,1.67E+01,1.3253
mixed_46-bebop_000_.wav,8,407.4136,4.15E+01,23.4375,2.05E+01,2.0287
mixed_46-bebop_000_.wav,9,456.3188,2.73E+01,38.0859,2.16E+01,1.2681
mixed_46-bebop_000_.wav,10,510.7422,3.79E+01,38.0859,2.33E+01,1.6292
mixed_46-bebop_001_.wav,1,47.9485,3.72E+02,13.6719,5.83E+01,6.3906
mixed_46-bebop_001_.wav,2,94.574,1.33E+02,39.0625,9.17E+01,1.4512
mixed_46-bebop_001_.wav,3,140.625,7.06E+01,36.1328,5.96E+01,1.1844
mixed_46-bebop_001_.wav,4,194.3359,6.01E+01,33.2031,3.12E+01,1.9261
mixed_46-bebop_001_.wav,5,242.1875,1.97E+01,34.1797,2.01E+01,0.9813
mixed_46-bebop_001_.wav,6,286.442,2.00E+01,30.2734,1.79E+01,1.1178
mixed_46-bebop_001_.wav,7,332.9091,3.18E+01,39.0625,1.87E+01,1.6995
mixed_46-bebop_001_.wav,8,385.7422,3.66E+01,22.4609,2.19E+01,1.668
mixed_46-bebop_001_.wav,9,433.5938,2.99E+01,1.9531,2.67E+01,1.1182
mixed_46-bebop_001_.wav,10,475.5859,6.22E+01,28.3203,2.74E+01,2.2745
mixed_46-bebop_002_.wav,1,51.2533,2.60E+02,31.25,5.23E+01,4.9729
mixed_46-bebop_002_.wav,2,99.6812,6.82E+01,13.6719,6.64E+01,1.0271
mixed_46-bebop_002_.wav,3,154.5894,6.99E+01,34.1797,4.49E+01,1.5566
mixed_46-bebop_002_.wav,4,200.1953,7.77E+01,37.1094,3.19E+01,2.4347
mixed_46-bebop_002_.wav,5,254.2292,7.03E+01,24.4141,2.69E+01,2.6146
mixed_46-bebop_002_.wav,6,305.2656,4.51E+01,34.1797,2.31E+01,1.9533
mixed_46-bebop_002_.wav,7,354.5002,6.98E+01,35.1562,2.36E+01,2.9626
mixed_46-bebop_002_.wav,8,407.1887,8.79E+01,14.6484,2.75E+01,3.2015
mixed_46-bebop_002_.wav,9,456.0324,5.23E+01,32.2266,2.99E+01,1.7505
mixed_46-bebop_002_.wav,10,510.7422,3.87E+01,39.0625,2.60E+01,1.4873
mixed_46-bebop_003_.wav,1,71.4519,1.38E+02,37.1094,4.12E+01,3.3466
mixed_46-bebop_003_.wav,2,144.9928,6.99E+01,38.0859,3.22E+01,2.1692
mixed_46-bebop_003_.wav,3,210.9375,3.40E+01,33.2031,2.22E+01,1.5313
mixed_46-bebop_003_.wav,4,283.0423,2.47E+01,26.3672,1.93E+01,1.2751
mixed_46-bebop_003_.wav,5,355.0868,4.82E+01,36.1328,2.31E+01,2.0891
mixed_46-bebop_003_.wav,6,424.8047,5.10E+01,39.0625,3.00E+01,1.6978
mixed_46-bebop_003_.wav,7,498.2134,5.91E+01,36.1328,3.17E+01,1.8666
mixed_46-bebop_003_.wav,8,571.3409,9.92E+01,26.3672,4.68E+01,2.1198
mixed_46-bebop_003_.wav,9,642.5836,1.11E+02,39.0625,7.38E+01,1.5107
mixed_46-bebop_003_.wav,10,712.5216,5.86E+01,32.2266,6.64E+01,0.8834
mixed_46-bebop_004_.wav,1,48.4302,2.31E+02,19.9115,5.25E+01,4.3988
mixed_46-bebop_004_.wav,2,98.5352,1.32E+02,38.7168,6.18E+01,2.1353
mixed_46-bebop_004_.wav,3,143.8053,5.13E+01,38.7168,3.53E+01,1.4552
mixed_46-bebop_004_.wav,4,192.4779,3.86E+01,37.6106,2.16E+01,1.7848
mixed_46-bebop_004_.wav,5,243.5166,3.39E+01,34.292,1.79E+01,1.8924
mixed_46-bebop_004_.wav,6,288.7168,2.80E+01,17.6991,1.46E+01,1.923
mixed_46-bebop_004_.wav,7,338.7935,1.49E+01,35.3982,1.36E+01,1.0993
mixed_46-bebop_004_.wav,8,391.2857,3.00E+01,35.3982,1.72E+01,1.7396
mixed_46-bebop_004_.wav,9,438.9206,4.25E+01,30.9735,1.95E+01,2.1798
mixed_46-bebop_004_.wav,10,483.4071,4.19E+01,7.7434,2.58E+01,1.6223
mixed_47-bebop_000_.wav,1,80.033,1.55E+02,29.2969,3.90E+01,3.9666
mixed_47-bebop_000_.wav,2,157.2266,9.38E+01,37.1094,4.66E+01,2.0137
mixed_47-bebop_000_.wav,3,240.8603,1.20E+02,34.1797,5.42E+01,2.2135
mixed_47-bebop_000_.wav,4,317.3828,7.90E+01,39.0625,5.41E+01,1.4611
mixed_47-bebop_000_.wav,5,400.9612,5.71E+01,28.3203,5.07E+01,1.1277
mixed_47-bebop_000_.wav,6,477.5391,1.19E+02,36.1328,4.69E+01,2.5398
mixed_47-bebop_000_.wav,7,563.4766,8.92E+01,38.0859,4.56E+01,1.9551
mixed_47-bebop_000_.wav,8,640.4915,3.37E+01,39.0625,3.39E+01,0.9931
mixed_47-bebop_000_.wav,9,720.4839,7.25E+01,36.1328,3.34E+01,2.1734
mixed_47-bebop_000_.wav,10,797.8516,2.82E+01,36.1328,2.92E+01,0.9682
mixed_47-bebop_001_.wav,1,50.8275,1.71E+02,31.25,4.73E+01,3.6128
mixed_47-bebop_001_.wav,2,98.6328,1.09E+02,39.0625,7.26E+01,1.5058
mixed_47-bebop_001_.wav,3,153.976,8.58E+01,37.1094,6.10E+01,1.4084
mixed_47-bebop_001_.wav,4,201.2358,1.24E+02,23.4375,5.56E+01,2.2292
mixed_47-bebop_001_.wav,5,252.5783,6.92E+01,35.1562,5.93E+01,1.1664
mixed_47-bebop_001_.wav,6,301.7578,8.10E+01,36.1328,5.75E+01,1.4068
mixed_47-bebop_001_.wav,7,353.7327,9.17E+01,38.0859,5.31E+01,1.7267
mixed_47-bebop_001_.wav,8,404.3375,1.38E+02,32.2266,5.68E+01,2.4271
mixed_47-bebop_001_.wav,9,459.9609,1.35E+02,20.5078,5.60E+01,2.41
mixed_47-bebop_001_.wav,10,508.1749,1.38E+02,34.1797,4.84E+01,2.8531
mixed_47-bebop_002_.wav,1,170.8711,1.83E+02,31.25,6.32E+01,2.8974
mixed_47-bebop_002_.wav,2,341.0354,8.18E+01,34.1797,5.38E+01,1.5196
mixed_47-bebop_002_.wav,3,509.7656,9.40E+01,37.1094,5.35E+01,1.758
mixed_47-bebop_002_.wav,4,686.5234,1.36E+02,34.1797,3.99E+01,3.4082
mixed_47-bebop_002_.wav,5,857.4219,3.94E+01,37.1094,3.28E+01,1.2021
mixed_47-bebop_002_.wav,6,1027.2828,6.69E+01,39.0625,2.85E+01,2.3469
mixed_47-bebop_002_.wav,7,1199.2188,4.67E+01,29.2969,1.77E+01,2.6392
mixed_47-bebop_002_.wav,8,1369.3027,2.76E+01,34.1797,2.09E+01,1.3228
mixed_47-bebop_002_.wav,9,1536.122,3.79E+01,34.1797,1.15E+01,3.31
mixed_47-bebop_002_.wav,10,1708.7579,2.26E+01,39.0625,1.32E+01,1.7049
mixed_47-bebop_003_.wav,1,53.9245,1.61E+02,18.5547,3.47E+01,4.6525
mixed_47-bebop_003_.wav,2,108.5374,6.65E+01,39.0625,4.12E+01,1.6126
mixed_47-bebop_003_.wav,3,164.0625,8.53E+01,39.0625,4.05E+01,2.1067
mixed_47-bebop_003_.wav,4,215.9059,7.52E+01,39.0625,4.96E+01,1.5152
mixed_47-bebop_003_.wav,5,267.4257,9.09E+01,29.2969,4.49E+01,2.0257
mixed_47-bebop_003_.wav,6,321.0487,9.47E+01,38.0859,3.84E+01,2.469
mixed_47-bebop_003_.wav,7,373.0469,7.64E+01,36.1328,3.70E+01,2.0634
mixed_47-bebop_003_.wav,8,432.6172,1.09E+02,38.0859,3.73E+01,2.9229
mixed_47-bebop_003_.wav,9,481.3051,6.10E+01,37.1094,4.08E+01,1.4945
mixed_47-bebop_003_.wav,10,534.1797,8.19E+01,38.0859,4.40E+01,1.862
mixed_47-bebop_004_.wav,1,56.6027,1.00E+02,37.6106,2.65E+01,3.7947
mixed_47-bebop_004_.wav,2,116.1504,4.13E+01,24.3363,2.64E+01,1.5635
mixed_47-bebop_004_.wav,3,167.0354,3.94E+01,30.9735,2.64E+01,1.4934
mixed_47-bebop_004_.wav,4,228.18,3.47E+01,34.292,2.09E+01,1.6605
mixed_47-bebop_004_.wav,5,285.3982,4.41E+01,27.6549,1.99E+01,2.2204
mixed_47-bebop_004_.wav,6,339.6144,4.14E+01,35.3982,2.45E+01,1.6895
mixed_47-bebop_004_.wav,7,391.5929,3.28E+01,34.292,2.40E+01,1.3665
mixed_47-bebop_004_.wav,8,454.646,4.50E+01,37.6106,1.96E+01,2.2991
mixed_47-bebop_004_.wav,9,511.0619,2.70E+01,39.823,1.97E+01,1.3743
mixed_47-bebop_004_.wav,10,560.8407,2.66E+01,39.823,1.53E+01,1.7402
mixed_48-bebop_000_.wav,1,61.7571,1.03E+02,39.0625,4.47E+01,2.2973
mixed_48-bebop_000_.wav,2,121.9939,5.36E+01,33.2031,3.28E+01,1.6309
mixed_48-bebop_000_.wav,3,181.6406,1.26E+01,37.1094,1.26E+01,0.9991
mixed_48-bebop_000_.wav,4,243.9047,1.77E+01,16.6016,6.01E+00,2.9393
mixed_48-bebop_000_.wav,5,309.1509,4.45E+00,33.2031,3.78E+00,1.1764
mixed_48-bebop_000_.wav,6,371.3394,7.37E+00,13.6719,4.59E+00,1.6067
mixed_48-bebop_000_.wav,7,433.5938,5.06E+00,21.4844,2.20E+00,2.2992
mixed_48-bebop_000_.wav,8,490.965,1.89E+00,38.0859,1.15E+00,1.6459
mixed_48-bebop_000_.wav,9,554.7846,2.14E+01,8.7891,1.59E+00,13.4917
mixed_48-bebop_000_.wav,10,618.1641,1.60E+00,31.25,1.23E+00,1.2999
mixed_48-bebop_001_.wav,1,70.5176,1.16E+02,32.2266,3.02E+01,3.8235
mixed_48-bebop_001_.wav,2,141.8877,2.79E+01,32.2266,1.68E+01,1.6637
mixed_48-bebop_001_.wav,3,211.0874,1.32E+01,34.1797,9.33E+00,1.4179
mixed_48-bebop_001_.wav,4,278.3203,8.10E+00,30.2734,3.89E+00,2.0802
mixed_48-bebop_001_.wav,5,350.2205,3.81E+00,39.0625,2.47E+00,1.5429
mixed_48-bebop_001_.wav,6,420.7566,4.90E+00,16.6016,2.50E+00,1.9598
mixed_48-bebop_001_.wav,7,494.1314,2.69E+00,31.25,1.25E+00,2.1508
mixed_48-bebop_001_.wav,8,561.2398,2.79E+00,5.8594,1.27E+00,2.1929
mixed_48-bebop_001_.wav,9,631.8238,1.62E+00,33.2031,1.16E+00,1.3939
mixed_48-bebop_001_.wav,10,706.0547,8.29E+00,26.3672,2.79E+00,2.9733
mixed_48-bebop_002_.wav,1,54.4875,1.54E+02,25.3906,3.03E+01,5.0891
mixed_48-bebop_002_.wav,2,106.4453,3.10E+01,39.0625,3.25E+01,0.9527
mixed_48-bebop_002_.wav,3,164.958,2.51E+01,30.2734,1.50E+01,1.6667
mixed_48-bebop_002_.wav,4,219.8595,1.51E+01,38.0859,7.83E+00,1.9243
mixed_48-bebop_002_.wav,5,270.5078,7.88E+00,25.3906,5.12E+00,1.5387
mixed_48-bebop_002_.wav,6,330.3527,5.91E+00,32.2266,3.21E+00,1.8402
mixed_48-bebop_002_.wav,7,382.0311,5.42E+00,11.7188,4.42E+00,1.228
mixed_48-bebop_002_.wav,8,437.4439,2.63E+00,1.9531,2.41E+00,1.0916
mixed_48-bebop_002_.wav,9,489.9014,2.45E+00,36.1328,1.53E+00,1.5955
mixed_48-bebop_002_.wav,10,547.2791,7.53E+00,28.3203,1.98E+00,3.8113
mixed_48-bebop_003_.wav,1,60.7633,1.79E+02,33.2031,4.95E+01,3.6084
mixed_48-bebop_003_.wav,2,122.9493,4.25E+01,35.1562,2.42E+01,1.7568
mixed_48-bebop_003_.wav,3,178.7109,2.53E+01,36.1328,1.30E+01,1.941
mixed_48-bebop_003_.wav,4,242.1219,1.49E+01,22.4609,6.37E+00,2.3454
mixed_48-bebop_003_.wav,5,300.3844,4.22E+00,36.1328,4.63E+00,0.9115
mixed_48-bebop_003_.wav,6,365.054,8.13E+00,9.7656,6.13E+00,1.3274
mixed_48-bebop_003_.wav,7,424.7838,2.01E+01,8.7891,3.47E+00,5.7874
mixed_48-bebop_003_.wav,8,482.3839,2.86E+00,38.0859,1.74E+00,1.6434
mixed_48-bebop_003_.wav,9,544.3566,4.68E+00,8.7891,2.19E+00,2.1406
mixed_48-bebop_003_.wav,10,603.4153,2.15E+00,36.1328,1.94E+00,1.1036
mixed_48-bebop_004_.wav,1,57.5239,1.75E+02,21.4844,3.02E+01,5.7946
mixed_48-bebop_004_.wav,2,118.1641,6.31E+01,16.6016,2.43E+01,2.6013
mixed_48-bebop_004_.wav,3,169.9219,2.25E+01,35.1562,1.56E+01,1.4441
mixed_48-bebop_004_.wav,4,229.0936,1.39E+01,39.0625,7.44E+00,1.8639
mixed_48-bebop_004_.wav,5,286.2966,7.36E+00,28.3203,4.92E+00,1.4957
mixed_48-bebop_004_.wav,6,345.4363,1.97E+01,21.4844,4.89E+00,4.02
mixed_48-bebop_004_.wav,7,406.25,1.01E+01,7.8125,5.32E+00,1.9
mixed_48-bebop_004_.wav,8,458.0078,4.36E+00,6.8359,2.81E+00,1.5497
mixed_48-bebop_004_.wav,9,515.625,2.38E+00,24.4141,1.81E+00,1.3171
mixed_48-bebop_004_.wav,10,575.8368,1.06E+01,33.2031,2.86E+00,3.7219
mixed_49-bebop_000_.wav,1,50.5093,1.70E+02,26.3672,2.83E+01,5.9956
mixed_49-bebop_000_.wav,2,103.8109,4.97E+01,31.25,3.71E+01,1.3418
mixed_49-bebop_000_.wav,3,152.1195,5.66E+01,35.1562,2.15E+01,2.6304
mixed_49-bebop_000_.wav,4,200.1953,1.19E+01,33.2031,1.02E+01,1.172
mixed_49-bebop_000_.wav,5,256.2364,8.31E+00,36.1328,6.76E+00,1.2289
mixed_49-bebop_000_.wav,6,302.7738,7.97E+00,10.7422,4.69E+00,1.6992
mixed_49-bebop_000_.wav,7,356.9661,8.69E+00,25.3906,5.52E+00,1.5746
mixed_49-bebop_000_.wav,8,405.1802,1.91E+01,6.8359,1.02E+01,1.8789
mixed_49-bebop_000_.wav,9,454.1016,4.40E+00,9.7656,5.47E+00,0.8032
mixed_49-bebop_000_.wav,10,508.0638,1.81E+01,5.8594,1.19E+01,1.5197
mixed_49-bebop_001_.wav,1,52.5696,2.35E+02,23.4375,3.31E+01,7.0772
mixed_49-bebop_001_.wav,2,106.0841,6.52E+01,38.0859,4.40E+01,1.4828
mixed_49-bebop_001_.wav,3,161.1328,2.77E+01,22.4609,1.91E+01,1.4466
mixed_49-bebop_001_.wav,4,213.2995,1.29E+01,32.2266,8.80E+00,1.4711
mixed_49-bebop_001_.wav,5,260.7422,9.02E+00,36.1328,7.71E+00,1.1702
mixed_49-bebop_001_.wav,6,313.4766,1.21E+01,22.4609,6.01E+00,2.0112
mixed_49-bebop_001_.wav,7,368.8126,5.04E+01,11.7188,4.11E+00,12.2556
mixed_49-bebop_001_.wav,8,421.3078,5.48E+00,6.8359,4.07E+00,1.3467
mixed_49-bebop_001_.wav,9,474.6382,5.22E+00,4.8828,4.91E+00,1.0625
mixed_49-bebop_001_.wav,10,530.2734,5.30E+00,39.0625,9.24E+00,0.573
mixed_49-bebop_002_.wav,1,52.3627,7.12E+01,22.4609,1.18E+01,6.0312
mixed_49-bebop_002_.wav,2,102.5391,1.97E+01,25.3906,9.89E+00,1.9885
mixed_49-bebop_002_.wav,3,159.5417,6.22E+00,2.9297,4.41E+00,1.4093
mixed_49-bebop_002_.wav,4,213.8672,4.09E+00,13.6719,1.79E+00,2.288
mixed_49-bebop_002_.wav,5,266.6016,8.08E+00,19.5312,1.84E+00,4.3801
mixed_49-bebop_002_.wav,6,313.4766,1.91E+00,5.8594,2.81E+00,0.6775
mixed_49-bebop_002_.wav,7,370.201,2.84E+01,19.5312,4.37E+00,6.5029
mixed_49-bebop_002_.wav,8,422.1622,2.03E+01,17.5781,9.08E+00,2.2349
mixed_49-bebop_002_.wav,9,471.6797,1.99E+01,39.0625,1.42E+01,1.4079
mixed_49-bebop_002_.wav,10,524.4141,3.51E+01,23.4375,1.88E+01,1.8656
mixed_49-bebop_003_.wav,1,56.7672,1.48E+02,23.4375,2.79E+01,5.2903
mixed_49-bebop_003_.wav,2,113.1706,3.81E+01,37.1094,1.75E+01,2.1809
mixed_49-bebop_003_.wav,3,169.2722,2.43E+01,37.1094,1.22E+01,1.9852
mixed_49-bebop_003_.wav,4,228.1362,1.04E+01,34.1797,6.27E+00,1.6569
mixed_49-bebop_003_.wav,5,284.16,1.34E+01,12.6953,3.17E+00,4.2147
mixed_49-bebop_003_.wav,6,339.0796,3.77E+00,37.1094,2.92E+00,1.2907
mixed_49-bebop_003_.wav,7,394.6905,1.55E+01,20.5078,7.59E+00,2.048
mixed_49-bebop_003_.wav,8,456.0547,8.39E+00,10.7422,8.16E+00,1.0273
mixed_49-bebop_003_.wav,9,508.383,1.99E+01,37.1094,9.16E+00,2.1761
mixed_49-bebop_003_.wav,10,565.848,1.44E+01,36.1328,1.16E+01,1.2465
mixed_49-bebop_004_.wav,1,52.4099,1.87E+02,21.0177,4.48E+01,4.1709
mixed_49-bebop_004_.wav,2,100.6637,4.26E+01,14.3805,3.67E+01,1.1613
mixed_49-bebop_004_.wav,3,152.6549,3.73E+01,37.6106,1.46E+01,2.5564
mixed_49-bebop_004_.wav,4,208.6487,8.83E+00,36.5044,7.49E+00,1.1798
mixed_49-bebop_004_.wav,5,258.1411,6.42E+00,38.7168,4.86E+00,1.3203
mixed_49-bebop_004_.wav,6,311.1649,2.58E+00,35.3982,2.52E+00,1.0247
mixed_49-bebop_004_.wav,7,363.755,3.95E+00,1.1062,3.24E+00,1.2167
mixed_49-bebop_004_.wav,8,413.4421,1.12E+01,5.531,3.28E+00,3.3967
mixed_49-bebop_004_.wav,9,469.6716,6.00E+00,19.9115,3.58E+00,1.6748
mixed_49-bebop_004_.wav,10,521.6016,1.70E+01,38.7168,1.12E+01,1.5156
mixed_5-bebop_000_.wav,1,57.5629,1.57E+02,22.4609,2.73E+01,5.7407
mixed_5-bebop_000_.wav,2,113.1906,6.06E+01,25.3906,2.87E+01,2.1062
mixed_5-bebop_000_.wav,3,169.9219,2.24E+01,17.5781,1.54E+01,1.4581
mixed_5-bebop_000_.wav,4,230.4629,8.31E+00,39.0625,7.46E+00,1.1137
mixed_5-bebop_000_.wav,5,290.1691,1.23E+01,8.7891,7.08E+00,1.7442
mixed_5-bebop_000_.wav,6,345.7831,7.16E+00,35.1562,4.18E+00,1.7154
mixed_5-bebop_000_.wav,7,406.25,4.73E+00,34.1797,2.41E+00,1.9623
mixed_5-bebop_000_.wav,8,458.0078,4.17E+00,39.0625,3.45E+00,1.2104
mixed_5-bebop_000_.wav,9,520.2301,4.86E+00,1.9531,3.71E+00,1.3085
mixed_5-bebop_000_.wav,10,579.1016,4.97E+00,34.1797,2.87E+00,1.7314
mixed_5-bebop_001_.wav,1,48.7283,8.32E+01,27.3438,2.24E+01,3.7055
mixed_5-bebop_001_.wav,2,96.7094,4.46E+01,27.3438,2.52E+01,1.7681
mixed_5-bebop_001_.wav,3,143.5547,1.97E+01,39.0625,1.51E+01,1.3032
mixed_5-bebop_001_.wav,4,197.5954,1.22E+01,28.3203,1.26E+01,0.971
mixed_5-bebop_001_.wav,5,247.0703,2.40E+01,36.1328,1.19E+01,2.0195
mixed_5-bebop_001_.wav,6,290.843,1.57E+01,38.0859,9.91E+00,1.588
mixed_5-bebop_001_.wav,7,344.7266,1.12E+01,35.1562,6.56E+00,1.7026
mixed_5-bebop_001_.wav,8,390.3538,6.56E+00,39.0625,6.57E+00,0.9996
mixed_5-bebop_001_.wav,9,436.5234,1.44E+01,38.0859,9.56E+00,1.505
mixed_5-bebop_001_.wav,10,485.3516,4.38E+01,13.6719,9.95E+00,4.4071
mixed_5-bebop_002_.wav,1,54.4041,2.18E+02,15.625,2.81E+01,7.753
mixed_5-bebop_002_.wav,2,112.3047,1.95E+01,28.3203,2.41E+01,0.808
mixed_5-bebop_002_.wav,3,164.8925,1.70E+01,39.0625,1.39E+01,1.2198
mixed_5-bebop_002_.wav,4,221.6797,4.44E+00,38.0859,7.76E+00,0.5721
mixed_5-bebop_002_.wav,5,272.5011,6.42E+00,39.0625,7.26E+00,0.8834
mixed_5-bebop_002_.wav,6,326.2199,5.75E+00,14.6484,5.03E+00,1.1447
mixed_5-bebop_002_.wav,7,382.1982,6.99E+00,38.0859,4.05E+00,1.7277
mixed_5-bebop_002_.wav,8,436.2431,6.61E+00,34.1797,5.06E+00,1.308
mixed_5-bebop_002_.wav,9,490.1804,3.18E+01,22.4609,6.37E+00,4.9967
mixed_5-bebop_002_.wav,10,547.8828,6.28E+00,39.0625,6.22E+00,1.0106
mixed_5-bebop_003_.wav,1,52.0411,1.85E+02,22.4609,4.48E+01,4.1384
mixed_5-bebop_003_.wav,2,103.4792,8.36E+01,38.0859,5.19E+01,1.6103
mixed_5-bebop_003_.wav,3,152.3438,5.93E+01,35.1562,2.39E+01,2.4755
mixed_5-bebop_003_.wav,4,208.1264,1.66E+01,35.1562,1.35E+01,1.2271
mixed_5-bebop_003_.wav,5,255.8594,1.34E+01,39.0625,1.15E+01,1.1668
mixed_5-bebop_003_.wav,6,307.6172,1.05E+01,5.8594,9.07E+00,1.1547
mixed_5-bebop_003_.wav,7,363.0325,1.78E+01,2.9297,5.95E+00,2.9877
mixed_5-bebop_003_.wav,8,412.4886,7.22E+00,36.1328,5.41E+00,1.3346
mixed_5-bebop_003_.wav,9,464.7967,1.30E+01,4.8828,4.13E+00,3.1475
mixed_5-bebop_003_.wav,10,518.824,6.11E+00,38.0859,3.43E+00,1.7819
mixed_5-bebop_004_.wav,1,64.9016,1.62E+02,37.6106,4.82E+01,3.3647
mixed_5-bebop_004_.wav,2,132.7434,3.31E+01,26.5487,2.85E+01,1.1627
mixed_5-bebop_004_.wav,3,198.0088,2.69E+01,39.823,2.26E+01,1.1916
mixed_5-bebop_004_.wav,4,262.3644,2.31E+01,36.5044,1.28E+01,1.8064
mixed_5-bebop_004_.wav,5,326.8471,1.21E+01,30.9735,5.65E+00,2.1479
mixed_5-bebop_004_.wav,6,390.4618,9.52E+00,15.4867,4.08E+00,2.3308
mixed_5-bebop_004_.wav,7,453.5398,7.67E+00,34.292,5.22E+00,1.4696
mixed_5-bebop_004_.wav,8,521.9819,5.70E+00,37.6106,4.58E+00,1.2451
mixed_5-bebop_004_.wav,9,585.109,5.53E+00,39.823,4.73E+00,1.1688
mixed_5-bebop_004_.wav,10,652.8345,1.98E+01,8.8496,6.22E+00,3.1768
mixed_50-bebop_000_.wav,1,49.0917,1.14E+02,23.4375,1.60E+01,7.0942
mixed_50-bebop_000_.wav,2,98.2496,3.84E+01,31.25,2.17E+01,1.77
mixed_50-bebop_000_.wav,3,143.5547,2.48E+01,24.4141,1.55E+01,1.6032
mixed_50-bebop_000_.wav,4,194.3812,1.63E+01,39.0625,8.11E+00,2.0139
mixed_50-bebop_000_.wav,5,242.7626,1.03E+01,36.1328,5.90E+00,1.7512
mixed_50-bebop_000_.wav,6,295.8984,5.48E+00,37.1094,3.08E+00,1.7813
mixed_50-bebop_000_.wav,7,339.979,2.52E+00,39.0625,3.00E+00,0.8396
mixed_50-bebop_000_.wav,8,387.6953,3.92E+01,18.5547,3.94E+00,9.9543
mixed_50-bebop_000_.wav,9,438.6234,4.93E+00,36.1328,3.11E+00,1.5875
mixed_50-bebop_000_.wav,10,491.2109,3.24E+00,39.0625,2.55E+00,1.2685
mixed_50-bebop_001_.wav,1,44.9566,1.27E+02,22.4609,2.80E+01,4.5346
mixed_50-bebop_001_.wav,2,87.5144,4.11E+01,35.1562,3.41E+01,1.2067
mixed_50-bebop_001_.wav,3,134.4815,2.65E+01,21.4844,1.48E+01,1.7941
mixed_50-bebop_001_.wav,4,176.7578,1.53E+01,39.0625,9.57E+00,1.6018
mixed_50-bebop_001_.wav,5,222.4903,1.02E+01,19.5312,6.25E+00,1.6411
mixed_50-bebop_001_.wav,6,270.7238,8.91E+00,35.1562,3.69E+00,2.4132
mixed_50-bebop_001_.wav,7,317.3828,3.19E+00,35.1562,2.78E+00,1.1453
mixed_50-bebop_001_.wav,8,358.6842,3.69E+00,5.8594,3.23E+00,1.1426
mixed_50-bebop_001_.wav,9,401.3672,2.31E+01,12.6953,8.45E+00,2.741
mixed_50-bebop_001_.wav,10,446.2891,2.49E+00,14.6484,2.01E+00,1.2412
mixed_50-bebop_002_.wav,1,46.8999,1.98E+02,17.5781,2.72E+01,7.2803
mixed_50-bebop_002_.wav,2,92.4138,8.03E+01,34.1797,3.29E+01,2.4379
mixed_50-bebop_002_.wav,3,138.4727,3.07E+01,37.1094,1.92E+01,1.5985
mixed_50-bebop_002_.wav,4,184.5703,1.99E+01,39.0625,1.32E+01,1.5056
mixed_50-bebop_002_.wav,5,231.4453,1.66E+01,21.4844,1.14E+01,1.4555
mixed_50-bebop_002_.wav,6,282.3721,2.28E+01,34.1797,7.60E+00,2.9971
mixed_50-bebop_002_.wav,7,329.996,5.11E+00,39.0625,4.57E+00,1.1195
mixed_50-bebop_002_.wav,8,376.0984,6.07E+00,13.6719,4.74E+00,1.2793
mixed_50-bebop_002_.wav,9,424.8047,8.40E+00,5.8594,5.86E+00,1.4327
mixed_50-bebop_002_.wav,10,467.0061,6.13E+00,36.1328,4.35E+00,1.4087
mixed_50-bebop_003_.wav,1,49.4672,1.14E+02,9.7656,1.74E+01,6.5322
mixed_50-bebop_003_.wav,2,102.0242,2.03E+01,34.1797,1.43E+01,1.4197
mixed_50-bebop_003_.wav,3,146.4844,1.28E+01,36.1328,7.79E+00,1.639
mixed_50-bebop_003_.wav,4,200.4272,8.34E+00,29.2969,3.83E+00,2.1793
mixed_50-bebop_003_.wav,5,249.7495,3.52E+00,9.7656,2.80E+00,1.2548
mixed_50-bebop_003_.wav,6,299.7862,3.73E+00,36.1328,2.10E+00,1.7778
mixed_50-bebop_003_.wav,7,349.6223,2.37E+00,35.1562,2.07E+00,1.1452
mixed_50-bebop_003_.wav,8,399.5004,5.72E+01,28.3203,2.40E+00,23.801
mixed_50-bebop_003_.wav,9,446.6566,2.05E+00,34.1797,1.26E+00,1.6224
mixed_50-bebop_003_.wav,10,500.9766,2.16E+00,10.7422,1.52E+00,1.4152
mixed_50-bebop_004_.wav,1,48.3358,6.75E+01,16.5929,1.05E+01,6.4351
mixed_50-bebop_004_.wav,2,96.8868,1.51E+01,19.9115,1.12E+01,1.348
mixed_50-bebop_004_.wav,3,148.0438,1.42E+01,25.4425,5.27E+00,2.6881
mixed_50-bebop_004_.wav,4,198.0088,4.78E+00,39.823,2.91E+00,1.6417
mixed_50-bebop_004_.wav,5,245.0483,1.96E+00,4.4248,1.97E+00,0.994
mixed_50-bebop_004_.wav,6,288.7168,4.06E+00,16.5929,1.15E+00,3.5285
mixed_50-bebop_004_.wav,7,337.3894,1.89E+00,24.3363,9.62E-01,1.9608
mixed_50-bebop_004_.wav,8,386.8977,2.51E+01,15.4867,3.13E+00,8.0409
mixed_50-bebop_004_.wav,9,436.7539,1.48E+01,5.531,4.11E+00,3.5943
mixed_50-bebop_004_.wav,10,490.0442,1.10E+00,33.1858,1.09E+00,1.001
mixed_51-bebop_000_.wav,1,48.4482,2.04E+02,21.4844,2.31E+01,8.8186
mixed_51-bebop_000_.wav,2,99.8152,1.22E+02,20.5078,3.09E+01,3.9566
mixed_51-bebop_000_.wav,3,149.4141,2.63E+01,31.25,1.99E+01,1.3221
mixed_51-bebop_000_.wav,4,198.2422,3.84E+01,0.9766,1.72E+01,2.2263
mixed_51-bebop_000_.wav,5,241.2109,1.91E+01,27.3438,1.25E+01,1.529
mixed_51-bebop_000_.wav,6,291.9885,1.28E+01,1.9531,7.77E+00,1.6496
mixed_51-bebop_000_.wav,7,344.7266,1.06E+01,1.9531,8.01E+00,1.3186
mixed_51-bebop_000_.wav,8,392.8699,1.02E+01,38.0859,8.05E+00,1.272
mixed_51-bebop_000_.wav,9,436.5234,6.78E+01,3.9062,5.93E+00,11.4436
mixed_51-bebop_000_.wav,10,491.2109,1.30E+01,28.3203,5.93E+00,2.1936
mixed_51-bebop_001_.wav,1,53.2859,2.02E+02,22.4609,4.55E+01,4.4314
mixed_51-bebop_001_.wav,2,105.4548,8.46E+01,34.1797,3.98E+01,2.1263
mixed_51-bebop_001_.wav,3,158.2031,1.97E+01,36.1328,2.35E+01,0.8363
mixed_51-bebop_001_.wav,4,212.4778,3.63E+01,0.9766,1.51E+01,2.4084
mixed_51-bebop_001_.wav,5,266.6393,2.00E+01,38.0859,9.02E+00,2.2197
mixed_51-bebop_001_.wav,6,319.3359,8.20E+00,0.9766,5.45E+00,1.5031
mixed_51-bebop_001_.wav,7,378.9062,1.45E+01,17.5781,6.59E+00,2.2054
mixed_51-bebop_001_.wav,8,431.7071,8.98E+00,29.2969,6.53E+00,1.3743
mixed_51-bebop_001_.wav,9,481.7664,7.02E+00,27.3438,5.18E+00,1.3562
mixed_51-bebop_001_.wav,10,535.5364,1.73E+01,18.5547,5.69E+00,3.0484
mixed_51-bebop_002_.wav,1,61.0389,2.82E+02,36.1328,8.14E+01,3.4664
mixed_51-bebop_002_.wav,2,120.1172,1.27E+02,31.25,6.63E+01,1.9178
mixed_51-bebop_002_.wav,3,183.9329,2.78E+01,0.9766,2.56E+01,1.084
mixed_51-bebop_002_.wav,4,249.0234,2.68E+01,8.7891,1.96E+01,1.3717
mixed_51-bebop_002_.wav,5,310.5469,3.55E+01,0.9766,1.17E+01,3.0363
mixed_51-bebop_002_.wav,6,366.2109,1.26E+01,35.1562,9.28E+00,1.3552
mixed_51-bebop_002_.wav,7,428.6079,2.34E+01,39.0625,1.18E+01,1.9869
mixed_51-bebop_002_.wav,8,495.1172,1.75E+01,31.25,9.74E+00,1.7939
mixed_51-bebop_002_.wav,9,556.6406,2.27E+01,33.2031,1.29E+01,1.7638
mixed_51-bebop_002_.wav,10,612.3047,1.11E+01,14.6484,8.57E+00,1.2975
mixed_51-bebop_003_.wav,1,48.6254,1.81E+02,16.6016,2.39E+01,7.5607
mixed_51-bebop_003_.wav,2,100.5859,7.98E+01,37.1094,2.83E+01,2.8149
mixed_51-bebop_003_.wav,3,143.5547,3.60E+01,18.5547,1.58E+01,2.283
mixed_51-bebop_003_.wav,4,193.6372,2.64E+01,0.9766,1.19E+01,2.2188
mixed_51-bebop_003_.wav,5,245.3934,1.44E+01,22.4609,7.92E+00,1.8129
mixed_51-bebop_003_.wav,6,292.0174,1.96E+01,0.9766,5.66E+00,3.4651
mixed_51-bebop_003_.wav,7,341.9513,1.70E+01,18.5547,4.81E+00,3.543
mixed_51-bebop_003_.wav,8,392.1646,4.91E+01,8.7891,6.51E+00,7.5402
mixed_51-bebop_003_.wav,9,440.4399,2.53E+01,13.6719,5.84E+00,4.33
mixed_51-bebop_003_.wav,10,491.2109,1.34E+01,8.7891,5.60E+00,2.3911
mixed_51-bebop_004_.wav,1,44.3464,1.74E+02,17.6991,3.26E+01,5.3419
mixed_51-bebop_004_.wav,2,87.3042,6.44E+01,33.1858,3.96E+01,1.626
mixed_51-bebop_004_.wav,3,130.531,6.72E+01,28.7611,2.15E+01,3.1218
mixed_51-bebop_004_.wav,4,173.6726,3.04E+01,36.5044,1.72E+01,1.7665
mixed_51-bebop_004_.wav,5,221.8393,2.04E+01,36.5044,1.27E+01,1.6067
mixed_51-bebop_004_.wav,6,268.8053,1.27E+01,38.7168,8.31E+00,1.5229
mixed_51-bebop_004_.wav,7,313.0531,1.16E+01,2.2124,6.23E+00,1.8695
mixed_51-bebop_004_.wav,8,351.4732,7.14E+00,35.3982,6.60E+00,1.0816
mixed_51-bebop_004_.wav,9,399.1915,1.93E+01,35.3982,9.33E+00,2.0701
mixed_51-bebop_004_.wav,10,445.7965,1.12E+01,29.8673,7.80E+00,1.4319
mixed_52-bebop_000_.wav,1,67.7511,2.33E+02,39.0625,5.23E+01,4.4551
mixed_52-bebop_000_.wav,2,131.8359,6.91E+01,38.0859,3.72E+01,1.859
mixed_52-bebop_000_.wav,3,199.89,1.17E+02,0.9766,2.30E+01,5.1095
mixed_52-bebop_000_.wav,4,271.5564,2.34E+01,33.2031,1.26E+01,1.8616
mixed_52-bebop_000_.wav,5,337.1809,1.45E+01,38.0859,1.17E+01,1.2363
mixed_52-bebop_000_.wav,6,405.0283,5.92E+01,19.5312,1.44E+01,4.118
mixed_52-bebop_000_.wav,7,468.75,1.54E+01,31.25,1.08E+01,1.4272
mixed_52-bebop_000_.wav,8,537.0455,8.66E+00,39.0625,6.74E+00,1.2842
mixed_52-bebop_000_.wav,9,609.375,1.43E+01,1.9531,8.95E+00,1.5932
mixed_52-bebop_000_.wav,10,673.7695,9.41E+00,36.1328,8.50E+00,1.1079
mixed_52-bebop_001_.wav,1,96.402,2.46E+02,20.5078,5.35E+01,4.5963
mixed_52-bebop_001_.wav,2,196.2891,3.63E+01,9.7656,2.16E+01,1.6815
mixed_52-bebop_001_.wav,3,292.9688,1.87E+01,0.9766,1.22E+01,1.5412
mixed_52-bebop_001_.wav,4,386.8045,2.30E+01,35.1562,1.60E+01,1.4357
mixed_52-bebop_001_.wav,5,481.6016,1.74E+01,1.9531,1.01E+01,1.7266
mixed_52-bebop_001_.wav,6,577.1484,1.10E+01,5.8594,7.36E+00,1.5003
mixed_52-bebop_001_.wav,7,674.4879,1.29E+01,24.4141,7.06E+00,1.8347
mixed_52-bebop_001_.wav,8,771.4381,1.87E+01,31.25,8.05E+00,2.3248
mixed_52-bebop_001_.wav,9,868.3802,7.97E+00,4.8828,6.44E+00,1.2369
mixed_52-bebop_001_.wav,10,969.7266,7.63E+00,37.1094,3.80E+00,2.011
mixed_52-bebop_002_.wav,1,99.0743,1.16E+02,25.3906,2.74E+01,4.2587
mixed_52-bebop_002_.wav,2,200.1953,8.40E+01,0.9766,1.76E+01,4.7722
mixed_52-bebop_002_.wav,3,298.8281,4.37E+01,0.9766,1.04E+01,4.2166
mixed_52-bebop_002_.wav,4,392.4056,2.36E+01,0.9766,1.30E+01,1.8082
mixed_52-bebop_002_.wav,5,496.0938,2.00E+01,5.8594,8.64E+00,2.3146
mixed_52-bebop_002_.wav,6,588.8672,2.06E+01,21.4844,8.83E+00,2.3366
mixed_52-bebop_002_.wav,7,687.5,8.09E+00,38.0859,5.80E+00,1.3956
mixed_52-bebop_002_.wav,8,788.3447,1.04E+01,33.2031,5.24E+00,1.9868
mixed_52-bebop_002_.wav,9,886.6781,1.03E+01,38.0859,6.13E+00,1.6733
mixed_52-bebop_002_.wav,10,986.2461,4.59E+00,39.0625,4.71E+00,0.9751
mixed_52-bebop_003_.wav,1,100.1259,2.32E+02,9.7656,4.43E+01,5.2354
mixed_52-bebop_003_.wav,2,200.2723,7.44E+01,8.7891,1.63E+01,4.5578
mixed_52-bebop_003_.wav,3,300.0561,1.28E+02,0.9766,1.41E+01,9.0868
mixed_52-bebop_003_.wav,4,400.3145,3.01E+01,5.8594,1.49E+01,2.0156
mixed_52-bebop_003_.wav,5,500,5.93E+01,1.9531,7.69E+00,7.7075
mixed_52-bebop_003_.wav,6,600.5859,2.57E+01,26.3672,7.51E+00,3.4214
mixed_52-bebop_003_.wav,7,702.3969,7.59E+00,24.4141,6.81E+00,1.1154
mixed_52-bebop_003_.wav,8,805.1332,1.26E+01,28.3203,8.03E+00,1.5739
mixed_52-bebop_003_.wav,9,902.834,6.74E+00,36.1328,5.51E+00,1.2245
mixed_52-bebop_003_.wav,10,1006.0551,9.54E+00,19.5312,4.31E+00,2.2107
mixed_52-bebop_004_.wav,1,99.5824,2.64E+02,4.4248,3.60E+01,7.3296
mixed_52-bebop_004_.wav,2,200.5311,9.47E+01,4.4248,1.60E+01,5.9288
mixed_52-bebop_004_.wav,3,300.3239,9.78E+01,1.1062,8.73E+00,11.2002
mixed_52-bebop_004_.wav,4,398.6656,3.83E+01,32.0796,1.40E+01,2.7387
mixed_52-bebop_004_.wav,5,501.1062,5.75E+01,2.2124,5.22E+00,11.0064
mixed_52-bebop_004_.wav,6,594.6862,1.66E+01,30.9735,6.51E+00,2.5556
mixed_52-bebop_004_.wav,7,699.2475,1.12E+01,37.6106,5.77E+00,1.935
mixed_52-bebop_004_.wav,8,797.7472,9.30E+00,4.4248,6.80E+00,1.3674
mixed_52-bebop_004_.wav,9,893.9336,1.38E+01,38.7168,5.96E+00,2.3124
mixed_52-bebop_004_.wav,10,993.4889,6.81E+00,35.3982,3.81E+00,1.7892
mixed_53-bebop_000_.wav,1,100.1667,3.12E+02,18.5547,5.72E+01,5.4539
mixed_53-bebop_000_.wav,2,200.0945,2.27E+02,4.8828,2.75E+01,8.2327
mixed_53-bebop_000_.wav,3,299.8274,3.30E+01,27.3438,1.37E+01,2.4133
mixed_53-bebop_000_.wav,4,400.3132,5.74E+01,29.2969,1.98E+01,2.898
mixed_53-bebop_000_.wav,5,500,5.34E+01,27.3438,1.22E+01,4.3639
mixed_53-bebop_000_.wav,6,600.5859,4.02E+01,20.5078,1.64E+01,2.4538
mixed_53-bebop_000_.wav,7,707.0312,1.67E+01,37.1094,1.27E+01,1.3141
mixed_53-bebop_000_.wav,8,803.8646,1.71E+01,38.0859,1.01E+01,1.6935
mixed_53-bebop_000_.wav,9,906.0436,1.76E+01,38.0859,8.45E+00,2.0809
mixed_53-bebop_000_.wav,10,1008.7891,1.06E+01,38.0859,7.71E+00,1.3748
mixed_53-bebop_001_.wav,1,99.9011,3.29E+02,0.9766,2.19E+01,14.9859
mixed_53-bebop_001_.wav,2,200.088,2.27E+02,0.9766,1.92E+01,11.826
mixed_53-bebop_001_.wav,3,299.8264,5.39E+01,32.2266,1.21E+01,4.4537
mixed_53-bebop_001_.wav,4,400.2734,4.56E+01,27.3438,1.83E+01,2.4916
mixed_53-bebop_001_.wav,5,499.973,5.31E+01,14.6484,1.21E+01,4.4017
mixed_53-bebop_001_.wav,6,599.4877,3.23E+01,27.3438,1.67E+01,1.9307
mixed_53-bebop_001_.wav,7,698.2975,2.70E+01,28.3203,1.64E+01,1.6528
mixed_53-bebop_001_.wav,8,799.8047,2.72E+01,25.3906,1.02E+01,2.6504
mixed_53-bebop_001_.wav,9,895.5703,1.86E+01,36.1328,9.80E+00,1.9002
mixed_53-bebop_001_.wav,10,999.0234,1.67E+01,35.1562,8.51E+00,1.9571
mixed_53-bebop_002_.wav,1,48.9804,2.54E+02,26.3672,4.68E+01,5.4259
mixed_53-bebop_002_.wav,2,99.9251,1.46E+02,19.5312,4.79E+01,3.0384
mixed_53-bebop_002_.wav,3,149.4141,5.16E+01,29.2969,2.36E+01,2.1858
mixed_53-bebop_002_.wav,4,197.4954,3.47E+01,0.9766,2.48E+01,1.3991
mixed_53-bebop_002_.wav,5,244.5458,2.69E+01,7.8125,1.94E+01,1.3839
mixed_53-bebop_002_.wav,6,294.7901,3.34E+01,20.5078,1.37E+01,2.4426
mixed_53-bebop_002_.wav,7,340.9424,2.52E+01,39.0625,1.42E+01,1.7767
mixed_53-bebop_002_.wav,8,391.3116,5.14E+01,19.5312,1.90E+01,2.7027
mixed_53-bebop_002_.wav,9,441.0907,3.83E+01,1.9531,1.80E+01,2.1304
mixed_53-bebop_002_.wav,10,488.8592,1.94E+01,6.8359,1.36E+01,1.4235
mixed_53-bebop_003_.wav,1,67.7375,2.99E+02,18.5547,6.58E+01,4.5421
mixed_53-bebop_003_.wav,2,137.6953,5.94E+01,35.1562,4.10E+01,1.4485
mixed_53-bebop_003_.wav,3,200.08,2.34E+02,0.9766,3.04E+01,7.6971
mixed_53-bebop_003_.wav,4,267.4758,2.51E+01,35.1562,1.65E+01,1.5234
mixed_53-bebop_003_.wav,5,339.8438,2.11E+01,26.3672,1.80E+01,1.1769
mixed_53-bebop_003_.wav,6,403.3787,4.34E+01,31.25,2.33E+01,1.8595
mixed_53-bebop_003_.wav,7,471.7805,1.89E+01,39.0625,1.62E+01,1.167
mixed_53-bebop_003_.wav,8,536.6786,1.35E+01,33.2031,1.48E+01,0.9094
mixed_53-bebop_003_.wav,9,604.2043,5.05E+01,34.1797,1.60E+01,3.1488
mixed_53-bebop_003_.wav,10,672.701,3.62E+01,22.4609,1.74E+01,2.0727
mixed_53-bebop_004_.wav,1,99.7952,1.82E+02,13.2743,5.46E+01,3.3436
mixed_53-bebop_004_.wav,2,200.1087,1.71E+02,11.0619,2.76E+01,6.1981
mixed_53-bebop_004_.wav,3,300.4528,3.60E+01,36.5044,1.80E+01,1.997
mixed_53-bebop_004_.wav,4,396.8612,7.56E+01,26.5487,1.98E+01,3.8099
mixed_53-bebop_004_.wav,5,499.9192,3.36E+01,32.0796,1.08E+01,3.1158
mixed_53-bebop_004_.wav,6,598.2051,4.83E+01,24.3363,1.26E+01,3.8445
mixed_53-bebop_004_.wav,7,700.2212,2.06E+01,6.6372,1.63E+01,1.2608
mixed_53-bebop_004_.wav,8,797.5275,7.93E+00,19.9115,6.34E+00,1.2518
mixed_53-bebop_004_.wav,9,892.6991,1.55E+01,39.823,1.14E+01,1.3598
mixed_53-bebop_004_.wav,10,995.4727,9.45E+00,35.3982,6.45E+00,1.465
mixed_54-bebop_000_.wav,1,68.0788,6.24E+02,2.9297,7.02E+01,8.8841
mixed_54-bebop_000_.wav,2,134.7421,4.22E+01,0.9766,3.04E+01,1.3873
mixed_54-bebop_000_.wav,3,206.154,9.57E+01,23.4375,2.45E+01,3.9126
mixed_54-bebop_000_.wav,4,271.1627,3.17E+01,37.1094,2.09E+01,1.5154
mixed_54-bebop_000_.wav,5,341.5352,1.64E+01,31.25,1.48E+01,1.1102
mixed_54-bebop_000_.wav,6,413.0859,4.31E+01,31.25,2.21E+01,1.9464
mixed_54-bebop_000_.wav,7,476.4846,3.13E+01,36.1328,2.16E+01,1.4473
mixed_54-bebop_000_.wav,8,549.1362,3.23E+01,36.1328,2.32E+01,1.3917
mixed_54-bebop_000_.wav,9,613.1171,1.87E+01,33.2031,2.13E+01,0.8799
mixed_54-bebop_000_.wav,10,686.5234,2.31E+01,37.1094,2.33E+01,0.9917
mixed_54-bebop_001_.wav,1,60.2476,3.49E+02,12.6953,7.34E+01,4.7517
mixed_54-bebop_001_.wav,2,120.8228,1.14E+02,37.1094,5.55E+01,2.0606
mixed_54-bebop_001_.wav,3,182.7988,7.29E+01,8.7891,4.08E+01,1.7886
mixed_54-bebop_001_.wav,4,239.2578,6.47E+01,21.4844,2.95E+01,2.1901
mixed_54-bebop_001_.wav,5,299.8047,8.89E+01,0.9766,2.02E+01,4.3931
mixed_54-bebop_001_.wav,6,360.3516,2.05E+01,35.1562,1.82E+01,1.1256
mixed_54-bebop_001_.wav,7,426.263,4.46E+01,34.1797,1.86E+01,2.4038
mixed_54-bebop_001_.wav,8,482.7526,4.05E+01,3.9062,2.11E+01,1.921
mixed_54-bebop_001_.wav,9,545.0247,1.78E+01,27.3438,1.80E+01,0.9915
mixed_54-bebop_001_.wav,10,604.0318,4.55E+01,39.0625,1.63E+01,2.7899
mixed_54-bebop_002_.wav,1,79.2014,2.93E+02,36.1328,7.58E+01,3.865
mixed_54-bebop_002_.wav,2,156.6439,1.42E+02,3.9062,3.96E+01,3.597
mixed_54-bebop_002_.wav,3,240.2344,6.17E+01,32.2266,2.27E+01,2.7242
mixed_54-bebop_002_.wav,4,313.4766,6.81E+01,6.8359,1.54E+01,4.4372
mixed_54-bebop_002_.wav,5,394.3822,4.95E+01,33.2031,1.97E+01,2.5057
mixed_54-bebop_002_.wav,6,476.1223,2.68E+01,36.1328,1.57E+01,1.7051
mixed_54-bebop_002_.wav,7,554.751,4.44E+01,14.6484,1.70E+01,2.6183
mixed_54-bebop_002_.wav,8,629.8828,3.33E+01,16.6016,1.85E+01,1.8004
mixed_54-bebop_002_.wav,9,710.8173,3.36E+01,9.7656,1.88E+01,1.7817
mixed_54-bebop_002_.wav,10,793.9453,1.34E+01,21.4844,1.33E+01,1.0099
mixed_54-bebop_003_.wav,1,51.5758,3.44E+02,24.4141,5.61E+01,6.136
mixed_54-bebop_003_.wav,2,100.5859,2.05E+02,38.0859,6.92E+01,2.9632
mixed_54-bebop_003_.wav,3,155.8343,2.06E+02,24.4141,5.36E+01,3.8448
mixed_54-bebop_003_.wav,4,208.8231,3.86E+01,37.1094,3.47E+01,1.1127
mixed_54-bebop_003_.wav,5,259.599,4.67E+01,35.1562,2.51E+01,1.8631
mixed_54-bebop_003_.wav,6,310.9504,6.62E+01,12.6953,1.87E+01,3.5397
mixed_54-bebop_003_.wav,7,363.3858,2.42E+01,39.0625,1.64E+01,1.4768
mixed_54-bebop_003_.wav,8,412.1408,3.56E+01,29.2969,1.77E+01,2.0136
mixed_54-bebop_003_.wav,9,468.75,2.99E+01,35.1562,2.03E+01,1.471
mixed_54-bebop_003_.wav,10,514.6484,1.17E+02,23.4375,1.99E+01,5.9016
mixed_54-bebop_004_.wav,1,99.8145,3.11E+02,21.0177,4.61E+01,6.7494
mixed_54-bebop_004_.wav,2,200.3118,5.38E+01,21.0177,3.03E+01,1.7788
mixed_54-bebop_004_.wav,3,300.1188,7.92E+01,11.0619,1.36E+01,5.8238
mixed_54-bebop_004_.wav,4,397.8218,3.07E+01,26.5487,1.14E+01,2.6881
mixed_54-bebop_004_.wav,5,501.1062,1.33E+02,27.6549,1.86E+01,7.1375
mixed_54-bebop_004_.wav,6,599.6309,1.96E+01,24.3363,1.48E+01,1.32
mixed_54-bebop_004_.wav,7,694.6189,1.24E+02,15.4867,1.81E+01,6.8513
mixed_54-bebop_004_.wav,8,799.7788,9.89E+00,25.4425,9.91E+00,0.9984
mixed_54-bebop_004_.wav,9,895.8823,2.38E+01,2.2124,8.76E+00,2.7171
mixed_54-bebop_004_.wav,10,992.2566,1.72E+01,18.8053,1.33E+01,1.288
mixed_55-bebop_000_.wav,1,55.6029,1.64E+02,27.3438,3.86E+01,4.2469
mixed_55-bebop_000_.wav,2,110.4032,6.47E+01,22.4609,3.21E+01,2.0172
mixed_55-bebop_000_.wav,3,169.9219,3.55E+01,38.0859,2.25E+01,1.579
mixed_55-bebop_000_.wav,4,225.0338,2.53E+01,34.1797,1.18E+01,2.1526
mixed_55-bebop_000_.wav,5,279.3623,1.08E+01,35.1562,9.62E+00,1.1251
mixed_55-bebop_000_.wav,6,332.084,1.43E+01,31.25,8.40E+00,1.6981
mixed_55-bebop_000_.wav,7,388.8848,8.87E+00,34.1797,5.56E+00,1.5948
mixed_55-bebop_000_.wav,8,443.0928,1.02E+01,29.2969,7.11E+00,1.4405
mixed_55-bebop_000_.wav,9,503.9062,3.14E+01,29.2969,1.34E+01,2.3528
mixed_55-bebop_000_.wav,10,558.7748,4.87E+00,1.9531,5.96E+00,0.8157
mixed_55-bebop_001_.wav,1,99.9557,4.43E+01,9.7656,1.10E+01,4.0378
mixed_55-bebop_001_.wav,2,200.055,2.27E+01,19.5312,7.68E+00,2.9605
mixed_55-bebop_001_.wav,3,300.9132,1.81E+01,30.2734,8.08E+00,2.2447
mixed_55-bebop_001_.wav,4,401.3672,1.47E+01,11.7188,6.96E+00,2.1074
mixed_55-bebop_001_.wav,5,499.9701,1.26E+01,37.1094,5.39E+00,2.3331
mixed_55-bebop_001_.wav,6,600.5859,6.05E+00,6.8359,4.24E+00,1.425
mixed_55-bebop_001_.wav,7,695.508,2.23E+01,19.5312,1.05E+01,2.1302
mixed_55-bebop_001_.wav,8,795.6335,2.90E+01,25.3906,9.62E+00,3.0128
mixed_55-bebop_001_.wav,9,895.5721,3.36E+01,36.1328,1.01E+01,3.3231
mixed_55-bebop_001_.wav,10,999.0234,3.48E+01,23.4375,1.12E+01,3.1044
mixed_55-bebop_002_.wav,1,48.8208,1.43E+02,26.3672,3.99E+01,3.5796
mixed_55-bebop_002_.wav,2,99.7383,1.15E+02,13.6719,3.92E+01,2.9401
mixed_55-bebop_002_.wav,3,145.2733,2.25E+01,37.1094,2.11E+01,1.0669
mixed_55-bebop_002_.wav,4,197.6112,1.57E+01,34.1797,1.27E+01,1.2372
mixed_55-bebop_002_.wav,5,247.0703,1.27E+01,37.1094,9.12E+00,1.3901
mixed_55-bebop_002_.wav,6,293.1508,1.06E+01,37.1094,7.25E+00,1.4546
mixed_55-bebop_002_.wav,7,341.9737,1.29E+01,37.1094,5.90E+00,2.178
mixed_55-bebop_002_.wav,8,389.7613,2.76E+01,36.1328,9.89E+00,2.7873
mixed_55-bebop_002_.wav,9,436.5234,2.01E+01,16.6016,9.98E+00,2.0175
mixed_55-bebop_002_.wav,10,491.2109,6.18E+00,39.0625,5.23E+00,1.183
mixed_55-bebop_003_.wav,1,48.781,1.68E+02,1.9531,2.16E+01,7.779
mixed_55-bebop_003_.wav,2,100.5859,6.75E+01,18.5547,2.05E+01,3.2901
mixed_55-bebop_003_.wav,3,143.5547,1.26E+01,0.9766,1.18E+01,1.0658
mixed_55-bebop_003_.wav,4,194.4897,1.91E+01,35.1562,7.58E+00,2.5186
mixed_55-bebop_003_.wav,5,247.0703,8.04E+00,39.0625,6.59E+00,1.2208
mixed_55-bebop_003_.wav,6,292.0017,7.90E+00,39.0625,4.45E+00,1.7769
mixed_55-bebop_003_.wav,7,342.7666,4.80E+00,28.3203,3.94E+00,1.2182
mixed_55-bebop_003_.wav,8,389.2619,2.63E+01,30.2734,9.35E+00,2.8097
mixed_55-bebop_003_.wav,9,436.5234,9.31E+00,8.7891,5.51E+00,1.6909
mixed_55-bebop_003_.wav,10,485.3516,4.63E+00,32.2266,3.35E+00,1.3799
mixed_55-bebop_004_.wav,1,44.0917,1.99E+02,17.6991,4.86E+01,4.0816
mixed_55-bebop_004_.wav,2,87.3618,1.38E+02,37.6106,6.58E+01,2.0995
mixed_55-bebop_004_.wav,3,132.4388,5.41E+01,38.7168,4.55E+01,1.1904
mixed_55-bebop_004_.wav,4,180.3097,4.74E+01,39.823,2.54E+01,1.8668
mixed_55-bebop_004_.wav,5,219.2202,2.48E+01,32.0796,1.77E+01,1.3998
mixed_55-bebop_004_.wav,6,266.2209,2.11E+01,15.4867,1.24E+01,1.7071
mixed_55-bebop_004_.wav,7,306.4159,1.18E+01,39.823,1.09E+01,1.0778
mixed_55-bebop_004_.wav,8,350.6637,1.21E+01,38.7168,9.46E+00,1.2745
mixed_55-bebop_004_.wav,9,397.3366,9.84E+01,3.3186,8.36E+00,11.7712
mixed_55-bebop_004_.wav,10,442.4423,1.44E+01,21.0177,5.77E+00,2.4877
mixed_56-bebop_000_.wav,1,99.7883,2.07E+02,26.3672,5.74E+01,3.6117
mixed_56-bebop_000_.wav,2,200.136,1.64E+02,0.9766,2.64E+01,6.1902
mixed_56-bebop_000_.wav,3,299.7048,4.76E+01,29.2969,1.52E+01,3.1382
mixed_56-bebop_000_.wav,4,395.5078,7.48E+01,18.5547,1.40E+01,5.3503
mixed_56-bebop_000_.wav,5,500.0907,8.60E+01,0.9766,8.33E+00,10.3195
mixed_56-bebop_000_.wav,6,599.6982,1.32E+01,26.3672,5.44E+00,2.429
mixed_56-bebop_000_.wav,7,696.9128,1.07E+01,39.0625,5.98E+00,1.7839
mixed_56-bebop_000_.wav,8,797.5528,2.17E+01,25.3906,8.60E+00,2.5208
mixed_56-bebop_000_.wav,9,899.4141,7.70E+00,35.1562,6.08E+00,1.2676
mixed_56-bebop_000_.wav,10,997.2999,4.63E+00,31.25,4.63E+00,1
mixed_56-bebop_001_.wav,1,49.1353,2.88E+02,14.6484,3.95E+01,7.2776
mixed_56-bebop_001_.wav,2,100.5859,7.07E+01,25.3906,4.16E+01,1.7004
mixed_56-bebop_001_.wav,3,145.5155,6.45E+01,35.1562,2.82E+01,2.2834
mixed_56-bebop_001_.wav,4,198.2422,4.30E+01,13.6719,2.80E+01,1.539
mixed_56-bebop_001_.wav,5,241.2109,3.12E+01,37.1094,1.90E+01,1.6408
mixed_56-bebop_001_.wav,6,295.8984,2.98E+01,28.3203,1.08E+01,2.7458
mixed_56-bebop_001_.wav,7,338.8672,8.02E+00,37.1094,8.69E+00,0.9219
mixed_56-bebop_001_.wav,8,387.6953,6.84E+01,13.6719,1.25E+01,5.4814
mixed_56-bebop_001_.wav,9,436.5234,1.96E+01,33.2031,1.21E+01,1.6257
mixed_56-bebop_001_.wav,10,485.3516,1.15E+01,0.9766,7.62E+00,1.5039
mixed_56-bebop_002_.wav,1,59.7075,2.00E+02,34.1797,4.90E+01,4.0788
mixed_56-bebop_002_.wav,2,117.2058,6.26E+01,32.2266,3.76E+01,1.6638
mixed_56-bebop_002_.wav,3,180.6859,3.63E+01,0.9766,2.62E+01,1.3851
mixed_56-bebop_002_.wav,4,238.2507,8.99E+01,23.4375,2.15E+01,4.1811
mixed_56-bebop_002_.wav,5,300.1089,3.80E+01,25.3906,1.29E+01,2.9412
mixed_56-bebop_002_.wav,6,357.0635,2.41E+01,36.1328,1.17E+01,2.0534
mixed_56-bebop_002_.wav,7,415.1227,5.23E+01,19.5312,1.70E+01,3.0788
mixed_56-bebop_002_.wav,8,475.672,4.72E+01,39.0625,1.74E+01,2.7159
mixed_56-bebop_002_.wav,9,535.5498,1.29E+01,31.25,1.35E+01,0.9552
mixed_56-bebop_002_.wav,10,598.6328,2.45E+01,23.4375,1.09E+01,2.2445
mixed_56-bebop_003_.wav,1,47.2155,1.75E+02,22.4609,4.04E+01,4.3293
mixed_56-bebop_003_.wav,2,90.8203,1.01E+02,31.25,4.97E+01,2.0353
mixed_56-bebop_003_.wav,3,139.9332,5.02E+01,32.2266,3.12E+01,1.6099
mixed_56-bebop_003_.wav,4,188.5528,6.65E+01,0.9766,3.64E+01,1.8266
mixed_56-bebop_003_.wav,5,232.8958,1.06E+02,31.25,3.35E+01,3.1601
mixed_56-bebop_003_.wav,6,279.0519,1.85E+01,33.2031,2.13E+01,0.8683
mixed_56-bebop_003_.wav,7,331.0547,1.26E+01,36.1328,1.48E+01,0.8508
mixed_56-bebop_003_.wav,8,372.7121,4.47E+01,23.4375,1.60E+01,2.7953
mixed_56-bebop_003_.wav,9,423.9954,3.32E+01,34.1797,1.86E+01,1.7787
mixed_56-bebop_003_.wav,10,471.6797,2.18E+01,39.0625,1.88E+01,1.1616
mixed_56-bebop_004_.wav,1,199.9416,1.49E+02,18.8053,3.87E+01,3.8431
mixed_56-bebop_004_.wav,2,399.5816,2.69E+01,29.8673,1.86E+01,1.4496
mixed_56-bebop_004_.wav,3,595.9512,2.55E+01,28.7611,1.19E+01,2.1373
mixed_56-bebop_004_.wav,4,798.6061,2.02E+01,37.6106,1.15E+01,1.7584
mixed_56-bebop_004_.wav,5,993.5693,1.69E+01,34.292,8.35E+00,2.0176
mixed_56-bebop_004_.wav,6,1192.5486,1.59E+01,28.7611,4.88E+00,3.2547
mixed_56-bebop_004_.wav,7,1395.7823,1.99E+01,25.4425,9.99E+00,1.9891
mixed_56-bebop_004_.wav,8,1594.0208,1.48E+01,24.3363,4.97E+00,2.9807
mixed_56-bebop_004_.wav,9,1794.0596,9.65E+00,30.9735,6.04E+00,1.5962
mixed_56-bebop_004_.wav,10,1988.4229,8.15E+00,30.9735,3.88E+00,2.1005
mixed_57-bebop_000_.wav,1,99.9727,1.60E+02,0.9766,1.69E+01,9.4632
mixed_57-bebop_000_.wav,2,200.0983,5.15E+01,0.9766,7.52E+00,6.8432
mixed_57-bebop_000_.wav,3,299.8586,2.04E+01,13.6719,5.48E+00,3.7139
mixed_57-bebop_000_.wav,4,396.3768,3.63E+01,2.9297,1.30E+01,2.7874
mixed_57-bebop_000_.wav,5,500.0148,9.81E+00,29.2969,3.08E+00,3.1868
mixed_57-bebop_000_.wav,6,599.8604,5.30E+01,0.9766,6.33E+00,8.3724
mixed_57-bebop_000_.wav,7,694.3359,8.02E+00,13.6719,6.74E+00,1.1887
mixed_57-bebop_000_.wav,8,793.9453,1.06E+01,27.3438,6.41E+00,1.6587
mixed_57-bebop_000_.wav,9,895.6777,5.54E+00,39.0625,4.44E+00,1.2469
mixed_57-bebop_000_.wav,10,996.642,7.13E+00,23.4375,3.14E+00,2.2728
mixed_57-bebop_001_.wav,1,99.792,1.61E+02,0.9766,2.47E+01,6.5143
mixed_57-bebop_001_.wav,2,200.1066,5.21E+01,0.9766,7.08E+00,7.3574
mixed_57-bebop_001_.wav,3,297.3173,1.04E+01,39.0625,5.97E+00,1.74
mixed_57-bebop_001_.wav,4,401.3672,3.07E+01,31.25,1.10E+01,2.7883
mixed_57-bebop_001_.wav,5,497.5048,9.05E+00,24.4141,3.26E+00,2.7764
mixed_57-bebop_001_.wav,6,599.9013,4.77E+01,0.9766,4.04E+00,11.7913
mixed_57-bebop_001_.wav,7,694.3359,9.35E+00,11.7188,7.26E+00,1.2876
mixed_57-bebop_001_.wav,8,795.6944,1.14E+01,3.9062,5.49E+00,2.0739
mixed_57-bebop_001_.wav,9,898.4205,5.95E+00,38.0859,3.32E+00,1.7897
mixed_57-bebop_001_.wav,10,995.1674,4.33E+00,32.2266,2.42E+00,1.7869
mixed_57-bebop_002_.wav,1,46.2523,1.45E+02,21.4844,2.05E+01,7.065
mixed_57-bebop_002_.wav,2,91.6339,4.66E+01,28.3203,2.57E+01,1.8106
mixed_57-bebop_002_.wav,3,136.6628,2.85E+01,33.2031,1.57E+01,1.8144
mixed_57-bebop_002_.wav,4,181.7309,1.40E+01,36.1328,1.12E+01,1.2493
mixed_57-bebop_002_.wav,5,226.5625,1.40E+01,36.1328,7.66E+00,1.8245
mixed_57-bebop_002_.wav,6,273.294,9.28E+00,32.2266,5.40E+00,1.7192
mixed_57-bebop_002_.wav,7,324.2188,1.40E+01,9.7656,7.71E+00,1.8162
mixed_57-bebop_002_.wav,8,366.2156,1.53E+01,27.3438,1.25E+01,1.2312
mixed_57-bebop_002_.wav,9,410.1562,4.26E+01,19.5312,1.12E+01,3.8022
mixed_57-bebop_002_.wav,10,457.0335,5.85E+00,7.8125,5.13E+00,1.1411
mixed_57-bebop_003_.wav,1,100.0856,1.61E+02,0.9766,3.02E+01,5.3185
mixed_57-bebop_003_.wav,2,200.0794,4.65E+01,0.9766,8.35E+00,5.5757
mixed_57-bebop_003_.wav,3,297.3927,9.56E+00,37.1094,4.73E+00,2.0198
mixed_57-bebop_003_.wav,4,398.3099,7.82E+01,13.6719,1.22E+01,6.3897
mixed_57-bebop_003_.wav,5,500.0469,8.90E+00,19.5312,4.29E+00,2.0752
mixed_57-bebop_003_.wav,6,599.8885,5.10E+01,0.9766,3.99E+00,12.7622
mixed_57-bebop_003_.wav,7,694.3359,1.07E+01,14.6484,6.76E+00,1.5904
mixed_57-bebop_003_.wav,8,793.9453,2.72E+01,24.4141,7.82E+00,3.4752
mixed_57-bebop_003_.wav,9,899.4141,4.82E+00,39.0625,3.69E+00,1.3079
mixed_57-bebop_003_.wav,10,997.21,3.44E+00,36.1328,2.73E+00,1.263
mixed_57-bebop_004_.wav,1,72.2259,2.62E+02,14.3805,7.45E+01,3.5216
mixed_57-bebop_004_.wav,2,146.0177,5.21E+01,39.823,2.96E+01,1.7594
mixed_57-bebop_004_.wav,3,213.7535,2.23E+01,24.3363,1.52E+01,1.4744
mixed_57-bebop_004_.wav,4,287.6408,1.15E+01,32.0796,1.17E+01,0.9898
mixed_57-bebop_004_.wav,5,360.9972,1.87E+01,19.9115,1.35E+01,1.3882
mixed_57-bebop_004_.wav,6,434.7345,2.42E+01,32.0796,8.64E+00,2.8012
mixed_57-bebop_004_.wav,7,500,1.12E+01,25.4425,3.80E+00,2.9429
mixed_57-bebop_004_.wav,8,572.5494,8.37E+00,33.1858,5.16E+00,1.6231
mixed_57-bebop_004_.wav,9,644.77,8.29E+00,38.7168,6.75E+00,1.2283
mixed_57-bebop_004_.wav,10,721.2389,9.35E+00,4.4248,9.10E+00,1.0277
mixed_58-bebop_000_.wav,1,48.8147,1.35E+02,5.8594,1.81E+01,7.4629
mixed_58-bebop_000_.wav,2,97.2196,5.63E+01,29.2969,3.08E+01,1.8308
mixed_58-bebop_000_.wav,3,144.4003,1.53E+01,24.4141,1.30E+01,1.1779
mixed_58-bebop_000_.wav,4,195.6596,1.81E+01,0.9766,9.99E+00,1.8106
mixed_58-bebop_000_.wav,5,244.0101,1.39E+01,27.3438,6.88E+00,2.02
mixed_58-bebop_000_.wav,6,294.7939,8.09E+00,0.9766,3.63E+00,2.23
mixed_58-bebop_000_.wav,7,344.7266,2.22E+00,5.8594,3.28E+00,0.676
mixed_58-bebop_000_.wav,8,390.7085,2.19E+01,33.2031,1.29E+01,1.6904
mixed_58-bebop_000_.wav,9,437.6972,1.62E+01,12.6953,7.96E+00,2.0293
mixed_58-bebop_000_.wav,10,490.6415,7.49E+00,3.9062,2.91E+00,2.5784
mixed_58-bebop_001_.wav,1,72.6618,2.08E+02,22.4609,4.68E+01,4.4576
mixed_58-bebop_001_.wav,2,142.9053,3.22E+01,15.625,2.45E+01,1.3123
mixed_58-bebop_001_.wav,3,218.659,1.46E+01,1.9531,1.09E+01,1.3371
mixed_58-bebop_001_.wav,4,286.1328,5.18E+00,0.9766,5.04E+00,1.027
mixed_58-bebop_001_.wav,5,364.2578,1.14E+01,12.6953,5.59E+00,2.0466
mixed_58-bebop_001_.wav,6,433.9128,4.62E+00,4.8828,6.15E+00,0.7509
mixed_58-bebop_001_.wav,7,505.0983,5.84E+00,3.9062,3.36E+00,1.7367
mixed_58-bebop_001_.wav,8,575.1953,1.33E+00,38.0859,1.53E+00,0.87
mixed_58-bebop_001_.wav,9,647.4609,3.06E+00,38.0859,1.45E+00,2.1143
mixed_58-bebop_001_.wav,10,725.5859,1.57E+01,19.5312,3.72E+00,4.2272
mixed_58-bebop_002_.wav,1,48.7779,1.05E+02,1.9531,8.81E+00,11.931
mixed_58-bebop_002_.wav,2,99.5561,2.42E+01,26.3672,1.12E+01,2.1575
mixed_58-bebop_002_.wav,3,145.0749,9.04E+00,22.4609,5.66E+00,1.5973
mixed_58-bebop_002_.wav,4,198.2422,1.44E+01,0.9766,4.47E+00,3.222
mixed_58-bebop_002_.wav,5,241.9983,1.38E+01,11.7188,4.14E+00,3.3386
mixed_58-bebop_002_.wav,6,294.3527,3.88E+00,0.9766,1.93E+00,2.0087
mixed_58-bebop_002_.wav,7,342.6946,2.33E+00,35.1562,1.71E+00,1.3641
mixed_58-bebop_002_.wav,8,387.6953,4.54E+01,15.625,6.47E+00,7.0124
mixed_58-bebop_002_.wav,9,436.5234,9.54E+00,4.8828,5.99E+00,1.592
mixed_58-bebop_002_.wav,10,487.2538,3.01E+00,3.9062,2.40E+00,1.2502
mixed_58-bebop_003_.wav,1,200.1981,1.07E+02,1.9531,2.45E+00,43.5402
mixed_58-bebop_003_.wav,2,400.1069,6.93E+01,16.6016,6.54E+00,10.584
mixed_58-bebop_003_.wav,3,600.0513,7.23E+00,0.9766,1.45E+00,5.0019
mixed_58-bebop_003_.wav,4,799.8047,1.78E+01,39.0625,4.95E+00,3.5911
mixed_58-bebop_003_.wav,5,995.4839,2.28E+00,38.0859,1.83E+00,1.2418
mixed_58-bebop_003_.wav,6,1192.3828,1.88E+01,30.2734,6.11E+00,3.0822
mixed_58-bebop_003_.wav,7,1392.7054,3.21E+00,0.9766,1.99E+00,1.6136
mixed_58-bebop_003_.wav,8,1596.6797,1.65E+01,32.2266,7.00E+00,2.3524
mixed_58-bebop_003_.wav,9,1790.0391,4.84E+00,39.0625,2.20E+00,2.1973
mixed_58-bebop_003_.wav,10,1992.1872,1.46E+01,25.3906,4.09E+00,3.5734
mixed_58-bebop_004_.wav,1,200.0299,8.70E+01,1.1062,2.42E+00,35.9329
mixed_58-bebop_004_.wav,2,396.9965,2.46E+01,38.7168,1.17E+01,2.1005
mixed_58-bebop_004_.wav,3,599.8175,8.20E+00,1.1062,1.84E+00,4.4616
mixed_58-bebop_004_.wav,4,793.1416,1.04E+01,33.1858,5.82E+00,1.7848
mixed_58-bebop_004_.wav,5,992.2566,2.43E+00,17.6991,1.91E+00,1.2757
mixed_58-bebop_004_.wav,6,1192.022,9.54E+00,25.4425,6.90E+00,1.3822
mixed_58-bebop_004_.wav,7,1393.6062,5.64E+00,33.1858,3.99E+00,1.4155
mixed_58-bebop_004_.wav,8,1596.2389,7.61E+00,38.7168,5.61E+00,1.3555
mixed_58-bebop_004_.wav,9,1794.6306,3.89E+00,37.6106,2.87E+00,1.3514
mixed_58-bebop_004_.wav,10,1992.3666,6.19E+00,36.5044,3.45E+00,1.7951
mixed_59-bebop_000_.wav,1,93.0236,1.06E+02,8.7891,6.98E+00,15.2574
mixed_59-bebop_000_.wav,2,186.5917,2.32E+01,6.8359,1.12E+01,2.067
mixed_59-bebop_000_.wav,3,275.3906,2.23E+01,28.3203,1.26E+01,1.7661
mixed_59-bebop_000_.wav,4,372.9173,7.08E+00,28.3203,1.16E+01,0.6114
mixed_59-bebop_000_.wav,5,462.3015,8.49E+00,0.9766,6.62E+00,1.2819
mixed_59-bebop_000_.wav,6,558.754,1.27E+01,16.6016,4.14E+00,3.0751
mixed_59-bebop_000_.wav,7,649.8218,1.57E+00,32.2266,2.41E+00,0.6516
mixed_59-bebop_000_.wav,8,744.2328,1.39E+01,19.5312,4.50E+00,3.0855
mixed_59-bebop_000_.wav,9,834.1458,1.32E+01,33.2031,5.89E+00,2.2415
mixed_59-bebop_000_.wav,10,927.8299,6.48E+00,36.1328,3.39E+00,1.9116
mixed_59-bebop_001_.wav,1,92.9834,1.07E+02,25.3906,8.08E+00,13.1856
mixed_59-bebop_001_.wav,2,186.4843,3.35E+01,31.25,1.24E+01,2.7066
mixed_59-bebop_001_.wav,3,279.1424,2.80E+01,37.1094,1.24E+01,2.2659
mixed_59-bebop_001_.wav,4,371.1988,1.24E+01,26.3672,1.03E+01,1.1954
mixed_59-bebop_001_.wav,5,464.0577,1.08E+01,8.7891,6.05E+00,1.7786
mixed_59-bebop_001_.wav,6,558.851,8.74E+00,19.5312,3.38E+00,2.5882
mixed_59-bebop_001_.wav,7,649.63,5.16E+00,30.2734,2.72E+00,1.8941
mixed_59-bebop_001_.wav,8,739.8509,7.57E+00,26.3672,4.37E+00,1.7334
mixed_59-bebop_001_.wav,9,837.8906,1.38E+01,29.2969,5.04E+00,2.7464
mixed_59-bebop_001_.wav,10,925.6747,6.13E+00,30.2734,3.67E+00,1.6714
mixed_59-bebop_002_.wav,1,48.6977,1.24E+02,0.9766,4.55E+00,27.2223
mixed_59-bebop_002_.wav,2,99.7599,2.76E+01,8.7891,6.77E+00,4.0712
mixed_59-bebop_002_.wav,3,143.5547,6.60E+01,34.1797,9.10E+00,7.2456
mixed_59-bebop_002_.wav,4,193.7553,5.19E+01,6.8359,1.46E+01,3.5556
mixed_59-bebop_002_.wav,5,243.1518,2.02E+01,38.0859,1.24E+01,1.6283
mixed_59-bebop_002_.wav,6,295.8984,3.76E+01,4.8828,8.73E+00,4.3071
mixed_59-bebop_002_.wav,7,344.7266,1.06E+01,39.0625,9.32E+00,1.1331
mixed_59-bebop_002_.wav,8,387.6953,2.39E+01,32.2266,1.07E+01,2.2339
mixed_59-bebop_002_.wav,9,442.3828,1.03E+01,7.8125,9.51E+00,1.0833
mixed_59-bebop_002_.wav,10,491.2109,1.34E+01,22.4609,5.87E+00,2.2771
mixed_59-bebop_003_.wav,1,92.9849,1.12E+02,8.7891,1.03E+01,10.8082
mixed_59-bebop_003_.wav,2,188.4766,3.37E+01,31.25,1.33E+01,2.5313
mixed_59-bebop_003_.wav,3,275.3906,2.03E+01,33.2031,1.13E+01,1.7927
mixed_59-bebop_003_.wav,4,372.5531,2.48E+01,25.3906,9.90E+00,2.5003
mixed_59-bebop_003_.wav,5,463.6594,1.42E+01,4.8828,7.98E+00,1.785
mixed_59-bebop_003_.wav,6,553.7109,1.23E+01,24.4141,4.19E+00,2.9399
mixed_59-bebop_003_.wav,7,652.3438,3.02E+00,23.4375,2.09E+00,1.4465
mixed_59-bebop_003_.wav,8,739.2578,7.57E+00,22.4609,4.04E+00,1.8731
mixed_59-bebop_003_.wav,9,832.0312,8.82E+00,23.4375,5.59E+00,1.5798
mixed_59-bebop_003_.wav,10,930.6641,5.21E+00,37.1094,2.69E+00,1.9372
mixed_59-bebop_004_.wav,1,92.9806,9.85E+01,16.5929,6.35E+00,15.5171
mixed_59-bebop_004_.wav,2,182.5221,3.95E+01,17.6991,1.07E+01,3.6874
mixed_59-bebop_004_.wav,3,277.7278,1.27E+01,28.7611,9.17E+00,1.3899
mixed_59-bebop_004_.wav,4,369.602,2.61E+01,18.8053,6.78E+00,3.8487
mixed_59-bebop_004_.wav,5,464.8859,1.44E+01,1.1062,7.65E+00,1.8844
mixed_59-bebop_004_.wav,6,557.9217,1.16E+01,30.9735,3.82E+00,3.0318
mixed_59-bebop_004_.wav,7,647.1239,3.97E+00,34.292,1.99E+00,1.9982
mixed_59-bebop_004_.wav,8,743.6507,8.27E+00,32.0796,3.67E+00,2.2521
mixed_59-bebop_004_.wav,9,836.1756,1.28E+01,25.4425,4.88E+00,2.6258
mixed_59-bebop_004_.wav,10,928.1919,3.02E+00,30.9735,2.50E+00,1.2084
mixed_6-bebop_000_.wav,1,54.136,3.30E+02,22.4609,5.23E+01,6.3197
mixed_6-bebop_000_.wav,2,105.9429,7.12E+01,17.5781,4.52E+01,1.5752
mixed_6-bebop_000_.wav,3,162.4826,5.95E+01,33.2031,2.66E+01,2.2381
mixed_6-bebop_000_.wav,4,211.9141,2.83E+01,39.0625,1.72E+01,1.6404
mixed_6-bebop_000_.wav,5,270.0716,1.26E+01,38.0859,1.14E+01,1.0993
mixed_6-bebop_000_.wav,6,320.8855,1.30E+01,13.6719,5.99E+00,2.1695
mixed_6-bebop_000_.wav,7,374.6368,5.38E+00,34.1797,3.24E+00,1.6605
mixed_6-bebop_000_.wav,8,426.7578,4.73E+00,39.0625,3.85E+00,1.2291
mixed_6-bebop_000_.wav,9,482.3268,2.04E+01,1.9531,4.53E+00,4.4943
mixed_6-bebop_000_.wav,10,540.0391,3.79E+00,33.2031,1.73E+00,2.1883
mixed_6-bebop_001_.wav,1,73.2728,2.42E+02,11.7188,5.58E+01,4.3489
mixed_6-bebop_001_.wav,2,144.6351,4.38E+01,39.0625,3.75E+01,1.1678
mixed_6-bebop_001_.wav,3,219.5952,2.63E+01,31.25,1.60E+01,1.6493
mixed_6-bebop_001_.wav,4,290.7622,1.34E+01,28.3203,9.84E+00,1.3601
mixed_6-bebop_001_.wav,5,363.2812,1.39E+01,27.3438,5.28E+00,2.6282
mixed_6-bebop_001_.wav,6,441.5776,4.59E+00,39.0625,3.92E+00,1.172
mixed_6-bebop_001_.wav,7,512.8245,5.05E+00,19.5312,2.65E+00,1.9073
mixed_6-bebop_001_.wav,8,586.2553,2.87E+00,29.2969,2.18E+00,1.3201
mixed_6-bebop_001_.wav,9,658.7608,3.63E+01,7.8125,2.97E+00,12.2224
mixed_6-bebop_001_.wav,10,732.0509,5.29E+00,37.1094,2.03E+00,2.6033
mixed_6-bebop_002_.wav,1,56.3888,1.69E+02,27.3438,3.50E+01,4.8393
mixed_6-bebop_002_.wav,2,113.894,5.79E+01,39.0625,2.56E+01,2.2579
mixed_6-bebop_002_.wav,3,166.9922,1.04E+02,5.8594,1.17E+01,8.8542
mixed_6-bebop_002_.wav,4,226.537,1.15E+01,38.0859,6.75E+00,1.711
mixed_6-bebop_002_.wav,5,280.2734,1.36E+01,24.4141,4.80E+00,2.8307
mixed_6-bebop_002_.wav,6,340.3077,1.18E+01,9.7656,2.48E+00,4.7632
mixed_6-bebop_002_.wav,7,398.6816,4.94E+00,33.2031,1.62E+00,3.0544
mixed_6-bebop_002_.wav,8,456.0547,5.61E+00,34.1797,2.43E+00,2.3047
mixed_6-bebop_002_.wav,9,508.5445,3.35E+01,11.7188,4.70E+00,7.1366
mixed_6-bebop_002_.wav,10,563.9842,5.03E+00,38.0859,3.36E+00,1.498
mixed_6-bebop_003_.wav,1,62.5205,2.06E+02,26.3672,3.75E+01,5.4849
mixed_6-bebop_003_.wav,2,125.9106,4.46E+01,31.25,2.94E+01,1.5137
mixed_6-bebop_003_.wav,3,190.4297,2.60E+01,26.3672,1.09E+01,2.3911
mixed_6-bebop_003_.wav,4,249.0849,9.49E+00,30.2734,7.60E+00,1.25
mixed_6-bebop_003_.wav,5,313.8082,4.47E+00,24.4141,4.78E+00,0.9356
mixed_6-bebop_003_.wav,6,374.115,5.05E+00,32.2266,2.77E+00,1.8267
mixed_6-bebop_003_.wav,7,439.4515,4.68E+00,34.1797,2.83E+00,1.6535
mixed_6-bebop_003_.wav,8,501.5838,8.14E+00,23.4375,3.75E+00,2.1695
mixed_6-bebop_003_.wav,9,563.7248,3.67E+00,36.1328,2.03E+00,1.8028
mixed_6-bebop_003_.wav,10,626.4803,6.74E+00,20.5078,4.54E+00,1.484
mixed_6-bebop_004_.wav,1,54.1154,1.04E+02,34.292,3.72E+01,2.7923
mixed_6-bebop_004_.wav,2,106.3305,6.26E+01,23.2301,3.22E+01,1.9462
mixed_6-bebop_004_.wav,3,164.1643,1.39E+01,26.5487,1.43E+01,0.9689
mixed_6-bebop_004_.wav,4,219.4002,1.29E+01,35.3982,8.41E+00,1.5367
mixed_6-bebop_004_.wav,5,273.0745,9.20E+00,36.5044,7.25E+00,1.269
mixed_6-bebop_004_.wav,6,327.0959,9.11E+00,19.9115,6.30E+00,1.446
mixed_6-bebop_004_.wav,7,380.6162,4.81E+00,18.8053,3.33E+00,1.4441
mixed_6-bebop_004_.wav,8,436.9469,3.56E+00,14.3805,4.01E+00,0.8869
mixed_6-bebop_004_.wav,9,491.1504,6.27E+00,18.8053,3.22E+00,1.9449
mixed_6-bebop_004_.wav,10,544.1454,1.88E+00,29.8673,1.77E+00,1.064
mixed_60-bebop_000_.wav,1,165.8893,1.68E+02,1.9531,1.97E+01,8.5369
mixed_60-bebop_000_.wav,2,331.6615,8.00E+01,5.8594,2.57E+01,3.1112
mixed_60-bebop_000_.wav,3,497.4522,3.57E+01,36.1328,1.50E+01,2.3868
mixed_60-bebop_000_.wav,4,665.3626,2.21E+02,38.0859,1.03E+02,2.1508
mixed_60-bebop_000_.wav,5,830.8447,1.78E+01,0.9766,1.30E+01,1.3673
mixed_60-bebop_000_.wav,6,996.3486,9.03E+00,37.1094,6.34E+00,1.4243
mixed_60-bebop_000_.wav,7,1161.044,1.89E+01,39.0625,7.77E+00,2.4325
mixed_60-bebop_000_.wav,8,1325.1953,1.37E+01,19.5312,8.77E+00,1.5665
mixed_60-bebop_000_.wav,9,1492.7208,1.03E+01,35.1562,7.31E+00,1.4018
mixed_60-bebop_000_.wav,10,1663.0859,6.17E+00,39.0625,6.15E+00,1.0031
mixed_60-bebop_001_.wav,1,168.0149,5.66E+01,12.6953,1.42E+01,3.9824
mixed_60-bebop_001_.wav,2,334.2174,2.62E+01,38.0859,1.83E+01,1.4362
mixed_60-bebop_001_.wav,3,506.8359,1.52E+01,34.1797,1.15E+01,1.3224
mixed_60-bebop_001_.wav,4,670.1488,7.01E+01,29.2969,2.56E+01,2.7366
mixed_60-bebop_001_.wav,5,842.7734,3.25E+02,16.6016,4.38E+01,7.4109
mixed_60-bebop_001_.wav,6,1005.8965,8.27E+00,39.0625,5.30E+00,1.5585
mixed_60-bebop_001_.wav,7,1174.9671,1.15E+01,31.25,5.29E+00,2.1721
mixed_60-bebop_001_.wav,8,1341.3838,1.34E+01,36.1328,6.72E+00,1.9886
mixed_60-bebop_001_.wav,9,1509.493,1.75E+01,22.4609,5.35E+00,3.2648
mixed_60-bebop_001_.wav,10,1678.836,4.79E+01,38.0859,1.75E+01,2.7308
mixed_60-bebop_002_.wav,1,48.706,1.46E+02,0.9766,1.02E+01,14.2531
mixed_60-bebop_002_.wav,2,94.7266,5.56E+01,20.5078,2.39E+01,2.3262
mixed_60-bebop_002_.wav,3,146.4741,5.41E+01,38.0859,1.83E+01,2.951
mixed_60-bebop_002_.wav,4,196.5052,8.05E+01,11.7188,2.22E+01,3.621
mixed_60-bebop_002_.wav,5,241.7075,3.37E+01,35.1562,2.08E+01,1.6202
mixed_60-bebop_002_.wav,6,293.3531,4.03E+01,27.3438,2.30E+01,1.7476
mixed_60-bebop_002_.wav,7,340.5586,3.73E+01,37.1094,2.46E+01,1.5152
mixed_60-bebop_002_.wav,8,388.699,5.40E+01,35.1562,2.45E+01,2.2092
mixed_60-bebop_002_.wav,9,438.3981,4.62E+01,0.9766,1.86E+01,2.4855
mixed_60-bebop_002_.wav,10,486.229,2.43E+01,37.1094,1.42E+01,1.7133
mixed_60-bebop_003_.wav,1,128.8574,1.12E+02,2.9297,1.63E+01,6.8259
mixed_60-bebop_003_.wav,2,257.9279,4.06E+01,38.0859,1.88E+01,2.1594
mixed_60-bebop_003_.wav,3,385.4472,2.57E+01,31.25,1.86E+01,1.3791
mixed_60-bebop_003_.wav,4,517.5109,2.33E+01,35.1562,1.14E+01,2.0364
mixed_60-bebop_003_.wav,5,646.423,2.24E+01,27.3438,1.44E+01,1.5535
mixed_60-bebop_003_.wav,6,775.1481,1.56E+01,38.0859,1.02E+01,1.5269
mixed_60-bebop_003_.wav,7,903.0535,1.32E+01,22.4609,8.04E+00,1.6413
mixed_60-bebop_003_.wav,8,1033.2917,6.20E+00,28.3203,6.85E+00,0.9041
mixed_60-bebop_003_.wav,9,1158.5719,9.06E+00,36.1328,4.03E+00,2.2474
mixed_60-bebop_003_.wav,10,1291.9922,8.46E+00,0.9766,6.13E+00,1.3798
mixed_60-bebop_004_.wav,1,97.0077,5.12E+01,36.5044,1.69E+01,3.0332
mixed_60-bebop_004_.wav,2,198.0088,1.38E+01,23.2301,1.25E+01,1.1065
mixed_60-bebop_004_.wav,3,288.7168,2.33E+01,39.823,1.52E+01,1.5267
mixed_60-bebop_004_.wav,4,390.8335,3.84E+01,0,2.01E+01,1.913
mixed_60-bebop_004_.wav,5,487.9872,1.71E+01,17.6991,9.77E+00,1.7503
mixed_60-bebop_004_.wav,6,581.8584,1.32E+01,2.2124,1.10E+01,1.1987
mixed_60-bebop_004_.wav,7,681.1073,2.10E+01,35.3982,1.18E+01,1.7876
mixed_60-bebop_004_.wav,8,776.5487,1.30E+01,37.6106,9.04E+00,1.4396
mixed_60-bebop_004_.wav,9,878.8023,1.47E+01,38.7168,1.24E+01,1.1849
mixed_60-bebop_004_.wav,10,974.6945,1.12E+01,37.6106,7.06E+00,1.5937
mixed_61-bebop_000_.wav,1,56.7741,2.10E+02,29.2969,6.18E+01,3.3911
mixed_61-bebop_000_.wav,2,110.3516,1.18E+02,37.1094,9.13E+01,1.289
mixed_61-bebop_000_.wav,3,170.6655,1.49E+02,35.1562,7.64E+01,1.9567
mixed_61-bebop_000_.wav,4,227.3167,8.35E+01,25.3906,3.97E+01,2.1034
mixed_61-bebop_000_.wav,5,282.9801,3.71E+01,37.1094,2.35E+01,1.5783
mixed_61-bebop_000_.wav,6,342.7734,3.43E+01,39.0625,1.88E+01,1.8234
mixed_61-bebop_000_.wav,7,395.252,3.78E+01,18.5547,1.85E+01,2.048
mixed_61-bebop_000_.wav,8,454.6313,2.93E+01,39.0625,1.52E+01,1.9322
mixed_61-bebop_000_.wav,9,506.8359,1.13E+01,21.4844,9.83E+00,1.1469
mixed_61-bebop_000_.wav,10,567.0692,2.08E+01,36.1328,1.32E+01,1.5838
mixed_61-bebop_001_.wav,1,87.0304,1.77E+02,17.5781,5.58E+01,3.1736
mixed_61-bebop_001_.wav,2,173.8633,3.43E+01,36.1328,3.39E+01,1.0105
mixed_61-bebop_001_.wav,3,260.9472,2.22E+01,39.0625,1.38E+01,1.6115
mixed_61-bebop_001_.wav,4,350.5859,1.38E+01,31.25,7.74E+00,1.778
mixed_61-bebop_001_.wav,5,436.9567,5.43E+00,22.4609,3.54E+00,1.532
mixed_61-bebop_001_.wav,6,524.4141,5.19E+00,9.7656,3.23E+00,1.6098
mixed_61-bebop_001_.wav,7,610.0152,3.81E+00,39.0625,3.34E+00,1.1399
mixed_61-bebop_001_.wav,8,698.2422,7.95E+00,19.5312,5.06E+00,1.5714
mixed_61-bebop_001_.wav,9,782.4232,3.74E+01,35.1562,1.35E+01,2.7817
mixed_61-bebop_001_.wav,10,866.2109,2.42E+01,38.0859,1.24E+01,1.9546
mixed_61-bebop_002_.wav,1,59.3116,4.17E+02,14.6484,7.99E+01,5.2235
mixed_61-bebop_002_.wav,2,118.9262,1.56E+02,36.1328,9.00E+01,1.7349
mixed_61-bebop_002_.wav,3,178.2999,1.07E+02,33.2031,7.29E+01,1.4635
mixed_61-bebop_002_.wav,4,235.3516,1.26E+02,39.0625,7.23E+01,1.7426
mixed_61-bebop_002_.wav,5,294.9219,1.18E+02,38.0859,5.88E+01,2.0146
mixed_61-bebop_002_.wav,6,358.4939,6.28E+01,39.0625,4.35E+01,1.444
mixed_61-bebop_002_.wav,7,414.0625,8.13E+01,21.4844,3.85E+01,2.108
mixed_61-bebop_002_.wav,8,473.6328,2.96E+01,28.3203,2.67E+01,1.1077
mixed_61-bebop_002_.wav,9,537.6328,3.21E+01,39.0625,2.58E+01,1.2445
mixed_61-bebop_002_.wav,10,598.6328,1.40E+01,38.0859,2.18E+01,0.6439
mixed_61-bebop_003_.wav,1,67.2022,4.26E+02,29.2969,1.42E+02,2.9948
mixed_61-bebop_003_.wav,2,133.7301,2.29E+02,34.1797,1.17E+02,1.9639
mixed_61-bebop_003_.wav,3,199.2188,2.05E+02,29.2969,9.01E+01,2.2744
mixed_61-bebop_003_.wav,4,268.3152,9.93E+01,31.25,8.35E+01,1.1894
mixed_61-bebop_003_.wav,5,337.1155,8.06E+01,32.2266,5.80E+01,1.3914
mixed_61-bebop_003_.wav,6,401.3672,7.07E+01,39.0625,4.73E+01,1.496
mixed_61-bebop_003_.wav,7,468.75,4.63E+01,39.0625,3.29E+01,1.4057
mixed_61-bebop_003_.wav,8,541.9922,3.12E+01,38.0859,2.78E+01,1.1243
mixed_61-bebop_003_.wav,9,609.375,2.15E+01,36.1328,2.45E+01,0.8796
mixed_61-bebop_003_.wav,10,674.2026,4.38E+01,35.1562,2.72E+01,1.6126
mixed_61-bebop_004_.wav,1,49.6965,5.46E+01,27.6549,1.27E+01,4.2887
mixed_61-bebop_004_.wav,2,100.708,2.22E+01,16.5929,1.26E+01,1.7609
mixed_61-bebop_004_.wav,3,148.0128,2.15E+01,6.6372,8.05E+00,2.6723
mixed_61-bebop_004_.wav,4,198.2358,8.79E+00,37.6106,5.82E+00,1.5098
mixed_61-bebop_004_.wav,5,250.0694,7.74E+00,13.2743,3.80E+00,2.0364
mixed_61-bebop_004_.wav,6,295.354,6.69E+00,15.4867,3.54E+00,1.8869
mixed_61-bebop_004_.wav,7,345.1327,3.47E+01,2.2124,3.81E+00,9.0966
mixed_61-bebop_004_.wav,8,395.6354,2.32E+00,5.531,2.79E+00,0.8325
mixed_61-bebop_004_.wav,9,446.9936,2.48E+01,28.7611,5.69E+00,4.357
mixed_61-bebop_004_.wav,10,501.1062,5.18E+00,19.9115,3.10E+00,1.6672
mixed_62-bebop_000_.wav,1,75.3991,2.73E+02,0.9766,4.71E+01,5.8063
mixed_62-bebop_000_.wav,2,150.3452,5.14E+01,38.0859,5.94E+01,0.8653
mixed_62-bebop_000_.wav,3,225.8305,3.27E+02,0.9766,5.32E+01,6.1556
mixed_62-bebop_000_.wav,4,302.0971,6.62E+01,35.1562,3.34E+01,1.9829
mixed_62-bebop_000_.wav,5,376.8377,9.71E+01,31.25,2.64E+01,3.6706
mixed_62-bebop_000_.wav,6,453.1646,5.97E+01,39.0625,2.57E+01,2.3196
mixed_62-bebop_000_.wav,7,528.5448,9.17E+01,19.5312,2.07E+01,4.4284
mixed_62-bebop_000_.wav,8,600.1032,3.59E+01,26.3672,1.45E+01,2.4723
mixed_62-bebop_000_.wav,9,678.2519,3.68E+01,35.1562,1.45E+01,2.5412
mixed_62-bebop_000_.wav,10,754.8828,7.39E+01,4.8828,1.20E+01,6.1825
mixed_62-bebop_001_.wav,1,73.9998,3.21E+02,0.9766,3.47E+01,9.2576
mixed_62-bebop_001_.wav,2,147.771,1.52E+02,1.9531,3.50E+01,4.341
mixed_62-bebop_001_.wav,3,221.7154,2.75E+02,1.9531,3.32E+01,8.2819
mixed_62-bebop_001_.wav,4,296.1519,1.68E+02,2.9297,2.77E+01,6.0618
mixed_62-bebop_001_.wav,5,369.4054,9.73E+01,32.2266,2.73E+01,3.5573
mixed_62-bebop_001_.wav,6,445.2811,4.58E+01,26.3672,2.08E+01,2.1976
mixed_62-bebop_001_.wav,7,518.9483,5.95E+01,38.0859,2.85E+01,2.088
mixed_62-bebop_001_.wav,8,592.1343,3.13E+01,39.0625,1.93E+01,1.6212
mixed_62-bebop_001_.wav,9,668.7366,2.36E+01,33.2031,1.67E+01,1.4168
mixed_62-bebop_001_.wav,10,743.1645,2.00E+01,33.2031,1.51E+01,1.3291
mixed_62-bebop_002_.wav,1,72.5449,5.12E+02,0.9766,3.11E+01,16.4444
mixed_62-bebop_002_.wav,2,145.3171,2.15E+02,0.9766,2.93E+01,7.3342
mixed_62-bebop_002_.wav,3,218.4068,2.99E+02,1.9531,3.01E+01,9.9273
mixed_62-bebop_002_.wav,4,291.0884,1.82E+02,2.9297,2.04E+01,8.9305
mixed_62-bebop_002_.wav,5,363.1505,1.17E+02,3.9062,1.75E+01,6.677
mixed_62-bebop_002_.wav,6,431.1864,2.63E+01,22.4609,1.87E+01,1.4063
mixed_62-bebop_002_.wav,7,508.7891,3.73E+01,39.0625,2.01E+01,1.8584
mixed_62-bebop_002_.wav,8,579.905,3.89E+01,20.5078,1.68E+01,2.3231
mixed_62-bebop_002_.wav,9,652.3575,3.14E+01,37.1094,1.47E+01,2.13
mixed_62-bebop_002_.wav,10,724.1684,2.58E+01,39.0625,1.02E+01,2.5332
mixed_62-bebop_003_.wav,1,71.1563,4.69E+02,0.9766,3.81E+01,12.2951
mixed_62-bebop_003_.wav,2,142.5795,3.04E+02,1.9531,4.56E+01,6.6749
mixed_62-bebop_003_.wav,3,213.1434,1.29E+02,16.6016,3.68E+01,3.5017
mixed_62-bebop_003_.wav,4,284.9632,1.67E+02,2.9297,2.50E+01,6.6703
mixed_62-bebop_003_.wav,5,355.3178,7.89E+01,2.9297,2.16E+01,3.6519
mixed_62-bebop_003_.wav,6,425.9509,4.77E+01,32.2266,2.34E+01,2.0358
mixed_62-bebop_003_.wav,7,496.0938,6.70E+01,20.5078,2.19E+01,3.0626
mixed_62-bebop_003_.wav,8,567.3828,5.29E+01,25.3906,1.67E+01,3.1648
mixed_62-bebop_003_.wav,9,642.6481,4.05E+01,39.0625,1.60E+01,2.5373
mixed_62-bebop_003_.wav,10,713.9805,2.75E+01,39.0625,1.09E+01,2.5243
mixed_62-bebop_004_.wav,1,69.8159,3.39E+02,1.1062,3.18E+01,10.6445
mixed_62-bebop_004_.wav,2,140.0506,2.29E+02,1.1062,4.82E+01,4.7523
mixed_62-bebop_004_.wav,3,208.3407,5.66E+01,37.6106,4.41E+01,1.2828
mixed_62-bebop_004_.wav,4,276.4054,4.49E+01,38.7168,3.39E+01,1.3224
mixed_62-bebop_004_.wav,5,349.6578,8.10E+01,36.5044,3.17E+01,2.558
mixed_62-bebop_004_.wav,6,420.704,7.63E+01,33.1858,3.13E+01,2.4369
mixed_62-bebop_004_.wav,7,491.1504,1.39E+02,16.5929,2.97E+01,4.6945
mixed_62-bebop_004_.wav,8,559.6873,4.50E+01,39.823,2.02E+01,2.2227
mixed_62-bebop_004_.wav,9,625,2.06E+01,39.823,1.70E+01,1.2123
mixed_62-bebop_004_.wav,10,700.2212,1.29E+01,38.7168,1.02E+01,1.2673
mixed_63-bebop_000_.wav,1,49.9292,5.80E+02,21.4844,8.63E+01,6.7201
mixed_63-bebop_000_.wav,2,102.5391,1.21E+02,34.1797,1.01E+02,1.2079
mixed_63-bebop_000_.wav,3,149.3973,1.55E+02,38.0859,7.31E+01,2.12
mixed_63-bebop_000_.wav,4,196.2891,1.02E+02,32.2266,6.29E+01,1.6306
mixed_63-bebop_000_.wav,5,247.1043,8.03E+01,39.0625,5.38E+01,1.4938
mixed_63-bebop_000_.wav,6,301.7578,6.23E+01,36.1328,5.21E+01,1.1939
mixed_63-bebop_000_.wav,7,347.8702,6.87E+01,30.2734,4.19E+01,1.6391
mixed_63-bebop_000_.wav,8,398.6656,3.53E+01,33.2031,2.97E+01,1.1886
mixed_63-bebop_000_.wav,9,449.3523,5.78E+01,35.1562,2.69E+01,2.145
mixed_63-bebop_000_.wav,10,500.9766,5.74E+01,31.25,2.63E+01,2.1787
mixed_63-bebop_001_.wav,1,46.2292,5.61E+02,12.6953,8.29E+01,6.7644
mixed_63-bebop_001_.wav,2,88.8672,2.74E+02,32.2266,9.43E+01,2.9074
mixed_63-bebop_001_.wav,3,139.3246,9.64E+01,37.1094,6.88E+01,1.4022
mixed_63-bebop_001_.wav,4,182.5605,1.34E+02,38.0859,6.40E+01,2.0917
mixed_63-bebop_001_.wav,5,229.4461,1.45E+02,29.2969,5.18E+01,2.7907
mixed_63-bebop_001_.wav,6,275.5986,6.50E+01,30.2734,4.46E+01,1.4592
mixed_63-bebop_001_.wav,7,321.8419,2.83E+01,38.0859,4.16E+01,0.6799
mixed_63-bebop_001_.wav,8,365.7523,4.47E+01,37.1094,3.01E+01,1.4863
mixed_63-bebop_001_.wav,9,414.0068,4.56E+01,38.0859,2.98E+01,1.5283
mixed_63-bebop_001_.wav,10,457.7266,4.69E+01,33.2031,2.98E+01,1.5707
mixed_63-bebop_002_.wav,1,46.4974,3.00E+02,14.6484,3.49E+01,8.59
mixed_63-bebop_002_.wav,2,96.6797,1.12E+02,34.1797,5.36E+01,2.0911
mixed_63-bebop_002_.wav,3,143.5547,5.93E+01,37.1094,4.41E+01,1.3445
mixed_63-bebop_002_.wav,4,190.4297,1.65E+02,31.25,5.05E+01,3.264
mixed_63-bebop_002_.wav,5,236.3644,1.08E+02,22.4609,5.07E+01,2.1329
mixed_63-bebop_002_.wav,6,278.3203,6.15E+01,38.0859,4.34E+01,1.4174
mixed_63-bebop_002_.wav,7,328.1368,5.33E+01,32.2266,3.05E+01,1.7482
mixed_63-bebop_002_.wav,8,377.9297,5.40E+01,36.1328,2.33E+01,2.3205
mixed_63-bebop_002_.wav,9,423.2555,3.33E+01,12.6953,2.37E+01,1.4001
mixed_63-bebop_002_.wav,10,465.8203,7.76E+01,26.3672,2.53E+01,3.063
mixed_63-bebop_003_.wav,1,78.8701,2.41E+02,29.2969,7.60E+01,3.1748
mixed_63-bebop_003_.wav,2,155.2734,8.76E+01,39.0625,5.67E+01,1.5442
mixed_63-bebop_003_.wav,3,235.333,1.77E+02,25.3906,5.09E+01,3.474
mixed_63-bebop_003_.wav,4,317.4966,4.96E+01,35.1562,4.13E+01,1.2015
mixed_63-bebop_003_.wav,5,395.521,3.47E+01,30.2734,2.42E+01,1.4305
mixed_63-bebop_003_.wav,6,475.0428,5.28E+01,16.6016,2.60E+01,2.0342
mixed_63-bebop_003_.wav,7,556.6406,4.11E+01,28.3203,2.29E+01,1.7903
mixed_63-bebop_003_.wav,8,629.8828,3.54E+01,35.1562,2.04E+01,1.7369
mixed_63-bebop_003_.wav,9,714.8438,3.69E+01,35.1562,1.50E+01,2.4647
mixed_63-bebop_003_.wav,10,789.8943,2.38E+01,38.0859,1.58E+01,1.4999
mixed_63-bebop_004_.wav,1,46.5339,2.77E+02,2.2124,2.27E+01,12.2144
mixed_63-bebop_004_.wav,2,95.6515,6.18E+01,1.1062,3.35E+01,1.8432
mixed_63-bebop_004_.wav,3,142.6991,4.45E+01,1.1062,2.49E+01,1.7907
mixed_63-bebop_004_.wav,4,188.0531,4.16E+01,22.1239,3.40E+01,1.2229
mixed_63-bebop_004_.wav,5,234.5133,7.06E+01,17.6991,3.63E+01,1.9464
mixed_63-bebop_004_.wav,6,276.5312,5.93E+01,30.9735,3.13E+01,1.8979
mixed_63-bebop_004_.wav,7,323.875,2.53E+01,32.0796,3.13E+01,0.8071
mixed_63-bebop_004_.wav,8,372.0241,4.72E+01,37.6106,3.13E+01,1.5073
mixed_63-bebop_004_.wav,9,414.823,4.04E+01,38.7168,2.73E+01,1.4785
mixed_63-bebop_004_.wav,10,461.2832,7.27E+01,15.4867,2.33E+01,3.123
mixed_64-bebop_000_.wav,1,48.6375,3.94E+01,0.9766,1.48E+00,26.6319
mixed_64-bebop_000_.wav,2,99.8489,1.76E+01,17.5781,3.71E+00,4.7383
mixed_64-bebop_000_.wav,3,145.4452,8.88E+00,27.3438,5.53E+00,1.6058
mixed_64-bebop_000_.wav,4,193.9089,2.90E+01,37.1094,9.19E+00,3.1609
mixed_64-bebop_000_.wav,5,241.9328,6.70E+00,35.1562,6.70E+00,1
mixed_64-bebop_000_.wav,6,294.1167,2.20E+01,20.5078,5.04E+00,4.364
mixed_64-bebop_000_.wav,7,338.8672,9.68E+00,31.25,5.65E+00,1.7136
mixed_64-bebop_000_.wav,8,392.973,3.60E+01,39.0625,1.74E+01,2.0734
mixed_64-bebop_000_.wav,9,439.5196,3.13E+01,19.5312,1.23E+01,2.537
mixed_64-bebop_000_.wav,10,491.2109,1.24E+01,11.7188,7.96E+00,1.5563
mixed_64-bebop_001_.wav,1,48.6498,6.70E+01,0.9766,5.49E+00,12.213
mixed_64-bebop_001_.wav,2,99.8624,1.47E+01,20.5078,5.26E+00,2.7939
mixed_64-bebop_001_.wav,3,147.1106,2.65E+01,5.8594,9.14E-01,28.9371
mixed_64-bebop_001_.wav,4,197.5781,1.09E+00,35.1562,8.82E-01,1.2411
mixed_64-bebop_001_.wav,5,241.2109,1.60E+00,37.1094,8.72E-01,1.8377
mixed_64-bebop_001_.wav,6,293.2745,1.17E+01,6.8359,1.01E+00,11.6131
mixed_64-bebop_001_.wav,7,343.4264,1.21E+01,0.9766,1.86E+00,6.5152
mixed_64-bebop_001_.wav,8,388.6747,2.47E+00,31.25,3.04E+00,0.8124
mixed_64-bebop_001_.wav,9,439.6394,4.04E+01,3.9062,2.62E+00,15.4075
mixed_64-bebop_001_.wav,10,486.3313,1.29E+00,36.1328,1.35E+00,0.9589
mixed_64-bebop_002_.wav,1,48.7366,1.32E+02,1.9531,8.57E+00,15.4111
mixed_64-bebop_002_.wav,2,96.271,2.54E+01,32.2266,1.19E+01,2.1261
mixed_64-bebop_002_.wav,3,149.4141,7.75E+00,1.9531,8.26E+00,0.9383
mixed_64-bebop_002_.wav,4,192.3828,6.27E+00,38.0859,4.87E+00,1.2877
mixed_64-bebop_002_.wav,5,241.2109,2.27E+00,39.0625,3.16E+00,0.717
mixed_64-bebop_002_.wav,6,295.8984,7.47E+00,14.6484,3.53E+00,2.1187
mixed_64-bebop_002_.wav,7,339.9314,2.89E+01,9.7656,3.44E+00,8.396
mixed_64-bebop_002_.wav,8,391.6546,2.47E+00,37.1094,1.65E+00,1.4955
mixed_64-bebop_002_.wav,9,439.0495,3.67E+00,13.6719,1.86E+00,1.9779
mixed_64-bebop_002_.wav,10,488.5411,1.80E+00,3.9062,1.68E+00,1.0681
mixed_64-bebop_003_.wav,1,48.7931,4.53E+01,17.5781,6.50E+00,6.9752
mixed_64-bebop_003_.wav,2,100.5859,1.35E+01,36.1328,8.00E+00,1.692
mixed_64-bebop_003_.wav,3,149.4141,1.45E+01,22.4609,2.87E+00,5.0593
mixed_64-bebop_003_.wav,4,197.5074,1.45E+00,32.2266,1.05E+00,1.3801
mixed_64-bebop_003_.wav,5,247.0703,1.99E+00,9.7656,1.30E+00,1.5267
mixed_64-bebop_003_.wav,6,295.8984,6.10E+00,17.5781,1.71E+00,3.5754
mixed_64-bebop_003_.wav,7,342.3895,1.70E+00,9.7656,1.82E+00,0.9354
mixed_64-bebop_003_.wav,8,393.5547,6.39E+01,2.9297,7.36E+00,8.6737
mixed_64-bebop_003_.wav,9,441.1726,6.88E+00,27.3438,5.38E+00,1.2781
mixed_64-bebop_003_.wav,10,485.3516,4.86E-01,25.3906,1.33E+00,0.3646
mixed_64-bebop_004_.wav,1,48.6412,9.73E+01,0.9766,7.42E+00,13.1038
mixed_64-bebop_004_.wav,2,100.5859,2.33E+01,19.5312,5.98E+00,3.8943
mixed_64-bebop_004_.wav,3,145.4607,4.86E+00,11.7188,2.03E+00,2.3969
mixed_64-bebop_004_.wav,4,197.4101,1.53E+00,31.25,9.76E-01,1.564
mixed_64-bebop_004_.wav,5,241.9105,2.46E+00,7.8125,9.34E-01,2.6318
mixed_64-bebop_004_.wav,6,295.8984,2.06E+00,20.5078,7.25E-01,2.8416
mixed_64-bebop_004_.wav,7,342.8679,9.80E-01,6.8359,9.72E-01,1.0082
mixed_64-bebop_004_.wav,8,388.9511,2.33E+01,29.2969,1.01E+01,2.3061
mixed_64-bebop_004_.wav,9,438.0009,1.97E+00,13.6719,1.96E+00,1.0061
mixed_64-bebop_004_.wav,10,487.4944,1.60E+00,32.2266,1.21E+00,1.3264
mixed_65-bebop_000_.wav,1,48.7583,1.65E+02,17.5781,3.42E+01,4.8272
mixed_65-bebop_000_.wav,2,100.0213,6.91E+01,25.3906,5.08E+01,1.3598
mixed_65-bebop_000_.wav,3,144.6771,6.50E+01,29.2969,3.63E+01,1.7887
mixed_65-bebop_000_.wav,4,196.6036,3.96E+01,33.2031,3.15E+01,1.2563
mixed_65-bebop_000_.wav,5,241.8715,3.47E+01,32.2266,2.96E+01,1.1755
mixed_65-bebop_000_.wav,6,291.1518,2.85E+01,39.0625,2.90E+01,0.9846
mixed_65-bebop_000_.wav,7,342.3198,3.77E+01,28.3203,2.88E+01,1.3063
mixed_65-bebop_000_.wav,8,392.385,2.32E+01,1.9531,2.09E+01,1.1122
mixed_65-bebop_000_.wav,9,436.5234,1.59E+01,5.8594,1.56E+01,1.0198
mixed_65-bebop_000_.wav,10,488.4808,1.33E+01,31.25,1.33E+01,1.0006
mixed_65-bebop_001_.wav,1,47.6009,4.43E+01,26.3672,1.63E+01,2.7193
mixed_65-bebop_001_.wav,2,92.7734,2.78E+01,39.0625,1.47E+01,1.893
mixed_65-bebop_001_.wav,3,146.4844,6.97E+00,22.4609,3.24E+00,2.1496
mixed_65-bebop_001_.wav,4,190.4825,1.20E+00,39.0625,1.71E+00,0.7013
mixed_65-bebop_001_.wav,5,242.1875,1.95E+00,6.8359,1.40E+00,1.3918
mixed_65-bebop_001_.wav,6,290.0391,1.59E+00,21.4844,1.27E+00,1.2455
mixed_65-bebop_001_.wav,7,337.8906,9.96E+00,18.5547,3.69E+00,2.7027
mixed_65-bebop_001_.wav,8,383.9815,1.74E+01,31.25,9.44E+00,1.8426
mixed_65-bebop_001_.wav,9,433.5938,1.87E+01,30.2734,5.19E+00,3.6065
mixed_65-bebop_001_.wav,10,480.7733,1.18E+00,11.7188,1.35E+00,0.8766
mixed_65-bebop_002_.wav,1,48.2346,7.22E+01,15.625,1.20E+01,6.0443
mixed_65-bebop_002_.wav,2,98.6328,2.19E+01,32.2266,1.30E+01,1.6897
mixed_65-bebop_002_.wav,3,144.3977,1.69E+01,19.5312,3.28E+00,5.1595
mixed_65-bebop_002_.wav,4,194.3359,2.29E+00,20.5078,1.29E+00,1.7826
mixed_65-bebop_002_.wav,5,241.3468,1.43E+00,31.25,9.25E-01,1.5498
mixed_65-bebop_002_.wav,6,289.4811,3.26E+00,7.8125,8.67E-01,3.7658
mixed_65-bebop_002_.wav,7,336.1407,2.65E+00,8.7891,1.39E+00,1.9059
mixed_65-bebop_002_.wav,8,379.8828,1.94E+00,3.9062,3.43E+00,0.566
mixed_65-bebop_002_.wav,9,432.7518,3.67E+01,1.9531,2.56E+00,14.329
mixed_65-bebop_002_.wav,10,478.6448,1.34E+00,37.1094,1.07E+00,1.247
mixed_65-bebop_003_.wav,1,48.8767,4.11E+01,6.8359,4.78E+00,8.5829
mixed_65-bebop_003_.wav,2,100.5859,1.60E+01,14.6484,4.36E+00,3.6812
mixed_65-bebop_003_.wav,3,148.8525,1.14E+01,20.5078,1.38E+00,8.2841
mixed_65-bebop_003_.wav,4,193.9087,1.05E+00,39.0625,9.27E-01,1.1315
mixed_65-bebop_003_.wav,5,247.0703,2.54E+00,31.25,1.23E+00,2.0666
mixed_65-bebop_003_.wav,6,295.1028,1.34E+01,8.7891,2.29E+00,5.8249
mixed_65-bebop_003_.wav,7,342.572,7.54E+00,6.8359,4.55E+00,1.6572
mixed_65-bebop_003_.wav,8,393.5547,1.52E+01,7.8125,8.05E+00,1.8949
mixed_65-bebop_003_.wav,9,442.3828,4.27E+01,19.5312,6.56E+00,6.5069
mixed_65-bebop_003_.wav,10,491.2109,2.57E+00,30.2734,1.82E+00,1.4166
mixed_65-bebop_004_.wav,1,62.8997,2.19E+02,38.7168,6.26E+01,3.5009
mixed_65-bebop_004_.wav,2,125.3542,5.47E+01,38.7168,5.87E+01,0.9318
mixed_65-bebop_004_.wav,3,188.48,7.58E+01,30.9735,3.84E+01,1.9739
mixed_65-bebop_004_.wav,4,251.6922,2.76E+01,38.7168,2.14E+01,1.287
mixed_65-bebop_004_.wav,5,318.5841,1.12E+01,36.5044,1.50E+01,0.7448
mixed_65-bebop_004_.wav,6,378.7425,1.91E+01,37.6106,1.32E+01,1.4532
mixed_65-bebop_004_.wav,7,443.5928,2.37E+01,19.9115,9.35E+00,2.5313
mixed_65-bebop_004_.wav,8,504.3729,6.43E+00,38.7168,4.59E+00,1.3996
mixed_65-bebop_004_.wav,9,570.7965,7.93E+00,27.6549,4.93E+00,1.6085
mixed_65-bebop_004_.wav,10,631.5659,7.68E+00,37.6106,4.17E+00,1.8429
mixed_66-bebop_000_.wav,1,46.9162,1.62E+02,19.5312,3.01E+01,5.3945
mixed_66-bebop_000_.wav,2,92.015,7.78E+01,30.2734,3.49E+01,2.2313
mixed_66-bebop_000_.wav,3,143.5547,3.38E+01,27.3438,2.22E+01,1.521
mixed_66-bebop_000_.wav,4,184.5703,3.52E+01,35.1562,1.94E+01,1.8166
mixed_66-bebop_000_.wav,5,236.0747,4.93E+01,19.5312,1.58E+01,3.1287
mixed_66-bebop_000_.wav,6,284.1797,3.64E+01,31.25,1.56E+01,2.3352
mixed_66-bebop_000_.wav,7,327.6182,1.61E+01,36.1328,1.40E+01,1.1545
mixed_66-bebop_000_.wav,8,375.9679,4.53E+01,17.5781,1.53E+01,2.9542
mixed_66-bebop_000_.wav,9,422.7622,3.94E+01,29.2969,1.85E+01,2.1287
mixed_66-bebop_000_.wav,10,471.6797,3.02E+01,38.0859,1.98E+01,1.5292
mixed_66-bebop_001_.wav,1,60.5914,2.52E+02,29.2969,7.40E+01,3.409
mixed_66-bebop_001_.wav,2,120.9621,1.51E+02,35.1562,8.01E+01,1.8853
mixed_66-bebop_001_.wav,3,182.6599,9.73E+01,31.25,4.12E+01,2.3637
mixed_66-bebop_001_.wav,4,241.0436,3.27E+01,39.0625,2.86E+01,1.1422
mixed_66-bebop_001_.wav,5,302.0929,7.24E+01,20.5078,2.22E+01,3.2535
mixed_66-bebop_001_.wav,6,362.8095,4.65E+01,24.4141,1.95E+01,2.386
mixed_66-bebop_001_.wav,7,421.556,2.89E+01,28.3203,2.06E+01,1.4026
mixed_66-bebop_001_.wav,8,481.4453,4.44E+01,35.1562,1.97E+01,2.2565
mixed_66-bebop_001_.wav,9,543.8565,3.90E+01,0.9766,2.05E+01,1.9044
mixed_66-bebop_001_.wav,10,602.5391,1.78E+01,24.4141,1.71E+01,1.0411
mixed_66-bebop_002_.wav,1,59.6679,3.31E+02,24.4141,4.93E+01,6.7161
mixed_66-bebop_002_.wav,2,120.8509,9.06E+01,31.25,5.45E+01,1.6607
mixed_66-bebop_002_.wav,3,175.7812,5.69E+01,32.2266,3.58E+01,1.5883
mixed_66-bebop_002_.wav,4,235.3516,2.99E+01,37.1094,2.30E+01,1.3025
mixed_66-bebop_002_.wav,5,297.1431,7.22E+01,34.1797,2.22E+01,3.2593
mixed_66-bebop_002_.wav,6,360.3516,3.49E+01,39.0625,1.89E+01,1.8425
mixed_66-bebop_002_.wav,7,414.0625,4.41E+01,23.4375,1.88E+01,2.3432
mixed_66-bebop_002_.wav,8,477.5158,2.32E+01,36.1328,1.63E+01,1.4255
mixed_66-bebop_002_.wav,9,539.0625,4.67E+02,0.9766,1.78E+01,26.2222
mixed_66-bebop_002_.wav,10,597.5605,3.36E+01,37.1094,1.51E+01,2.2314
mixed_66-bebop_003_.wav,1,46.9195,2.42E+02,22.4609,5.11E+01,4.7398
mixed_66-bebop_003_.wav,2,93.6864,9.65E+01,29.2969,5.52E+01,1.7469
mixed_66-bebop_003_.wav,3,137.6953,6.61E+01,33.2031,3.58E+01,1.8485
mixed_66-bebop_003_.wav,4,186.3148,7.10E+01,32.2266,2.57E+01,2.7622
mixed_66-bebop_003_.wav,5,237.3047,4.45E+01,38.0859,2.03E+01,2.1974
mixed_66-bebop_003_.wav,6,282.0093,4.67E+01,35.1562,1.99E+01,2.3445
mixed_66-bebop_003_.wav,7,326.9873,2.67E+01,38.0859,1.72E+01,1.5501
mixed_66-bebop_003_.wav,8,375.4632,5.63E+01,14.6484,1.67E+01,3.3677
mixed_66-bebop_003_.wav,9,424.8047,2.93E+01,29.2969,1.57E+01,1.866
mixed_66-bebop_003_.wav,10,471.6797,2.20E+01,39.0625,1.67E+01,1.3165
mixed_66-bebop_004_.wav,1,72.9977,1.82E+02,35.3982,7.32E+01,2.4783
mixed_66-bebop_004_.wav,2,148.2884,7.29E+01,26.5487,3.71E+01,1.9623
mixed_66-bebop_004_.wav,3,220.9581,3.35E+01,35.3982,2.67E+01,1.253
mixed_66-bebop_004_.wav,4,293.5321,7.86E+01,37.6106,3.09E+01,2.5401
mixed_66-bebop_004_.wav,5,365.7245,4.88E+01,32.0796,2.22E+01,2.1991
mixed_66-bebop_004_.wav,6,439.3328,3.36E+01,30.9735,1.62E+01,2.0803
mixed_66-bebop_004_.wav,7,508.8496,2.77E+01,32.0796,1.63E+01,1.697
mixed_66-bebop_004_.wav,8,587.3894,3.74E+01,35.3982,1.47E+01,2.5387
mixed_66-bebop_004_.wav,9,654.8673,1.47E+01,33.1858,9.87E+00,1.4894
mixed_66-bebop_004_.wav,10,733.4071,2.64E+01,17.6991,1.04E+01,2.5502
mixed_7-bebop_000_.wav,1,52.7823,1.71E+02,34.1797,3.69E+01,4.6322
mixed_7-bebop_000_.wav,2,102.5391,7.05E+01,38.0859,4.58E+01,1.5376
mixed_7-bebop_000_.wav,3,158.4578,1.02E+02,36.1328,3.25E+01,3.1561
mixed_7-bebop_000_.wav,4,213.8672,7.02E+01,24.4141,2.55E+01,2.7487
mixed_7-bebop_000_.wav,5,263.3989,1.79E+01,35.1562,1.83E+01,0.9772
mixed_7-bebop_000_.wav,6,313.4766,3.31E+01,1.9531,1.27E+01,2.6106
mixed_7-bebop_000_.wav,7,370.1129,1.27E+02,4.8828,1.17E+01,10.8119
mixed_7-bebop_000_.wav,8,421.6146,1.07E+01,14.6484,9.91E+00,1.0756
mixed_7-bebop_000_.wav,9,477.5391,1.49E+01,35.1562,8.11E+00,1.8403
mixed_7-bebop_000_.wav,10,530.2734,8.29E+00,11.7188,6.32E+00,1.3124
mixed_7-bebop_001_.wav,1,99.8603,1.80E+02,19.5312,5.51E+01,3.2601
mixed_7-bebop_001_.wav,2,196.2891,5.51E+01,37.1094,2.56E+01,2.1543
mixed_7-bebop_001_.wav,3,300.1019,2.61E+01,0.9766,1.21E+01,2.1551
mixed_7-bebop_001_.wav,4,395.5078,2.87E+01,31.25,1.46E+01,1.9715
mixed_7-bebop_001_.wav,5,500.9766,6.76E+00,37.1094,5.79E+00,1.1674
mixed_7-bebop_001_.wav,6,596.4413,1.16E+01,22.4609,7.95E+00,1.4584
mixed_7-bebop_001_.wav,7,694.852,3.41E+01,24.4141,7.46E+00,4.5771
mixed_7-bebop_001_.wav,8,796.9565,2.85E+01,34.1797,1.32E+01,2.158
mixed_7-bebop_001_.wav,9,897.3548,2.83E+01,14.6484,1.02E+01,2.767
mixed_7-bebop_001_.wav,10,995.2121,1.00E+01,28.3203,6.20E+00,1.6174
mixed_7-bebop_002_.wav,1,46.7599,1.59E+02,19.5312,3.97E+01,3.9999
mixed_7-bebop_002_.wav,2,93.4322,6.49E+01,36.1328,5.11E+01,1.2713
mixed_7-bebop_002_.wav,3,137.6953,8.83E+01,21.4844,4.31E+01,2.047
mixed_7-bebop_002_.wav,4,186.3238,3.17E+01,15.625,2.68E+01,1.185
mixed_7-bebop_002_.wav,5,233.602,4.48E+01,37.1094,1.65E+01,2.7089
mixed_7-bebop_002_.wav,6,281.2322,1.21E+01,34.1797,1.11E+01,1.0973
mixed_7-bebop_002_.wav,7,326.7499,1.09E+01,0.9766,1.04E+01,1.0457
mixed_7-bebop_002_.wav,8,376.9345,3.17E+01,39.0625,1.22E+01,2.599
mixed_7-bebop_002_.wav,9,422.3679,1.25E+01,5.8594,8.81E+00,1.4175
mixed_7-bebop_002_.wav,10,470.5852,1.38E+01,37.1094,5.40E+00,2.5481
mixed_7-bebop_003_.wav,1,54.965,1.97E+02,27.3438,4.43E+01,4.4436
mixed_7-bebop_003_.wav,2,111.3136,6.46E+01,37.1094,5.44E+01,1.1864
mixed_7-bebop_003_.wav,3,164.9742,6.22E+01,20.5078,2.90E+01,2.1475
mixed_7-bebop_003_.wav,4,218.1423,4.28E+01,22.4609,2.04E+01,2.0983
mixed_7-bebop_003_.wav,5,276.3672,1.57E+01,37.1094,1.37E+01,1.1407
mixed_7-bebop_003_.wav,6,331.0547,1.23E+01,0,1.03E+01,1.1938
mixed_7-bebop_003_.wav,7,385.7422,2.85E+01,9.7656,1.27E+01,2.2419
mixed_7-bebop_003_.wav,8,437.5343,1.97E+01,38.0859,1.07E+01,1.8311
mixed_7-bebop_003_.wav,9,490.4758,1.51E+01,37.1094,9.44E+00,1.6003
mixed_7-bebop_003_.wav,10,546.8931,8.92E+00,34.1797,7.00E+00,1.2749
mixed_7-bebop_004_.wav,1,52.8177,2.81E+02,8.8496,3.89E+01,7.235
mixed_7-bebop_004_.wav,2,104.1647,1.05E+02,29.8673,6.25E+01,1.679
mixed_7-bebop_004_.wav,3,157.023,7.93E+01,32.0796,3.75E+01,2.1172
mixed_7-bebop_004_.wav,4,211.4598,3.63E+01,36.5044,2.84E+01,1.2777
mixed_7-bebop_004_.wav,5,264.5545,3.77E+01,18.8053,2.00E+01,1.8892
mixed_7-bebop_004_.wav,6,320.7697,1.06E+01,3.3186,1.00E+01,1.0572
mixed_7-bebop_004_.wav,7,368.3628,2.09E+01,34.292,1.02E+01,2.0357
mixed_7-bebop_004_.wav,8,425.074,1.04E+01,0,8.33E+00,1.2456
mixed_7-bebop_004_.wav,9,474.5575,1.11E+01,39.823,6.75E+00,1.6462
mixed_7-bebop_004_.wav,10,528.7611,1.26E+01,27.6549,6.44E+00,1.9562
mixed_8-bebop_000_.wav,1,58.6293,2.48E+02,11.7188,4.91E+01,5.0473
mixed_8-bebop_000_.wav,2,116.7866,6.02E+01,36.1328,4.35E+01,1.3837
mixed_8-bebop_000_.wav,3,173.8849,5.55E+01,16.6016,2.25E+01,2.4628
mixed_8-bebop_000_.wav,4,232.2461,5.88E+00,30.2734,1.41E+01,0.4174
mixed_8-bebop_000_.wav,5,290.0391,2.51E+01,0,1.05E+01,2.3901
mixed_8-bebop_000_.wav,6,351.3496,1.70E+01,35.1562,9.55E+00,1.7805
mixed_8-bebop_000_.wav,7,411.201,6.22E+01,16.6016,1.18E+01,5.2899
mixed_8-bebop_000_.wav,8,466.8194,9.66E+00,19.5312,5.75E+00,1.6812
mixed_8-bebop_000_.wav,9,530.2734,1.56E+01,28.3203,4.41E+00,3.5473
mixed_8-bebop_000_.wav,10,586.652,1.03E+01,21.4844,3.96E+00,2.5947
mixed_8-bebop_001_.wav,1,48.7525,2.38E+02,23.4375,3.78E+01,6.3083
mixed_8-bebop_001_.wav,2,94.7266,6.09E+01,35.1562,5.84E+01,1.042
mixed_8-bebop_001_.wav,3,144.881,7.13E+01,36.1328,3.45E+01,2.0674
mixed_8-bebop_001_.wav,4,197.7414,3.51E+01,30.2734,1.40E+01,2.4975
mixed_8-bebop_001_.wav,5,243.849,1.10E+01,38.0859,1.10E+01,1
mixed_8-bebop_001_.wav,6,292.1116,1.36E+01,0.9766,6.92E+00,1.9718
mixed_8-bebop_001_.wav,7,338.8672,1.15E+01,22.4609,7.26E+00,1.5815
mixed_8-bebop_001_.wav,8,392.819,9.78E+01,6.8359,1.03E+01,9.4917
mixed_8-bebop_001_.wav,9,441.7788,9.35E+00,39.0625,9.96E+00,0.9387
mixed_8-bebop_001_.wav,10,489.6326,1.61E+01,32.2266,7.22E+00,2.2261
mixed_8-bebop_002_.wav,1,74.5631,1.49E+02,39.0625,4.54E+01,3.2758
mixed_8-bebop_002_.wav,2,146.6244,8.89E+01,21.4844,3.07E+01,2.8988
mixed_8-bebop_002_.wav,3,222.4163,2.54E+01,21.4844,1.17E+01,2.1683
mixed_8-bebop_002_.wav,4,295.5135,1.25E+01,0.9766,6.12E+00,2.0361
mixed_8-bebop_002_.wav,5,372.6437,1.05E+01,0.9766,1.07E+01,0.9847
mixed_8-bebop_002_.wav,6,447.688,7.14E+00,39.0625,8.42E+00,0.8475
mixed_8-bebop_002_.wav,7,522.4609,1.13E+01,14.6484,6.61E+00,1.7039
mixed_8-bebop_002_.wav,8,594.342,1.16E+01,28.3203,5.61E+00,2.0707
mixed_8-bebop_002_.wav,9,667.0277,8.13E+00,39.0625,5.27E+00,1.5434
mixed_8-bebop_002_.wav,10,745.1172,5.34E+01,19.5312,1.70E+01,3.1302
mixed_8-bebop_003_.wav,1,53.4708,1.97E+02,32.2266,6.60E+01,2.9847
mixed_8-bebop_003_.wav,2,107.0406,1.28E+02,39.0625,7.30E+01,1.7487
mixed_8-bebop_003_.wav,3,159.1515,8.29E+01,28.3203,3.72E+01,2.2258
mixed_8-bebop_003_.wav,4,214.5895,4.23E+01,35.1562,2.09E+01,2.0276
mixed_8-bebop_003_.wav,5,266.6381,1.91E+01,31.25,1.19E+01,1.6051
mixed_8-bebop_003_.wav,6,322.8973,9.59E+00,0.9766,9.78E+00,0.9804
mixed_8-bebop_003_.wav,7,373.0469,2.41E+01,5.8594,1.19E+01,2.0244
mixed_8-bebop_003_.wav,8,429.6157,2.30E+01,19.5312,9.90E+00,2.3189
mixed_8-bebop_003_.wav,9,484.4015,1.68E+01,28.3203,6.85E+00,2.459
mixed_8-bebop_003_.wav,10,535.0091,1.52E+01,38.0859,6.34E+00,2.4004
mixed_8-bebop_004_.wav,1,71.5726,2.23E+02,38.7168,5.62E+01,3.9761
mixed_8-bebop_004_.wav,2,143.4526,5.77E+01,28.7611,4.54E+01,1.2702
mixed_8-bebop_004_.wav,3,213.0537,4.43E+01,38.7168,2.34E+01,1.8904
mixed_8-bebop_004_.wav,4,290.9292,2.00E+01,1.1062,1.21E+01,1.6547
mixed_8-bebop_004_.wav,5,357.6219,9.11E+00,6.6372,9.40E+00,0.9699
mixed_8-bebop_004_.wav,6,428.7948,2.11E+01,37.6106,9.15E+00,2.3081
mixed_8-bebop_004_.wav,7,501.5796,1.09E+01,38.7168,7.65E+00,1.4309
mixed_8-bebop_004_.wav,8,577.4336,1.26E+01,38.7168,7.03E+00,1.7879
mixed_8-bebop_004_.wav,9,647.1261,5.76E+00,27.6549,4.20E+00,1.3731
mixed_8-bebop_004_.wav,10,715.708,1.86E+01,17.6991,8.15E+00,2.2795
mixed_9-bebop_000_.wav,1,48.8652,2.54E+02,20.5078,4.68E+01,5.4378
mixed_9-bebop_000_.wav,2,100.5859,6.17E+01,39.0625,4.74E+01,1.3011
mixed_9-bebop_000_.wav,3,146.514,5.82E+01,39.0625,2.70E+01,2.1567
mixed_9-bebop_000_.wav,4,192.3828,4.49E+01,39.0625,2.06E+01,2.1809
mixed_9-bebop_000_.wav,5,241.2109,2.62E+01,35.1562,1.85E+01,1.4116
mixed_9-bebop_000_.wav,6,292.2441,3.66E+01,32.2266,1.83E+01,2.0016
mixed_9-bebop_000_.wav,7,342.6636,4.81E+01,28.3203,2.61E+01,1.847
mixed_9-bebop_000_.wav,8,393.5547,5.30E+01,2.9297,3.11E+01,1.7046
mixed_9-bebop_000_.wav,9,439.17,5.23E+01,10.7422,3.94E+01,1.3295
mixed_9-bebop_000_.wav,10,489.3825,7.04E+01,0.9766,3.34E+01,2.1085
mixed_9-bebop_001_.wav,1,48.8454,1.77E+02,19.5312,2.99E+01,5.9038
mixed_9-bebop_001_.wav,2,99.4252,5.67E+01,39.0625,3.16E+01,1.7959
mixed_9-bebop_001_.wav,3,149.4141,3.23E+01,37.1094,1.75E+01,1.8424
mixed_9-bebop_001_.wav,4,193.3561,1.88E+01,37.1094,1.17E+01,1.6138
mixed_9-bebop_001_.wav,5,245.9787,2.58E+01,22.4609,1.21E+01,2.1276
mixed_9-bebop_001_.wav,6,293.1762,2.75E+01,35.1562,1.75E+01,1.5684
mixed_9-bebop_001_.wav,7,344.7266,3.70E+01,33.2031,2.61E+01,1.4167
mixed_9-bebop_001_.wav,8,393.5547,1.24E+02,18.5547,3.58E+01,3.4747
mixed_9-bebop_001_.wav,9,442.3828,4.39E+01,28.3203,3.69E+01,1.1873
mixed_9-bebop_001_.wav,10,490.5237,4.62E+01,37.1094,3.55E+01,1.3014
mixed_9-bebop_002_.wav,1,59.9807,2.00E+02,33.2031,4.28E+01,4.674
mixed_9-bebop_002_.wav,2,116.2109,6.02E+01,24.4141,2.85E+01,2.1073
mixed_9-bebop_002_.wav,3,176.6783,2.11E+01,39.0625,1.60E+01,1.316
mixed_9-bebop_002_.wav,4,236.2176,1.34E+01,38.0859,9.08E+00,1.4738
mixed_9-bebop_002_.wav,5,299.7026,1.40E+01,20.5078,5.25E+00,2.6639
mixed_9-bebop_002_.wav,6,357.494,7.15E+00,34.1797,4.50E+00,1.5882
mixed_9-bebop_002_.wav,7,415.8134,6.02E+01,21.4844,3.09E+00,19.4738
mixed_9-bebop_002_.wav,8,475.4273,1.66E+00,32.2266,1.36E+00,1.2148
mixed_9-bebop_002_.wav,9,537.8574,4.25E+00,2.9297,1.62E+00,2.6307
mixed_9-bebop_002_.wav,10,592.7734,1.34E+00,29.2969,1.19E+00,1.1305
mixed_9-bebop_003_.wav,1,72.1444,1.60E+02,29.2969,3.38E+01,4.7266
mixed_9-bebop_003_.wav,2,141.6016,1.96E+01,33.2031,1.51E+01,1.3005
mixed_9-bebop_003_.wav,3,215.6709,1.40E+01,33.2031,6.78E+00,2.0692
mixed_9-bebop_003_.wav,4,290.9981,5.50E+00,7.8125,4.32E+00,1.2734
mixed_9-bebop_003_.wav,5,364.2578,5.85E+00,16.6016,5.10E+00,1.1491
mixed_9-bebop_003_.wav,6,432.5905,2.34E+00,5.8594,1.99E+00,1.1763
mixed_9-bebop_003_.wav,7,502.9297,1.55E+00,36.1328,1.27E+00,1.2165
mixed_9-bebop_003_.wav,8,575.1953,1.52E+00,7.8125,1.66E+00,0.9138
mixed_9-bebop_003_.wav,9,648.3274,2.89E+00,25.3906,1.60E+00,1.8063
mixed_9-bebop_003_.wav,10,720.5424,2.79E+00,32.2266,2.49E+00,1.1217
mixed_9-bebop_004_.wav,1,50.9779,2.64E+02,22.1239,4.11E+01,6.4098
mixed_9-bebop_004_.wav,2,105.0885,6.49E+01,34.292,5.76E+01,1.1259
mixed_9-bebop_004_.wav,3,150.4425,6.94E+01,32.0796,3.63E+01,1.9116
mixed_9-bebop_004_.wav,4,202.1613,4.64E+01,33.1858,2.54E+01,1.8267
mixed_9-bebop_004_.wav,5,253.2852,2.57E+01,19.9115,1.59E+01,1.6132
mixed_9-bebop_004_.wav,6,305.4557,2.67E+01,26.5487,9.18E+00,2.9086
mixed_9-bebop_004_.wav,7,355.3148,2.78E+01,32.0796,8.89E+00,3.1307
mixed_9-bebop_004_.wav,8,410.3982,8.73E+00,35.3982,1.09E+01,0.8026
mixed_9-bebop_004_.wav,9,455.6008,2.95E+01,14.3805,5.50E+00,5.3564
mixed_9-bebop_004_.wav,10,505.531,2.74E+00,36.5044,2.74E+00,0.9977
mixed_membo_0-membo_000_.wav,1,73.5236,8.98E+02,2.9297,1.14E+02,7.8838
mixed_membo_0-membo_000_.wav,2,143.5547,1.26E+02,22.4609,5.29E+01,2.3793
mixed_membo_0-membo_000_.wav,3,221.5026,1.24E+02,24.4141,5.09E+01,2.4355
mixed_membo_0-membo_000_.wav,4,292.8487,2.87E+02,32.2266,8.16E+01,3.5241
mixed_membo_0-membo_000_.wav,5,365.0114,1.05E+02,35.1562,5.18E+01,2.0311
mixed_membo_0-membo_000_.wav,6,442.3828,2.32E+01,38.0859,2.09E+01,1.1096
mixed_membo_0-membo_000_.wav,7,515.625,3.90E+01,38.0859,1.77E+01,2.2105
mixed_membo_0-membo_000_.wav,8,585.9445,4.53E+01,35.1562,2.71E+01,1.6729
mixed_membo_0-membo_000_.wav,9,656.25,4.70E+01,27.3438,2.31E+01,2.0363
mixed_membo_0-membo_000_.wav,10,735.3516,2.41E+01,38.0859,1.29E+01,1.8705
mixed_membo_0-membo_001_.wav,1,51.0996,4.78E+02,23.4375,7.65E+01,6.2531
mixed_membo_0-membo_001_.wav,2,98.6328,1.64E+02,25.3906,8.60E+01,1.9033
mixed_membo_0-membo_001_.wav,3,155.2734,6.83E+01,39.0625,6.04E+01,1.1308
mixed_membo_0-membo_001_.wav,4,202.8073,1.63E+02,39.0625,8.09E+01,2.0107
mixed_membo_0-membo_001_.wav,5,250.9766,8.74E+01,36.1328,7.17E+01,1.2184
mixed_membo_0-membo_001_.wav,6,302.8433,8.98E+01,28.3203,7.81E+01,1.1496
mixed_membo_0-membo_001_.wav,7,356.7526,2.13E+02,34.1797,1.22E+02,1.7413
mixed_membo_0-membo_001_.wav,8,404.8637,2.35E+02,38.0859,1.29E+02,1.8225
mixed_membo_0-membo_001_.wav,9,455.6799,1.37E+02,37.1094,9.22E+01,1.4872
mixed_membo_0-membo_001_.wav,10,507.0104,1.06E+02,30.2734,5.80E+01,1.8374
mixed_membo_0-membo_002_.wav,1,54.3908,5.25E+02,0.9766,3.88E+01,13.5192
mixed_membo_0-membo_002_.wav,2,112.3047,6.17E+01,30.2734,3.54E+01,1.7429
mixed_membo_0-membo_002_.wav,3,162.2137,3.93E+01,32.2266,3.30E+01,1.192
mixed_membo_0-membo_002_.wav,4,217.6295,4.09E+01,36.1328,3.43E+01,1.192
mixed_membo_0-membo_002_.wav,5,276.3672,5.05E+01,36.1328,2.70E+01,1.8688
mixed_membo_0-membo_002_.wav,6,330.2463,2.88E+01,35.1562,2.16E+01,1.3346
mixed_membo_0-membo_002_.wav,7,385.0672,4.02E+01,39.0625,1.84E+01,2.1905
mixed_membo_0-membo_002_.wav,8,434.5703,4.42E+01,32.2266,1.53E+01,2.885
mixed_membo_0-membo_002_.wav,9,495.1172,1.07E+01,27.3438,8.09E+00,1.3239
mixed_membo_0-membo_002_.wav,10,549.8047,1.80E+01,28.3203,9.42E+00,1.9085
mixed_membo_0-membo_003_.wav,1,53.2178,4.01E+02,0.9766,2.24E+01,17.8804
mixed_membo_0-membo_003_.wav,2,105.0694,3.35E+01,31.25,3.20E+01,1.044
mixed_membo_0-membo_003_.wav,3,157.921,2.84E+01,37.1094,3.10E+01,0.9175
mixed_membo_0-membo_003_.wav,4,210.8353,3.90E+01,33.2031,2.59E+01,1.508
mixed_membo_0-membo_003_.wav,5,260.7422,4.50E+01,18.5547,2.10E+01,2.1387
mixed_membo_0-membo_003_.wav,6,315.5949,7.29E+00,28.3203,1.27E+01,0.573
mixed_membo_0-membo_003_.wav,7,372.0703,1.24E+01,33.2031,9.44E+00,1.3154
mixed_membo_0-membo_003_.wav,8,421.3022,1.67E+01,28.3203,7.80E+00,2.1454
mixed_membo_0-membo_003_.wav,9,471.6797,1.08E+01,31.25,6.64E+00,1.6301
mixed_membo_0-membo_003_.wav,10,524.4141,5.93E+00,37.1094,5.43E+00,1.0916
mixed_membo_0-membo_004_.wav,1,52.9775,2.73E+02,1.1062,1.88E+01,14.5651
mixed_membo_0-membo_004_.wav,2,108.6811,7.81E+01,36.5044,2.93E+01,2.6659
mixed_membo_0-membo_004_.wav,3,155.9735,4.09E+01,37.6106,3.06E+01,1.3339
mixed_membo_0-membo_004_.wav,4,209.0708,3.91E+01,22.1239,2.58E+01,1.5107
mixed_membo_0-membo_004_.wav,5,267.8668,3.23E+01,36.5044,1.39E+01,2.3293
mixed_membo_0-membo_004_.wav,6,321.2152,1.69E+01,27.6549,9.57E+00,1.763
mixed_membo_0-membo_004_.wav,7,375,1.20E+01,30.9735,6.16E+00,1.9412
mixed_membo_0-membo_004_.wav,8,424.0359,1.12E+01,36.5044,4.00E+00,2.7973
mixed_membo_0-membo_004_.wav,9,474.5575,4.74E+00,32.0796,3.31E+00,1.4311
mixed_membo_0-membo_004_.wav,10,529.7636,3.62E+00,38.7168,3.18E+00,1.1393
mixed_membo_1-membo_000_.wav,1,49.6097,1.30E+02,0.9766,1.51E+00,86.03
mixed_membo_1-membo_000_.wav,2,100.0424,6.29E+00,0.9766,1.51E+00,4.1542
mixed_membo_1-membo_000_.wav,3,152.3438,8.15E+01,2.9297,1.22E+00,66.8743
mixed_membo_1-membo_000_.wav,4,200.2472,2.90E+00,19.5312,1.29E+00,2.2471
mixed_membo_1-membo_000_.wav,5,246.0938,4.81E+00,32.2266,1.63E+00,2.9545
mixed_membo_1-membo_000_.wav,6,295.8984,5.18E+00,1.9531,2.26E+00,2.2884
mixed_membo_1-membo_000_.wav,7,351.5625,1.79E+01,4.8828,1.94E+00,9.2401
mixed_membo_1-membo_000_.wav,8,399.5528,2.45E+00,34.1797,1.21E+00,2.0142
mixed_membo_1-membo_000_.wav,9,446.3827,2.55E+00,12.6953,8.06E-01,3.1694
mixed_membo_1-membo_000_.wav,10,499.9498,3.16E+00,33.2031,1.16E+00,2.7316
mixed_membo_1-membo_001_.wav,1,49.5819,1.06E+02,0.9766,1.53E+00,69.2394
mixed_membo_1-membo_001_.wav,2,99.6141,1.16E+01,1.9531,1.89E+00,6.1615
mixed_membo_1-membo_001_.wav,3,152.3438,7.23E+01,1.9531,1.80E+00,40.135
mixed_membo_1-membo_001_.wav,4,200.1444,4.77E+00,8.7891,2.01E+00,2.3795
mixed_membo_1-membo_001_.wav,5,249.7146,5.03E+00,36.1328,2.86E+00,1.7561
mixed_membo_1-membo_001_.wav,6,295.8984,2.87E+01,1.9531,4.13E+00,6.9555
mixed_membo_1-membo_001_.wav,7,351.5625,1.62E+01,3.9062,4.01E+00,4.0459
mixed_membo_1-membo_001_.wav,8,400.3426,5.65E+00,39.0625,3.74E+00,1.5118
mixed_membo_1-membo_001_.wav,9,445.995,3.97E+00,19.5312,2.76E+00,1.4351
mixed_membo_1-membo_001_.wav,10,500.1682,8.43E+00,24.4141,2.74E+00,3.079
mixed_membo_1-membo_002_.wav,1,49.5668,1.11E+02,0.9766,2.13E+00,52.0423
mixed_membo_1-membo_002_.wav,2,99.7398,1.27E+01,1.9531,2.99E+00,4.2419
mixed_membo_1-membo_002_.wav,3,152.3438,6.93E+01,0.9766,2.52E+00,27.4446
mixed_membo_1-membo_002_.wav,4,200.1008,1.40E+00,39.0625,1.83E+00,0.7671
mixed_membo_1-membo_002_.wav,5,248.9861,6.16E+00,37.1094,2.39E+00,2.5786
mixed_membo_1-membo_002_.wav,6,298.0079,1.12E+01,2.9297,3.99E+00,2.8087
mixed_membo_1-membo_002_.wav,7,351.5625,3.14E+01,2.9297,3.80E+00,8.2523
mixed_membo_1-membo_002_.wav,8,396.5171,3.73E+00,26.3672,2.86E+00,1.3045
mixed_membo_1-membo_002_.wav,9,451.1719,4.74E+00,27.3438,3.38E+00,1.4013
mixed_membo_1-membo_002_.wav,10,500.9766,8.13E+00,37.1094,4.51E+00,1.8041
mixed_membo_1-membo_003_.wav,1,49.6069,1.22E+02,0.9766,1.95E+00,62.5709
mixed_membo_1-membo_003_.wav,2,100.185,6.68E+00,18.5547,2.51E+00,2.6597
mixed_membo_1-membo_003_.wav,3,152.3438,4.42E+01,0.9766,2.52E+00,17.5839
mixed_membo_1-membo_003_.wav,4,200.2743,5.46E+00,36.1328,3.21E+00,1.6986
mixed_membo_1-membo_003_.wav,5,251.9531,7.75E+00,27.3438,5.13E+00,1.5116
mixed_membo_1-membo_003_.wav,6,295.8984,1.37E+01,1.9531,6.00E+00,2.2778
mixed_membo_1-membo_003_.wav,7,349.8937,9.51E+00,0.9766,4.82E+00,1.9715
mixed_membo_1-membo_003_.wav,8,397.5161,3.61E+00,39.0625,3.01E+00,1.1981
mixed_membo_1-membo_003_.wav,9,446.3463,4.14E+00,11.7188,2.60E+00,1.5887
mixed_membo_1-membo_003_.wav,10,497.4273,4.38E+00,29.2969,3.48E+00,1.2588
mixed_membo_1-membo_004_.wav,1,49.605,1.18E+02,1.1062,1.98E+00,59.5735
mixed_membo_1-membo_004_.wav,2,100.6867,7.57E+00,29.8673,2.99E+00,2.5339
mixed_membo_1-membo_004_.wav,3,151.5487,2.79E+01,1.1062,2.82E+00,9.8992
mixed_membo_1-membo_004_.wav,4,195.7965,2.92E+00,28.7611,2.88E+00,1.0123
mixed_membo_1-membo_004_.wav,5,246.7729,4.61E+00,36.5044,3.45E+00,1.3354
mixed_membo_1-membo_004_.wav,6,296.0234,1.35E+01,1.1062,5.67E+00,2.3852
mixed_membo_1-membo_004_.wav,7,350.8042,6.30E+01,3.3186,5.88E+00,10.7281
mixed_membo_1-membo_004_.wav,8,401.5487,3.75E+00,27.6549,5.21E+00,0.7207
mixed_membo_1-membo_004_.wav,9,445.9755,9.01E+00,38.7168,5.44E+00,1.6566
mixed_membo_1-membo_004_.wav,10,501.1062,1.10E+01,39.823,6.95E+00,1.5841
mixed_membo_10-membo_000_.wav,1,49.4188,1.45E+02,8.7891,1.65E+01,8.8054
mixed_membo_10-membo_000_.wav,2,96.6797,7.03E+01,39.0625,4.32E+01,1.6267
mixed_membo_10-membo_000_.wav,3,152.3438,6.04E+01,35.1562,4.64E+01,1.3009
mixed_membo_10-membo_000_.wav,4,202.1484,1.16E+02,30.2734,4.96E+01,2.3401
mixed_membo_10-membo_000_.wav,5,248.9234,1.01E+02,28.3203,4.71E+01,2.1462
mixed_membo_10-membo_000_.wav,6,301.7578,7.99E+01,21.4844,4.76E+01,1.6771
mixed_membo_10-membo_000_.wav,7,350.4077,6.69E+01,38.0859,4.22E+01,1.5856
mixed_membo_10-membo_000_.wav,8,399.6322,7.15E+01,37.1094,3.99E+01,1.7901
mixed_membo_10-membo_000_.wav,9,448.7404,3.49E+01,38.0859,4.62E+01,0.7552
mixed_membo_10-membo_000_.wav,10,496.0039,7.96E+01,36.1328,3.48E+01,2.2871
mixed_membo_10-membo_001_.wav,1,49.0192,1.23E+02,21.4844,2.45E+01,5.0134
mixed_membo_10-membo_001_.wav,2,97.757,8.50E+01,38.0859,3.56E+01,2.3882
mixed_membo_10-membo_001_.wav,3,143.5547,8.33E+01,34.1797,3.38E+01,2.4642
mixed_membo_10-membo_001_.wav,4,195.0205,6.61E+01,39.0625,3.81E+01,1.7371
mixed_membo_10-membo_001_.wav,5,246.1433,3.58E+01,39.0625,4.03E+01,0.8868
mixed_membo_10-membo_001_.wav,6,290.9188,5.24E+01,25.3906,3.23E+01,1.6207
mixed_membo_10-membo_001_.wav,7,342.6779,7.68E+01,36.1328,3.28E+01,2.3436
mixed_membo_10-membo_001_.wav,8,389.7742,4.25E+01,37.1094,3.66E+01,1.1614
mixed_membo_10-membo_001_.wav,9,439.6963,6.85E+01,36.1328,3.26E+01,2.1026
mixed_membo_10-membo_001_.wav,10,486.3272,5.84E+01,24.4141,2.97E+01,1.9653
mixed_membo_10-membo_002_.wav,1,49.0664,9.76E+01,0.9766,1.27E+01,7.6909
mixed_membo_10-membo_002_.wav,2,94.7266,3.58E+01,34.1797,2.11E+01,1.6936
mixed_membo_10-membo_002_.wav,3,148.7656,2.95E+01,37.1094,2.28E+01,1.2923
mixed_membo_10-membo_002_.wav,4,196.1679,3.24E+01,32.2266,2.76E+01,1.1719
mixed_membo_10-membo_002_.wav,5,241.2109,4.07E+01,37.1094,2.32E+01,1.7576
mixed_membo_10-membo_002_.wav,6,292.5475,5.30E+01,38.0859,2.31E+01,2.2987
mixed_membo_10-membo_002_.wav,7,343.7251,3.94E+01,33.2031,2.48E+01,1.5891
mixed_membo_10-membo_002_.wav,8,387.6953,4.39E+01,39.0625,2.38E+01,1.8481
mixed_membo_10-membo_002_.wav,9,437.319,3.03E+01,39.0625,2.19E+01,1.3836
mixed_membo_10-membo_002_.wav,10,488.2697,3.91E+01,33.2031,2.15E+01,1.8196
mixed_membo_10-membo_003_.wav,1,49.3904,1.19E+02,0.9766,2.36E+00,50.5652
mixed_membo_10-membo_003_.wav,2,100.1012,1.37E+01,38.0859,6.42E+00,2.131
mixed_membo_10-membo_003_.wav,3,147.6971,1.95E+01,33.2031,9.70E+00,2.0149
mixed_membo_10-membo_003_.wav,4,200.0784,3.14E+01,39.0625,1.30E+01,2.4089
mixed_membo_10-membo_003_.wav,5,246.0938,3.06E+01,37.1094,1.43E+01,2.1382
mixed_membo_10-membo_003_.wav,6,295.8984,3.29E+01,33.2031,1.34E+01,2.4592
mixed_membo_10-membo_003_.wav,7,348.584,3.27E+01,33.2031,1.42E+01,2.3026
mixed_membo_10-membo_003_.wav,8,399.6223,1.77E+01,14.6484,1.39E+01,1.2703
mixed_membo_10-membo_003_.wav,9,446.6102,2.85E+01,35.1562,1.46E+01,1.9516
mixed_membo_10-membo_003_.wav,10,495.689,1.86E+01,38.0859,1.71E+01,1.0834
mixed_membo_10-membo_004_.wav,1,49.3735,1.32E+02,1.1062,3.30E+00,39.8769
mixed_membo_10-membo_004_.wav,2,97.7688,1.58E+01,37.6106,8.50E+00,1.8638
mixed_membo_10-membo_004_.wav,3,151.5487,4.35E+01,34.292,1.45E+01,2.997
mixed_membo_10-membo_004_.wav,4,201.3274,1.65E+01,38.7168,1.47E+01,1.1194
mixed_membo_10-membo_004_.wav,5,250.2866,2.95E+01,37.6106,1.36E+01,2.1635
mixed_membo_10-membo_004_.wav,6,298.4024,2.33E+01,38.7168,1.21E+01,1.9306
mixed_membo_10-membo_004_.wav,7,347.1041,2.85E+01,29.8673,1.23E+01,2.3118
mixed_membo_10-membo_004_.wav,8,400.4396,1.71E+01,39.823,1.19E+01,1.4326
mixed_membo_10-membo_004_.wav,9,447.1875,1.89E+01,34.292,1.09E+01,1.7367
mixed_membo_10-membo_004_.wav,10,501.1062,2.25E+01,37.6106,9.80E+00,2.2959
mixed_membo_11-membo_000_.wav,1,114.9873,7.82E+02,0.9766,1.28E+01,61.1461
mixed_membo_11-membo_000_.wav,2,229.8543,2.82E+02,0.9766,1.23E+01,22.9861
mixed_membo_11-membo_000_.wav,3,344.7769,6.83E+01,39.0625,5.92E+00,11.5236
mixed_membo_11-membo_000_.wav,4,459.7723,1.12E+02,39.0625,6.61E+00,16.9036
mixed_membo_11-membo_000_.wav,5,574.4943,3.22E+01,38.0859,5.72E+00,5.6307
mixed_membo_11-membo_000_.wav,6,692.7509,3.61E+01,20.5078,6.52E+00,5.5416
mixed_membo_11-membo_000_.wav,7,804.5987,1.69E+01,39.0625,5.55E+00,3.0513
mixed_membo_11-membo_000_.wav,8,919.7414,1.83E+01,39.0625,5.46E+00,3.356
mixed_membo_11-membo_000_.wav,9,1034.1797,6.83E+01,39.0625,6.48E+00,10.5549
mixed_membo_11-membo_000_.wav,10,1149.4141,8.91E+01,20.5078,5.35E+00,16.6621
mixed_membo_11-membo_001_.wav,1,115.0077,7.67E+02,0.9766,1.18E+01,64.9353
mixed_membo_11-membo_001_.wav,2,230.0755,3.10E+02,0.9766,1.03E+01,29.9777
mixed_membo_11-membo_001_.wav,3,344.8413,6.79E+01,38.0859,6.72E+00,10.1118
mixed_membo_11-membo_001_.wav,4,459.9057,1.23E+02,39.0625,7.93E+00,15.5596
mixed_membo_11-membo_001_.wav,5,574.8442,3.52E+01,38.0859,7.65E+00,4.6046
mixed_membo_11-membo_001_.wav,6,692.87,3.72E+01,17.5781,8.17E+00,4.5575
mixed_membo_11-membo_001_.wav,7,804.6357,1.13E+01,39.0625,5.04E+00,2.2356
mixed_membo_11-membo_001_.wav,8,919.6975,1.86E+01,39.0625,3.99E+00,4.667
mixed_membo_11-membo_001_.wav,9,1034.1797,9.87E+01,38.0859,7.14E+00,13.8308
mixed_membo_11-membo_001_.wav,10,1149.4141,7.20E+01,0.9766,6.54E+00,11.0063
mixed_membo_11-membo_002_.wav,1,115.0296,7.83E+02,0.9766,1.38E+01,56.7869
mixed_membo_11-membo_002_.wav,2,230.1663,3.77E+02,0.9766,1.23E+01,30.632
mixed_membo_11-membo_002_.wav,3,344.9443,6.12E+01,38.0859,7.01E+00,8.7338
mixed_membo_11-membo_002_.wav,4,459.9706,1.18E+02,39.0625,7.80E+00,15.0684
mixed_membo_11-membo_002_.wav,5,575.0525,2.11E+01,39.0625,6.08E+00,3.4699
mixed_membo_11-membo_002_.wav,6,693.1537,4.52E+01,17.5781,6.27E+00,7.2098
mixed_membo_11-membo_002_.wav,7,804.5881,1.11E+01,39.0625,4.62E+00,2.3951
mixed_membo_11-membo_002_.wav,8,923.8287,1.12E+01,27.3438,4.52E+00,2.4841
mixed_membo_11-membo_002_.wav,9,1034.1797,1.16E+02,19.5312,6.30E+00,18.4379
mixed_membo_11-membo_002_.wav,10,1149.4141,6.73E+01,0.9766,6.25E+00,10.7715
mixed_membo_11-membo_003_.wav,1,115.0776,8.22E+02,0.9766,1.47E+01,56.057
mixed_membo_11-membo_003_.wav,2,230.2856,3.86E+02,0.9766,1.53E+01,25.3004
mixed_membo_11-membo_003_.wav,3,344.9469,6.51E+01,38.0859,7.05E+00,9.2333
mixed_membo_11-membo_003_.wav,4,460.1168,1.10E+02,39.0625,7.34E+00,15.0081
mixed_membo_11-membo_003_.wav,5,575.1924,2.26E+01,39.0625,8.35E+00,2.7038
mixed_membo_11-membo_003_.wav,6,693.3323,4.92E+01,16.6016,7.93E+00,6.207
mixed_membo_11-membo_003_.wav,7,805.1792,2.27E+01,38.0859,5.12E+00,4.4231
mixed_membo_11-membo_003_.wav,8,920.0508,1.55E+01,0.9766,4.91E+00,3.1533
mixed_membo_11-membo_003_.wav,9,1035.2115,9.78E+01,20.5078,5.44E+00,17.9761
mixed_membo_11-membo_003_.wav,10,1150.3403,6.94E+01,0.9766,6.20E+00,11.1953
mixed_membo_11-membo_004_.wav,1,115.0576,7.36E+02,1.1062,1.08E+01,67.8787
mixed_membo_11-membo_004_.wav,2,230.3218,3.82E+02,1.1062,1.21E+01,31.6672
mixed_membo_11-membo_004_.wav,3,345.2506,6.41E+01,38.7168,7.01E+00,9.1431
mixed_membo_11-membo_004_.wav,4,460.291,9.91E+01,38.7168,6.13E+00,16.1748
mixed_membo_11-membo_004_.wav,5,575.4435,3.17E+01,38.7168,6.03E+00,5.2628
mixed_membo_11-membo_004_.wav,6,690.4452,2.79E+01,38.7168,6.74E+00,4.142
mixed_membo_11-membo_004_.wav,7,805.405,1.99E+01,38.7168,4.95E+00,4.0264
mixed_membo_11-membo_004_.wav,8,920.887,1.06E+01,38.7168,5.51E+00,1.9319
mixed_membo_11-membo_004_.wav,9,1036.1273,4.47E+01,19.9115,6.20E+00,7.205
mixed_membo_11-membo_004_.wav,10,1150.6964,5.67E+01,1.1062,6.49E+00,8.7452
mixed_membo_12-membo_000_.wav,1,116.1587,5.88E+02,19.5312,1.07E+01,55.0259
mixed_membo_12-membo_000_.wav,2,232.3078,3.30E+02,19.5312,1.32E+01,25.0112
mixed_membo_12-membo_000_.wav,3,348.4044,1.10E+02,19.5312,7.40E+00,14.9021
mixed_membo_12-membo_000_.wav,4,464.5858,4.02E+01,38.0859,6.54E+00,6.1476
mixed_membo_12-membo_000_.wav,5,580.7076,1.70E+01,39.0625,6.25E+00,2.7145
mixed_membo_12-membo_000_.wav,6,700.1953,4.11E+01,16.6016,5.68E+00,7.2414
mixed_membo_12-membo_000_.wav,7,812.7961,4.43E+01,30.2734,4.54E+00,9.7449
mixed_membo_12-membo_000_.wav,8,928.6853,8.07E+00,39.0625,4.39E+00,1.8399
mixed_membo_12-membo_000_.wav,9,1044.8665,4.81E+01,19.5312,5.52E+00,8.7104
mixed_membo_12-membo_000_.wav,10,1161.1305,2.85E+01,39.0625,6.48E+00,4.4017
mixed_membo_12-membo_001_.wav,1,116.165,5.68E+02,39.0625,1.17E+01,48.4478
mixed_membo_12-membo_001_.wav,2,232.2908,2.93E+02,19.5312,1.14E+01,25.735
mixed_membo_12-membo_001_.wav,3,348.4991,1.06E+02,0.9766,6.43E+00,16.5558
mixed_membo_12-membo_001_.wav,4,464.7624,3.66E+01,39.0625,4.60E+00,7.9639
mixed_membo_12-membo_001_.wav,5,580.8008,2.51E+01,39.0625,7.37E+00,3.4036
mixed_membo_12-membo_001_.wav,6,700.1953,3.74E+01,16.6016,6.22E+00,6.0143
mixed_membo_12-membo_001_.wav,7,813.0861,3.70E+01,19.5312,4.48E+00,8.2471
mixed_membo_12-membo_001_.wav,8,929.9376,7.01E+00,39.0625,4.59E+00,1.5258
mixed_membo_12-membo_001_.wav,9,1045.0987,5.61E+01,0.9766,5.13E+00,10.9354
mixed_membo_12-membo_001_.wav,10,1161.4494,1.85E+01,39.0625,5.56E+00,3.32
mixed_membo_12-membo_002_.wav,1,116.1637,5.68E+02,39.0625,1.25E+01,45.2533
mixed_membo_12-membo_002_.wav,2,232.2246,2.95E+02,19.5312,1.37E+01,21.498
mixed_membo_12-membo_002_.wav,3,348.4878,1.08E+02,19.5312,7.07E+00,15.2271
mixed_membo_12-membo_002_.wav,4,464.5352,4.14E+01,39.0625,6.28E+00,6.5978
mixed_membo_12-membo_002_.wav,5,580.7488,3.76E+01,39.0625,8.59E+00,4.3771
mixed_membo_12-membo_002_.wav,6,700.1953,4.15E+01,16.6016,6.93E+00,5.989
mixed_membo_12-membo_002_.wav,7,813.0351,4.00E+01,19.5312,4.40E+00,9.0993
mixed_membo_12-membo_002_.wav,8,928.8304,1.58E+01,39.0625,6.30E+00,2.5065
mixed_membo_12-membo_002_.wav,9,1045.2055,4.18E+01,20.5078,6.33E+00,6.6063
mixed_membo_12-membo_002_.wav,10,1161.8793,1.68E+01,39.0625,6.57E+00,2.5542
mixed_membo_12-membo_003_.wav,1,116.1837,5.74E+02,19.5312,9.01E+00,63.7843
mixed_membo_12-membo_003_.wav,2,232.2771,2.78E+02,19.5312,1.16E+01,23.866
mixed_membo_12-membo_003_.wav,3,348.5474,1.19E+02,19.5312,5.98E+00,19.962
mixed_membo_12-membo_003_.wav,4,464.5687,4.22E+01,39.0625,5.96E+00,7.086
mixed_membo_12-membo_003_.wav,5,580.9174,3.99E+01,39.0625,5.83E+00,6.8461
mixed_membo_12-membo_003_.wav,6,700.1953,4.00E+01,34.1797,5.61E+00,7.1227
mixed_membo_12-membo_003_.wav,7,813.2861,3.84E+01,19.5312,4.14E+00,9.2632
mixed_membo_12-membo_003_.wav,8,929.5025,9.34E+00,0.9766,4.78E+00,1.9556
mixed_membo_12-membo_003_.wav,9,1046.0285,3.22E+01,20.5078,5.57E+00,5.7751
mixed_membo_12-membo_003_.wav,10,1161.7935,1.84E+01,39.0625,5.97E+00,3.0754
mixed_membo_12-membo_004_.wav,1,116.1764,5.22E+02,19.9115,8.75E+00,59.651
mixed_membo_12-membo_004_.wav,2,232.2595,2.73E+02,19.9115,9.67E+00,28.2266
mixed_membo_12-membo_004_.wav,3,348.5329,1.09E+02,19.9115,5.71E+00,19.146
mixed_membo_12-membo_004_.wav,4,464.6369,4.71E+01,39.823,5.60E+00,8.4138
mixed_membo_12-membo_004_.wav,5,580.9507,3.96E+01,38.7168,4.43E+00,8.9307
mixed_membo_12-membo_004_.wav,6,700.2212,3.51E+01,16.5929,7.10E+00,4.942
mixed_membo_12-membo_004_.wav,7,813.4007,3.22E+01,19.9115,4.59E+00,7.0114
mixed_membo_12-membo_004_.wav,8,929.2333,1.25E+01,39.823,4.13E+00,3.0341
mixed_membo_12-membo_004_.wav,9,1045.6952,3.48E+01,19.9115,5.98E+00,5.8121
mixed_membo_12-membo_004_.wav,10,1162.1197,1.48E+01,38.7168,5.72E+00,2.5959
mixed_membo_13-membo_000_.wav,1,49.4353,1.29E+02,0.9766,4.19E+00,30.8013
mixed_membo_13-membo_000_.wav,2,99.6004,1.82E+01,19.5312,4.25E+00,4.2864
mixed_membo_13-membo_000_.wav,3,152.3438,5.02E+00,8.7891,3.93E+00,1.2784
mixed_membo_13-membo_000_.wav,4,200.1922,1.83E+01,32.2266,5.71E+00,3.2158
mixed_membo_13-membo_000_.wav,5,251.9531,1.14E+01,35.1562,5.75E+00,1.9873
mixed_membo_13-membo_000_.wav,6,301.7578,7.73E+00,31.25,4.53E+00,1.7045
mixed_membo_13-membo_000_.wav,7,347.275,6.02E+00,38.0859,3.42E+00,1.7626
mixed_membo_13-membo_000_.wav,8,397.4478,7.47E+00,30.2734,2.64E+00,2.8278
mixed_membo_13-membo_000_.wav,9,445.3125,3.76E+00,9.7656,3.07E+00,1.2229
mixed_membo_13-membo_000_.wav,10,500.1423,8.31E+00,16.6016,3.10E+00,2.6831
mixed_membo_13-membo_001_.wav,1,49.2355,1.48E+02,0.9766,1.47E+00,100.7885
mixed_membo_13-membo_001_.wav,2,99.9854,1.05E+01,0.9766,2.20E+00,4.7967
mixed_membo_13-membo_001_.wav,3,149.4141,4.24E+00,0.9766,2.99E+00,1.4167
mixed_membo_13-membo_001_.wav,4,198.2422,1.32E+01,30.2734,6.90E+00,1.9108
mixed_membo_13-membo_001_.wav,5,246.3396,1.84E+01,34.1797,8.00E+00,2.3021
mixed_membo_13-membo_001_.wav,6,290.0391,7.74E+00,33.2031,5.23E+00,1.4806
mixed_membo_13-membo_001_.wav,7,343.4408,8.70E+00,37.1094,3.13E+00,2.78
mixed_membo_13-membo_001_.wav,8,391.4793,4.14E+00,33.2031,3.12E+00,1.3292
mixed_membo_13-membo_001_.wav,9,441.1476,2.85E+00,37.1094,3.42E+00,0.8345
mixed_membo_13-membo_001_.wav,10,486.3528,8.94E+00,30.2734,2.65E+00,3.3805
mixed_membo_13-membo_002_.wav,1,49.3297,1.39E+02,0.9766,1.02E+00,136.7543
mixed_membo_13-membo_002_.wav,2,99.8683,1.13E+01,0.9766,1.72E+00,6.5763
mixed_membo_13-membo_002_.wav,3,148.773,2.85E+00,10.7422,2.78E+00,1.026
mixed_membo_13-membo_002_.wav,4,200.2512,3.05E+01,31.25,8.88E+00,3.4365
mixed_membo_13-membo_002_.wav,5,250.9418,1.82E+01,37.1094,8.31E+00,2.1896
mixed_membo_13-membo_002_.wav,6,296.9352,8.64E+00,38.0859,5.58E+00,1.5474
mixed_membo_13-membo_002_.wav,7,345.7031,5.97E+00,38.0859,4.03E+00,1.4809
mixed_membo_13-membo_002_.wav,8,401.3672,4.69E+00,33.2031,3.89E+00,1.2036
mixed_membo_13-membo_002_.wav,9,450.4124,5.63E+00,32.2266,4.09E+00,1.3763
mixed_membo_13-membo_002_.wav,10,500.1867,6.26E+00,39.0625,3.69E+00,1.6981
mixed_membo_13-membo_003_.wav,1,49.2392,1.22E+02,0.9766,1.36E+00,89.8944
mixed_membo_13-membo_003_.wav,2,100.0196,1.13E+01,0.9766,1.93E+00,5.8659
mixed_membo_13-membo_003_.wav,3,147.1544,3.74E+00,39.0625,2.88E+00,1.301
mixed_membo_13-membo_003_.wav,4,192.3828,1.01E+01,0.9766,4.79E+00,2.1008
mixed_membo_13-membo_003_.wav,5,242.3347,1.16E+01,36.1328,5.20E+00,2.2416
mixed_membo_13-membo_003_.wav,6,291.0417,8.52E+00,37.1094,4.21E+00,2.0215
mixed_membo_13-membo_003_.wav,7,339.7439,4.70E+00,32.2266,3.49E+00,1.3492
mixed_membo_13-membo_003_.wav,8,393.5547,6.71E+00,31.25,3.09E+00,2.174
mixed_membo_13-membo_003_.wav,9,441.4999,4.95E+00,30.2734,3.27E+00,1.5148
mixed_membo_13-membo_003_.wav,10,491.2109,5.92E+00,28.3203,2.81E+00,2.1115
mixed_membo_13-membo_004_.wav,1,49.2795,1.25E+02,1.1062,1.14E+00,109.5848
mixed_membo_13-membo_004_.wav,2,100.1617,8.24E+00,1.1062,1.83E+00,4.505
mixed_membo_13-membo_004_.wav,3,149.9452,3.67E+00,12.1681,2.41E+00,1.5234
mixed_membo_13-membo_004_.wav,4,200.0058,2.70E+01,16.5929,5.47E+00,4.9387
mixed_membo_13-membo_004_.wav,5,249.3534,1.13E+01,23.2301,4.86E+00,2.3303
mixed_membo_13-membo_004_.wav,6,299.4539,5.36E+00,38.7168,3.23E+00,1.6575
mixed_membo_13-membo_004_.wav,7,347.1139,6.19E+00,38.7168,2.58E+00,2.3975
mixed_membo_13-membo_004_.wav,8,399.2548,5.18E+00,38.7168,2.26E+00,2.2886
mixed_membo_13-membo_004_.wav,9,447.173,5.46E+00,37.6106,2.40E+00,2.2784
mixed_membo_13-membo_004_.wav,10,499.9724,9.44E+00,13.2743,2.43E+00,3.8895
mixed_membo_14-membo_000_.wav,1,49.5585,1.74E+02,0.9766,1.05E+01,16.5117
mixed_membo_14-membo_000_.wav,2,102.5391,5.57E+01,24.4141,1.44E+01,3.8557
mixed_membo_14-membo_000_.wav,3,149.6996,2.02E+01,0.9766,1.10E+01,1.8309
mixed_membo_14-membo_000_.wav,4,201.411,1.12E+01,0.9766,8.56E+00,1.3045
mixed_membo_14-membo_000_.wav,5,246.0938,3.42E+01,20.5078,3.91E+00,8.7592
mixed_membo_14-membo_000_.wav,6,301.7578,5.48E+00,16.6016,2.65E+00,2.0652
mixed_membo_14-membo_000_.wav,7,346.9314,5.24E+00,1.9531,3.38E+00,1.553
mixed_membo_14-membo_000_.wav,8,395.5078,4.82E+00,1.9531,3.32E+00,1.4535
mixed_membo_14-membo_000_.wav,9,451.1719,1.43E+01,2.9297,3.09E+00,4.6101
mixed_membo_14-membo_000_.wav,10,495.1172,1.12E+01,3.9062,2.42E+00,4.6256
mixed_membo_14-membo_001_.wav,1,189.4084,1.46E+02,1.9531,1.29E+01,11.3121
mixed_membo_14-membo_001_.wav,2,378.8534,2.79E+01,2.9297,5.48E+00,5.0952
mixed_membo_14-membo_001_.wav,3,567.169,2.25E+01,20.5078,7.04E+00,3.2003
mixed_membo_14-membo_001_.wav,4,759.7956,5.68E+00,27.3438,3.54E+00,1.607
mixed_membo_14-membo_001_.wav,5,948.9873,4.19E+00,39.0625,2.14E+00,1.9616
mixed_membo_14-membo_001_.wav,6,1137.4117,3.78E+00,38.0859,1.83E+00,2.0586
mixed_membo_14-membo_001_.wav,7,1323.7397,1.85E+00,38.0859,8.00E-01,2.3187
mixed_membo_14-membo_001_.wav,8,1518.5547,2.13E+00,39.0625,1.17E+00,1.8156
mixed_membo_14-membo_001_.wav,9,1704.3306,1.16E+00,36.1328,4.58E-01,2.543
mixed_membo_14-membo_001_.wav,10,1896.6053,4.90E+00,18.5547,6.73E-01,7.2874
mixed_membo_14-membo_002_.wav,1,193.2862,1.96E+02,1.9531,1.37E+01,14.283
mixed_membo_14-membo_002_.wav,2,386.365,4.41E+01,2.9297,6.17E+00,7.1533
mixed_membo_14-membo_002_.wav,3,578.0405,1.63E+01,21.4844,7.61E+00,2.1369
mixed_membo_14-membo_002_.wav,4,770.5078,7.90E+00,33.2031,3.24E+00,2.4396
mixed_membo_14-membo_002_.wav,5,966.7288,3.38E+00,39.0625,2.27E+00,1.487
mixed_membo_14-membo_002_.wav,6,1157.2266,3.43E+00,36.1328,2.80E+00,1.2244
mixed_membo_14-membo_002_.wav,7,1354.9538,1.96E+00,29.2969,1.29E+00,1.5221
mixed_membo_14-membo_002_.wav,8,1549.8047,2.65E+00,27.3438,1.26E+00,2.1046
mixed_membo_14-membo_002_.wav,9,1743.1641,9.42E-01,38.0859,4.68E-01,2.0148
mixed_membo_14-membo_002_.wav,10,1930.6641,8.49E-01,39.0625,9.06E-01,0.9371
mixed_membo_14-membo_003_.wav,1,49.1961,1.42E+02,0.9766,1.32E+01,10.8185
mixed_membo_14-membo_003_.wav,2,97.5086,3.18E+01,0.9766,1.63E+01,1.9522
mixed_membo_14-membo_003_.wav,3,146.4227,1.46E+01,30.2734,1.09E+01,1.3356
mixed_membo_14-membo_003_.wav,4,196.0018,1.29E+02,0.9766,8.54E+00,15.0509
mixed_membo_14-membo_003_.wav,5,241.2109,1.88E+01,0.9766,4.96E+00,3.7851
mixed_membo_14-membo_003_.wav,6,294.3395,4.24E+00,25.3906,3.13E+00,1.3552
mixed_membo_14-membo_003_.wav,7,344.0609,5.29E+00,24.4141,3.61E+00,1.4659
mixed_membo_14-membo_003_.wav,8,391.226,2.11E+01,2.9297,3.37E+00,6.2636
mixed_membo_14-membo_003_.wav,9,436.5234,1.13E+01,1.9531,3.16E+00,3.562
mixed_membo_14-membo_003_.wav,10,490.0931,1.98E+00,2.9297,2.07E+00,0.9575
mixed_membo_14-membo_004_.wav,1,198.0997,2.16E+02,1.9531,1.19E+01,18.1779
mixed_membo_14-membo_004_.wav,2,395.9845,4.69E+01,3.9062,8.74E+00,5.3641
mixed_membo_14-membo_004_.wav,3,597.6562,1.44E+01,31.25,7.47E+00,1.9344
mixed_membo_14-membo_004_.wav,4,795.8984,7.40E+00,6.8359,2.51E+00,2.9445
mixed_membo_14-membo_004_.wav,5,989.88,2.92E+00,37.1094,1.44E+00,2.0332
mixed_membo_14-membo_004_.wav,6,1191.6244,4.29E+00,36.1328,3.47E+00,1.2384
mixed_membo_14-membo_004_.wav,7,1387.6953,6.53E-01,32.2266,5.31E-01,1.2295
mixed_membo_14-membo_004_.wav,8,1585.2778,2.06E+00,32.2266,7.22E-01,2.8507
mixed_membo_14-membo_004_.wav,9,1786.3583,2.44E+00,23.4375,8.41E-01,2.9084
mixed_membo_14-membo_004_.wav,10,1982.9337,3.30E-01,36.1328,2.04E-01,1.621
mixed_membo_15-membo_000_.wav,1,70.221,5.37E+02,1.9531,1.40E+01,38.2159
mixed_membo_15-membo_000_.wav,2,140.6349,4.48E+02,19.5312,2.54E+01,17.6435
mixed_membo_15-membo_000_.wav,3,211.3234,4.97E+02,20.5078,3.15E+01,15.8053
mixed_membo_15-membo_000_.wav,4,281.041,1.92E+02,3.9062,1.99E+01,9.6273
mixed_membo_15-membo_000_.wav,5,351.588,3.75E+02,8.7891,2.11E+01,17.7517
mixed_membo_15-membo_000_.wav,6,422.2672,4.40E+02,8.7891,2.75E+01,16.032
mixed_membo_15-membo_000_.wav,7,491.7728,5.19E+01,9.7656,1.45E+01,3.5747
mixed_membo_15-membo_000_.wav,8,561.6709,2.34E+02,13.6719,2.89E+01,8.0899
mixed_membo_15-membo_000_.wav,9,631.013,1.83E+02,14.6484,2.39E+01,7.6395
mixed_membo_15-membo_000_.wav,10,706.0547,6.13E+01,9.7656,1.47E+01,4.166
mixed_membo_15-membo_001_.wav,1,67.2299,8.77E+02,0.9766,1.35E+01,65.0426
mixed_membo_15-membo_001_.wav,2,134.632,4.92E+02,17.5781,2.08E+01,23.6608
mixed_membo_15-membo_001_.wav,3,201.4172,4.42E+02,20.5078,2.85E+01,15.4977
mixed_membo_15-membo_001_.wav,4,267.9145,2.42E+02,2.9297,1.06E+01,22.7659
mixed_membo_15-membo_001_.wav,5,336.812,1.16E+02,4.8828,1.42E+01,8.1741
mixed_membo_15-membo_001_.wav,6,403.3402,2.05E+02,5.8594,2.36E+01,8.6804
mixed_membo_15-membo_001_.wav,7,469.5873,8.33E+01,8.7891,1.32E+01,6.3087
mixed_membo_15-membo_001_.wav,8,540.6637,3.71E+01,19.5312,7.26E+00,5.1095
mixed_membo_15-membo_001_.wav,9,606.2662,6.35E+01,26.3672,1.61E+01,3.9472
mixed_membo_15-membo_001_.wav,10,671.5787,4.95E+01,22.4609,1.27E+01,3.8995
mixed_membo_15-membo_002_.wav,1,65.5395,9.85E+02,0.9766,1.48E+01,66.6104
mixed_membo_15-membo_002_.wav,2,131.0374,2.41E+02,16.6016,1.98E+01,12.1715
mixed_membo_15-membo_002_.wav,3,196.4106,3.76E+02,17.5781,4.84E+01,7.7681
mixed_membo_15-membo_002_.wav,4,261.7568,3.29E+02,17.5781,3.13E+01,10.5121
mixed_membo_15-membo_002_.wav,5,325.066,1.73E+01,2.9297,1.24E+01,1.3927
mixed_membo_15-membo_002_.wav,6,392.6133,9.88E+01,2.9297,8.72E+00,11.3255
mixed_membo_15-membo_002_.wav,7,457.6518,1.06E+02,3.9062,1.22E+01,8.6214
mixed_membo_15-membo_002_.wav,8,522.2025,6.40E+01,5.8594,7.57E+00,8.4473
mixed_membo_15-membo_002_.wav,9,585.9375,1.60E+01,21.4844,5.52E+00,2.8983
mixed_membo_15-membo_002_.wav,10,652.4176,2.15E+01,36.1328,7.99E+00,2.694
mixed_membo_15-membo_003_.wav,1,64.6366,5.93E+02,0.9766,1.80E+01,32.9106
mixed_membo_15-membo_003_.wav,2,129.8117,8.97E+01,0.9766,1.80E+01,4.972
mixed_membo_15-membo_003_.wav,3,194.4406,3.16E+02,32.2266,2.91E+01,10.8644
mixed_membo_15-membo_003_.wav,4,258.8869,2.01E+02,33.2031,2.58E+01,7.821
mixed_membo_15-membo_003_.wav,5,323.3502,7.73E+01,16.6016,1.06E+01,7.3217
mixed_membo_15-membo_003_.wav,6,387.8868,2.42E+01,18.5547,4.76E+00,5.0791
mixed_membo_15-membo_003_.wav,7,452.3243,2.97E+01,33.2031,5.89E+00,5.0445
mixed_membo_15-membo_003_.wav,8,517.5014,5.29E+01,34.1797,7.22E+00,7.3267
mixed_membo_15-membo_003_.wav,9,581.9231,2.56E+01,17.5781,5.38E+00,4.7588
mixed_membo_15-membo_003_.wav,10,647.4609,1.22E+01,17.5781,4.15E+00,2.927
mixed_membo_15-membo_004_.wav,1,63.9224,4.95E+02,1.1062,1.55E+01,31.9061
mixed_membo_15-membo_004_.wav,2,129.7023,2.19E+01,1.1062,1.50E+01,1.4634
mixed_membo_15-membo_004_.wav,3,191.6079,2.02E+02,33.1858,2.65E+01,7.6207
mixed_membo_15-membo_004_.wav,4,255.2655,2.39E+02,16.5929,3.72E+01,6.4179
mixed_membo_15-membo_004_.wav,5,319.0899,1.31E+02,17.6991,1.94E+01,6.7663
mixed_membo_15-membo_004_.wav,6,382.7083,2.87E+01,18.8053,4.53E+00,6.3219
mixed_membo_15-membo_004_.wav,7,446.8962,3.28E+01,16.5929,4.69E+00,7.0102
mixed_membo_15-membo_004_.wav,8,511.1867,4.86E+01,33.1858,7.27E+00,6.6819
mixed_membo_15-membo_004_.wav,9,575.2452,2.55E+01,22.1239,7.96E+00,3.2082
mixed_membo_15-membo_004_.wav,10,640.041,5.63E+00,14.3805,2.91E+00,1.9306
mixed_membo_16-membo_000_.wav,1,100.1366,7.13E+02,0.9766,6.98E+01,10.2031
mixed_membo_16-membo_000_.wav,2,202.9814,1.89E+02,13.6719,3.86E+01,4.9039
mixed_membo_16-membo_000_.wav,3,299.9159,2.02E+02,21.4844,6.32E+01,3.2044
mixed_membo_16-membo_000_.wav,4,403.1029,4.79E+01,37.1094,2.91E+01,1.6479
mixed_membo_16-membo_000_.wav,5,505.0452,6.06E+01,31.25,2.74E+01,2.2124
mixed_membo_16-membo_000_.wav,6,603.4837,2.21E+01,39.0625,2.18E+01,1.012
mixed_membo_16-membo_000_.wav,7,707.0312,1.88E+01,31.25,1.88E+01,1.0022
mixed_membo_16-membo_000_.wav,8,806.7675,2.73E+01,34.1797,1.13E+01,2.4248
mixed_membo_16-membo_000_.wav,9,906.2794,4.74E+01,36.1328,1.76E+01,2.6876
mixed_membo_16-membo_000_.wav,10,1004.2912,8.25E+01,0.9766,2.20E+01,3.7446
mixed_membo_16-membo_001_.wav,1,84.911,3.19E+02,32.2266,6.45E+01,4.9474
mixed_membo_16-membo_001_.wav,2,166.9922,1.14E+02,3.9062,4.63E+01,2.4598
mixed_membo_16-membo_001_.wav,3,257.8125,2.13E+02,18.5547,5.08E+01,4.1826
mixed_membo_16-membo_001_.wav,4,340.7537,5.53E+01,35.1562,3.77E+01,1.4659
mixed_membo_16-membo_001_.wav,5,425.135,9.27E+01,19.5312,2.27E+01,4.0884
mixed_membo_16-membo_001_.wav,6,512.6953,6.61E+01,34.1797,2.60E+01,2.5436
mixed_membo_16-membo_001_.wav,7,591.7969,3.90E+01,39.0625,2.83E+01,1.3799
mixed_membo_16-membo_001_.wav,8,680.5523,1.56E+01,33.2031,1.84E+01,0.8482
mixed_membo_16-membo_001_.wav,9,767.0856,2.76E+01,34.1797,1.61E+01,1.709
mixed_membo_16-membo_001_.wav,10,852.5391,1.17E+01,28.3203,1.12E+01,1.0421
mixed_membo_16-membo_002_.wav,1,49.0361,8.82E+01,10.7422,1.11E+01,7.9349
mixed_membo_16-membo_002_.wav,2,99.7699,2.12E+01,22.4609,1.37E+01,1.5463
mixed_membo_16-membo_002_.wav,3,145.5551,1.22E+01,39.0625,8.08E+00,1.505
mixed_membo_16-membo_002_.wav,4,192.3828,7.27E+00,35.1562,6.31E+00,1.1517
mixed_membo_16-membo_002_.wav,5,241.2109,4.61E+00,31.25,5.70E+00,0.8083
mixed_membo_16-membo_002_.wav,6,290.0391,6.56E+00,34.1797,5.46E+00,1.2018
mixed_membo_16-membo_002_.wav,7,338.8672,9.24E+00,37.1094,4.78E+00,1.9313
mixed_membo_16-membo_002_.wav,8,390.7112,5.66E+00,39.0625,3.65E+00,1.5511
mixed_membo_16-membo_002_.wav,9,436.5234,4.53E+00,28.3203,2.27E+00,1.9923
mixed_membo_16-membo_002_.wav,10,488.4529,2.24E+00,30.2734,2.25E+00,0.9972
mixed_membo_16-membo_003_.wav,1,49.1906,1.80E+02,3.9062,2.43E+01,7.3982
mixed_membo_16-membo_003_.wav,2,98.849,4.12E+01,35.1562,2.57E+01,1.6025
mixed_membo_16-membo_003_.wav,3,149.4141,2.17E+01,38.0859,1.47E+01,1.4742
mixed_membo_16-membo_003_.wav,4,194.7971,1.05E+01,25.3906,5.55E+00,1.8917
mixed_membo_16-membo_003_.wav,5,242.8731,5.55E+00,38.0859,3.24E+00,1.7094
mixed_membo_16-membo_003_.wav,6,295.8984,4.12E+00,20.5078,2.58E+00,1.5935
mixed_membo_16-membo_003_.wav,7,339.5224,5.59E+00,14.6484,1.55E+00,3.6124
mixed_membo_16-membo_003_.wav,8,390.4201,1.84E+00,38.0859,8.52E-01,2.1559
mixed_membo_16-membo_003_.wav,9,441.3761,8.47E-01,39.0625,6.71E-01,1.2624
mixed_membo_16-membo_003_.wav,10,485.3516,1.34E+00,37.1094,6.81E-01,1.9621
mixed_membo_16-membo_004_.wav,1,49.4259,9.88E+01,1.1062,1.11E+00,89.0806
mixed_membo_16-membo_004_.wav,2,99.8951,9.36E+00,1.1062,9.96E-01,9.3918
mixed_membo_16-membo_004_.wav,3,147.4909,5.61E-01,3.3186,4.37E-01,1.2828
mixed_membo_16-membo_004_.wav,4,200.0943,4.98E+00,1.1062,4.09E-01,12.1891
mixed_membo_16-membo_004_.wav,5,246.2372,6.91E-01,37.6106,3.97E-01,1.7404
mixed_membo_16-membo_004_.wav,6,296.6363,3.46E+00,11.0619,4.07E-01,8.5162
mixed_membo_16-membo_004_.wav,7,345.8346,2.35E+00,1.1062,3.71E-01,6.3483
mixed_membo_16-membo_004_.wav,8,394.9115,1.42E+00,1.1062,2.57E-01,5.5237
mixed_membo_16-membo_004_.wav,9,444.6903,8.40E-01,19.9115,2.65E-01,3.1691
mixed_membo_16-membo_004_.wav,10,494.469,9.06E-01,8.8496,2.60E-01,3.4823
mixed_membo_17-membo_000_.wav,1,59.9685,3.17E+02,0.9766,1.84E+01,17.2634
mixed_membo_17-membo_000_.wav,2,120.1022,4.49E+01,15.625,1.44E+01,3.1105
mixed_membo_17-membo_000_.wav,3,175.7812,9.80E+01,10.7422,8.75E+00,11.2035
mixed_membo_17-membo_000_.wav,4,235.3516,1.75E+01,33.2031,7.32E+00,2.3921
mixed_membo_17-membo_000_.wav,5,299.7909,1.23E+01,30.2734,6.40E+00,1.9244
mixed_membo_17-membo_000_.wav,6,359.7636,1.66E+01,21.4844,5.37E+00,3.0948
mixed_membo_17-membo_000_.wav,7,419.9219,2.68E+01,0.9766,3.72E+00,7.2088
mixed_membo_17-membo_000_.wav,8,479.4922,3.10E+00,0.9766,2.41E+00,1.2864
mixed_membo_17-membo_000_.wav,9,537.9562,3.38E+00,33.2031,2.90E+00,1.1652
mixed_membo_17-membo_000_.wav,10,595.4312,7.31E+00,29.2969,6.39E+00,1.1452
mixed_membo_17-membo_001_.wav,1,59.707,2.65E+02,29.2969,3.85E+01,6.8765
mixed_membo_17-membo_001_.wav,2,118.0988,5.76E+01,36.1328,4.29E+01,1.3422
mixed_membo_17-membo_001_.wav,3,175.7812,8.85E+01,10.7422,2.25E+01,3.9369
mixed_membo_17-membo_001_.wav,4,240.0172,4.15E+01,14.6484,1.02E+01,4.052
mixed_membo_17-membo_001_.wav,5,299.8862,2.80E+01,17.5781,8.24E+00,3.399
mixed_membo_17-membo_001_.wav,6,359.7269,2.24E+01,10.7422,5.68E+00,3.9378
mixed_membo_17-membo_001_.wav,7,419.9219,2.69E+01,1.9531,4.13E+00,6.5151
mixed_membo_17-membo_001_.wav,8,474.5057,3.43E+00,1.9531,3.22E+00,1.0663
mixed_membo_17-membo_001_.wav,9,535.451,4.65E+00,34.1797,3.85E+00,1.2084
mixed_membo_17-membo_001_.wav,10,592.7734,9.36E+00,33.2031,5.46E+00,1.7129
mixed_membo_17-membo_002_.wav,1,59.9477,2.88E+02,0.9766,6.56E+00,43.9263
mixed_membo_17-membo_002_.wav,2,119.9612,2.70E+01,30.2734,8.46E+00,3.192
mixed_membo_17-membo_002_.wav,3,175.7812,9.98E+01,11.7188,8.33E+00,11.9809
mixed_membo_17-membo_002_.wav,4,239.8083,2.24E+01,33.2031,7.12E+00,3.1446
mixed_membo_17-membo_002_.wav,5,299.8956,2.39E+01,12.6953,6.11E+00,3.903
mixed_membo_17-membo_002_.wav,6,356.9766,9.64E+00,33.2031,5.71E+00,1.6883
mixed_membo_17-membo_002_.wav,7,419.9219,2.92E+01,0.9766,3.73E+00,7.825
mixed_membo_17-membo_002_.wav,8,473.6328,4.03E+00,0.9766,2.76E+00,1.4591
mixed_membo_17-membo_002_.wav,9,538.2642,3.25E+00,39.0625,2.82E+00,1.1526
mixed_membo_17-membo_002_.wav,10,598.6328,5.62E+00,31.25,3.86E+00,1.4569
mixed_membo_17-membo_003_.wav,1,198.6456,7.06E-03,25.3906,2.81E-03,2.5168
mixed_membo_17-membo_003_.wav,2,398.2242,3.28E-03,36.1328,2.90E-03,1.133
mixed_membo_17-membo_003_.wav,3,591.7969,5.71E-03,35.1562,2.90E-03,1.9677
mixed_membo_17-membo_003_.wav,4,791.8428,5.85E-03,34.1797,2.68E-03,2.1804
mixed_membo_17-membo_003_.wav,5,992.0791,2.88E-03,38.0859,2.76E-03,1.0447
mixed_membo_17-membo_003_.wav,6,1186.5234,5.65E-03,34.1797,2.80E-03,2.015
mixed_membo_17-membo_003_.wav,7,1384.7656,3.69E-03,32.2266,2.75E-03,1.3406
mixed_membo_17-membo_003_.wav,8,1585.0803,4.88E-03,24.4141,2.66E-03,1.83
mixed_membo_17-membo_003_.wav,9,1786.0279,4.27E-03,15.625,1.91E-03,2.2372
mixed_membo_17-membo_003_.wav,10,1979.4922,4.05E-03,36.1328,1.60E-03,2.526
mixed_membo_17-membo_004_.wav,1,165.1505,6.48E-03,15.4867,2.19E-03,2.9586
mixed_membo_17-membo_004_.wav,2,332.9646,3.93E-03,37.6106,2.79E-03,1.4107
mixed_membo_17-membo_004_.wav,3,493.493,4.65E-03,37.6106,2.78E-03,1.6733
mixed_membo_17-membo_004_.wav,4,658.4173,2.98E-03,33.1858,2.66E-03,1.1221
mixed_membo_17-membo_004_.wav,5,824.3881,2.90E-03,38.7168,2.46E-03,1.1787
mixed_membo_17-membo_004_.wav,6,988.1021,4.19E-03,37.6106,2.42E-03,1.7315
mixed_membo_17-membo_004_.wav,7,1150.4425,3.87E-03,38.7168,2.70E-03,1.4345
mixed_membo_17-membo_004_.wav,8,1315.2655,4.01E-03,35.3982,2.80E-03,1.4342
mixed_membo_17-membo_004_.wav,9,1480.9225,6.32E-03,35.3982,2.50E-03,2.5266
mixed_membo_17-membo_004_.wav,10,1650.4425,7.23E-03,22.1239,2.36E-03,3.0591
mixed_membo_18-membo_000_.wav,1,49.6226,8.45E+01,19.5312,1.08E+01,7.8051
mixed_membo_18-membo_000_.wav,2,99.832,2.54E+01,39.0625,1.91E+01,1.3247
mixed_membo_18-membo_000_.wav,3,150.7801,2.26E+01,30.2734,1.67E+01,1.3569
mixed_membo_18-membo_000_.wav,4,197.5355,2.07E+01,38.0859,1.02E+01,2.0366
mixed_membo_18-membo_000_.wav,5,249.4395,1.42E+01,36.1328,8.91E+00,1.5947
mixed_membo_18-membo_000_.wav,6,299.8586,9.37E+00,36.1328,7.80E+00,1.2006
mixed_membo_18-membo_000_.wav,7,345.7031,1.53E+01,38.0859,6.44E+00,2.3776
mixed_membo_18-membo_000_.wav,8,397.4423,8.84E+00,32.2266,4.91E+00,1.8003
mixed_membo_18-membo_000_.wav,9,445.9402,1.18E+01,37.1094,4.68E+00,2.5143
mixed_membo_18-membo_000_.wav,10,495.1172,5.45E+00,37.1094,4.49E+00,1.2143
mixed_membo_18-membo_001_.wav,1,49.911,8.23E+01,22.4609,1.26E+01,6.5363
mixed_membo_18-membo_001_.wav,2,96.6797,2.49E+01,30.2734,1.97E+01,1.2598
mixed_membo_18-membo_001_.wav,3,152.3438,2.96E+01,35.1562,1.54E+01,1.9291
mixed_membo_18-membo_001_.wav,4,196.2891,2.68E+01,34.1797,1.14E+01,2.3603
mixed_membo_18-membo_001_.wav,5,248.946,2.17E+01,39.0625,9.38E+00,2.3099
mixed_membo_18-membo_001_.wav,6,299.5733,1.41E+01,28.3203,6.31E+00,2.2347
mixed_membo_18-membo_001_.wav,7,345.7031,6.00E+00,23.4375,4.75E+00,1.2633
mixed_membo_18-membo_001_.wav,8,398.4263,8.20E+00,39.0625,4.07E+00,2.0148
mixed_membo_18-membo_001_.wav,9,448.3705,6.83E+00,33.2031,4.07E+00,1.6782
mixed_membo_18-membo_001_.wav,10,498.7623,6.41E+00,33.2031,3.68E+00,1.7429
mixed_membo_18-membo_002_.wav,1,49.5849,1.17E+02,8.7891,1.23E+01,9.5149
mixed_membo_18-membo_002_.wav,2,99.8703,2.62E+01,39.0625,1.73E+01,1.5103
mixed_membo_18-membo_002_.wav,3,148.5162,3.25E+01,38.0859,1.45E+01,2.2339
mixed_membo_18-membo_002_.wav,4,201.1291,2.10E+01,33.2031,9.40E+00,2.2332
mixed_membo_18-membo_002_.wav,5,251.9531,9.73E+00,31.25,7.97E+00,1.2205
mixed_membo_18-membo_002_.wav,6,295.8984,1.04E+01,32.2266,6.59E+00,1.5725
mixed_membo_18-membo_002_.wav,7,348.7791,9.78E+00,36.1328,5.90E+00,1.6583
mixed_membo_18-membo_002_.wav,8,401.3672,6.04E+00,38.0859,5.35E+00,1.1287
mixed_membo_18-membo_002_.wav,9,446.4797,4.71E+00,39.0625,4.43E+00,1.0635
mixed_membo_18-membo_002_.wav,10,499.6755,5.11E+00,32.2266,3.59E+00,1.4245
mixed_membo_18-membo_003_.wav,1,49.6415,1.21E+02,9.7656,1.41E+01,8.5651
mixed_membo_18-membo_003_.wav,2,96.6797,5.89E+01,22.4609,1.86E+01,3.166
mixed_membo_18-membo_003_.wav,3,146.4844,2.92E+01,35.1562,1.41E+01,2.0776
mixed_membo_18-membo_003_.wav,4,198.221,1.54E+01,35.1562,1.07E+01,1.4444
mixed_membo_18-membo_003_.wav,5,249.1204,2.24E+01,38.0859,9.15E+00,2.4453
mixed_membo_18-membo_003_.wav,6,295.8984,1.69E+01,36.1328,8.39E+00,2.0196
mixed_membo_18-membo_003_.wav,7,345.7031,1.47E+01,34.1797,6.31E+00,2.3345
mixed_membo_18-membo_003_.wav,8,395.5078,4.50E+00,30.2734,4.45E+00,1.0095
mixed_membo_18-membo_003_.wav,9,447.2425,8.43E+00,34.1797,3.75E+00,2.2454
mixed_membo_18-membo_003_.wav,10,500.9766,6.57E+00,39.0625,3.59E+00,1.8316
mixed_membo_18-membo_004_.wav,1,49.6887,1.23E+02,7.7434,1.45E+01,8.4548
mixed_membo_18-membo_004_.wav,2,99.1376,3.48E+01,29.8673,2.05E+01,1.6974
mixed_membo_18-membo_004_.wav,3,146.0177,2.05E+01,18.8053,1.37E+01,1.5007
mixed_membo_18-membo_004_.wav,4,197.0951,1.18E+01,9.9558,8.88E+00,1.3269
mixed_membo_18-membo_004_.wav,5,247.9486,1.90E+01,34.292,7.98E+00,2.3787
mixed_membo_18-membo_004_.wav,6,298.3016,1.05E+01,38.7168,7.15E+00,1.4624
mixed_membo_18-membo_004_.wav,7,348.6086,8.63E+00,38.7168,5.33E+00,1.6189
mixed_membo_18-membo_004_.wav,8,401.5487,1.19E+01,37.6106,4.94E+00,2.4121
mixed_membo_18-membo_004_.wav,9,451.3274,1.10E+01,19.9115,4.05E+00,2.7199
mixed_membo_18-membo_004_.wav,10,499.8227,3.84E+00,34.292,3.39E+00,1.134
mixed_membo_19-membo_000_.wav,1,46.7774,6.13E+01,20.5078,1.09E+01,5.6477
mixed_membo_19-membo_000_.wav,2,90.8203,2.53E+01,30.2734,1.78E+01,1.4242
mixed_membo_19-membo_000_.wav,3,143.5547,1.00E+01,7.8125,1.11E+01,0.9031
mixed_membo_19-membo_000_.wav,4,184.5703,6.27E+00,2.9297,8.65E+00,0.7246
mixed_membo_19-membo_000_.wav,5,234.7406,2.38E+01,25.3906,8.98E+00,2.6544
mixed_membo_19-membo_000_.wav,6,283.2263,2.24E+01,13.6719,1.49E+01,1.5077
mixed_membo_19-membo_000_.wav,7,331.0547,3.78E+01,30.2734,1.61E+01,2.3464
mixed_membo_19-membo_000_.wav,8,375.2576,4.04E+01,27.3438,1.15E+01,3.5121
mixed_membo_19-membo_000_.wav,9,424.8047,2.89E+01,22.4609,1.66E+01,1.7441
mixed_membo_19-membo_000_.wav,10,465.8203,2.29E+01,18.5547,1.25E+01,1.8288
mixed_membo_19-membo_001_.wav,1,49.8669,8.74E+01,6.8359,7.61E+00,11.4847
mixed_membo_19-membo_001_.wav,2,102.5391,3.12E+01,37.1094,1.57E+01,1.983
mixed_membo_19-membo_001_.wav,3,148.141,1.21E+01,39.0625,8.91E+00,1.362
mixed_membo_19-membo_001_.wav,4,202.1484,8.56E+00,39.0625,4.86E+00,1.7636
mixed_membo_19-membo_001_.wav,5,246.0938,6.14E+00,33.2031,7.36E+00,0.8344
mixed_membo_19-membo_001_.wav,6,301.7578,3.17E+01,19.5312,1.24E+01,2.5627
mixed_membo_19-membo_001_.wav,7,347.7726,2.14E+01,38.0859,1.65E+01,1.2925
mixed_membo_19-membo_001_.wav,8,397.4035,2.70E+01,22.4609,1.49E+01,1.8095
mixed_membo_19-membo_001_.wav,9,445.3125,2.49E+01,32.2266,1.17E+01,2.1321
mixed_membo_19-membo_001_.wav,10,495.1172,2.00E+01,29.2969,7.10E+00,2.8184
mixed_membo_19-membo_002_.wav,1,49.4868,1.03E+02,0.9766,4.02E+00,25.6751
mixed_membo_19-membo_002_.wav,2,97.9744,7.29E+00,19.5312,3.13E+00,2.3313
mixed_membo_19-membo_002_.wav,3,148.5288,2.14E+00,23.4375,1.15E+00,1.8576
mixed_membo_19-membo_002_.wav,4,200.1188,4.94E+00,7.8125,6.51E-01,7.594
mixed_membo_19-membo_002_.wav,5,247.0849,7.92E-01,39.0625,4.60E-01,1.7216
mixed_membo_19-membo_002_.wav,6,296.5695,2.12E+00,20.5078,4.67E-01,4.5335
mixed_membo_19-membo_002_.wav,7,345.7031,2.51E+00,0.9766,4.03E-01,6.2313
mixed_membo_19-membo_002_.wav,8,395.5078,2.39E+00,0.9766,3.13E-01,7.6479
mixed_membo_19-membo_002_.wav,9,445.3125,4.97E-01,14.6484,2.73E-01,1.8192
mixed_membo_19-membo_002_.wav,10,495.1172,7.76E-01,1.9531,1.99E-01,3.8909
mixed_membo_19-membo_003_.wav,1,49.5339,1.02E+02,0.9766,3.66E+00,27.9806
mixed_membo_19-membo_003_.wav,2,100.4534,5.91E+00,20.5078,2.02E+00,2.9259
mixed_membo_19-membo_003_.wav,3,150.2763,1.98E+00,24.4141,9.08E-01,2.1807
mixed_membo_19-membo_003_.wav,4,200.0655,6.27E+00,8.7891,5.68E-01,11.0499
mixed_membo_19-membo_003_.wav,5,246.0938,7.97E-01,39.0625,4.42E-01,1.8037
mixed_membo_19-membo_003_.wav,6,296.4558,2.02E+00,16.6016,4.74E-01,4.2528
mixed_membo_19-membo_003_.wav,7,345.7031,2.34E+00,0.9766,3.70E-01,6.3157
mixed_membo_19-membo_003_.wav,8,395.5078,2.38E+00,0.9766,2.63E-01,9.0482
mixed_membo_19-membo_003_.wav,9,445.3125,6.64E-01,19.5312,2.32E-01,2.8667
mixed_membo_19-membo_003_.wav,10,495.1172,4.60E-01,0.9766,1.95E-01,2.3631
mixed_membo_19-membo_004_.wav,1,49.7322,8.82E+01,1.1062,2.72E+00,32.4176
mixed_membo_19-membo_004_.wav,2,100.9381,3.66E+00,18.8053,1.50E+00,2.4425
mixed_membo_19-membo_004_.wav,3,151.5487,9.68E-01,38.7168,6.47E-01,1.4951
mixed_membo_19-membo_004_.wav,4,200.1168,5.36E+00,1.1062,5.67E-01,9.4501
mixed_membo_19-membo_004_.wav,5,246.4645,8.32E-01,37.6106,5.20E-01,1.5993
mixed_membo_19-membo_004_.wav,6,296.3115,2.51E+00,19.9115,5.28E-01,4.7608
mixed_membo_19-membo_004_.wav,7,346.0081,1.44E+00,21.0177,4.05E-01,3.5504
mixed_membo_19-membo_004_.wav,8,394.9115,1.65E+00,1.1062,2.76E-01,5.9656
mixed_membo_19-membo_004_.wav,9,444.6903,7.96E-01,21.0177,2.65E-01,3.0015
mixed_membo_19-membo_004_.wav,10,494.469,1.09E+00,11.0619,2.51E-01,4.3455
mixed_membo_2-membo_000_.wav,1,49.5751,1.17E+02,0.9766,9.85E-01,119.1009
mixed_membo_2-membo_000_.wav,2,99.8309,9.67E+00,14.6484,1.98E+00,4.8894
mixed_membo_2-membo_000_.wav,3,148.666,3.13E+00,23.4375,2.04E+00,1.5356
mixed_membo_2-membo_000_.wav,4,196.2891,9.28E+00,21.4844,2.95E+00,3.148
mixed_membo_2-membo_000_.wav,5,250.4938,4.79E+00,37.1094,3.95E+00,1.2119
mixed_membo_2-membo_000_.wav,6,296.4628,4.77E+00,2.9297,3.30E+00,1.4476
mixed_membo_2-membo_000_.wav,7,350.4602,4.29E+00,30.2734,2.33E+00,1.8424
mixed_membo_2-membo_000_.wav,8,399.4058,1.02E+01,2.9297,2.11E+00,4.8142
mixed_membo_2-membo_000_.wav,9,446.0004,3.80E+00,25.3906,2.45E+00,1.5502
mixed_membo_2-membo_000_.wav,10,495.1172,4.01E+00,37.1094,3.30E+00,1.2159
mixed_membo_2-membo_001_.wav,1,49.5043,1.20E+02,0.9766,1.53E+00,78.6895
mixed_membo_2-membo_001_.wav,2,99.6705,1.02E+01,14.6484,1.98E+00,5.1744
mixed_membo_2-membo_001_.wav,3,147.5845,2.68E+00,36.1328,1.91E+00,1.4051
mixed_membo_2-membo_001_.wav,4,198.3946,5.13E+00,31.25,3.36E+00,1.5301
mixed_membo_2-membo_001_.wav,5,246.0938,8.61E+00,37.1094,4.44E+00,1.9401
mixed_membo_2-membo_001_.wav,6,296.3943,5.94E+00,0.9766,4.19E+00,1.4182
mixed_membo_2-membo_001_.wav,7,345.7031,5.88E+00,29.2969,4.40E+00,1.3358
mixed_membo_2-membo_001_.wav,8,401.3672,4.56E+00,5.8594,3.45E+00,1.3235
mixed_membo_2-membo_001_.wav,9,445.3125,4.88E+00,35.1562,2.75E+00,1.7763
mixed_membo_2-membo_001_.wav,10,499.6183,4.96E+00,35.1562,2.94E+00,1.6851
mixed_membo_2-membo_002_.wav,1,49.5121,1.27E+02,0.9766,1.53E+00,82.9241
mixed_membo_2-membo_002_.wav,2,100.6142,6.09E+00,15.625,2.07E+00,2.9455
mixed_membo_2-membo_002_.wav,3,148.3816,3.74E+00,37.1094,2.51E+00,1.4892
mixed_membo_2-membo_002_.wav,4,202.1484,1.36E+01,6.8359,3.80E+00,3.575
mixed_membo_2-membo_002_.wav,5,248.7381,1.04E+01,32.2266,6.32E+00,1.6462
mixed_membo_2-membo_002_.wav,6,298.0489,9.97E+00,2.9297,5.10E+00,1.955
mixed_membo_2-membo_002_.wav,7,346.3358,5.51E+00,37.1094,4.39E+00,1.2541
mixed_membo_2-membo_002_.wav,8,401.3672,6.79E+00,36.1328,4.29E+00,1.5847
mixed_membo_2-membo_002_.wav,9,450.2887,1.28E+01,30.2734,4.16E+00,3.0833
mixed_membo_2-membo_002_.wav,10,497.3868,5.68E+00,39.0625,4.61E+00,1.2326
mixed_membo_2-membo_003_.wav,1,49.5675,1.28E+02,0.9766,1.18E+00,108.2556
mixed_membo_2-membo_003_.wav,2,99.6098,5.54E+00,25.3906,2.12E+00,2.6121
mixed_membo_2-membo_003_.wav,3,148.3175,2.77E+00,36.1328,1.63E+00,1.7001
mixed_membo_2-membo_003_.wav,4,200.1727,6.05E+00,17.5781,1.96E+00,3.0915
mixed_membo_2-membo_003_.wav,5,246.0938,6.53E+00,35.1562,3.77E+00,1.7343
mixed_membo_2-membo_003_.wav,6,295.8984,4.82E+00,1.9531,3.77E+00,1.2783
mixed_membo_2-membo_003_.wav,7,350.0826,7.57E+00,35.1562,2.33E+00,3.2555
mixed_membo_2-membo_003_.wav,8,395.5078,3.30E+00,33.2031,2.20E+00,1.4993
mixed_membo_2-membo_003_.wav,9,451.1719,2.46E+00,34.1797,2.28E+00,1.0782
mixed_membo_2-membo_003_.wav,10,500.4736,4.99E+00,26.3672,2.80E+00,1.7791
mixed_membo_2-membo_004_.wav,1,49.6098,1.04E+02,1.1062,1.71E+00,60.6733
mixed_membo_2-membo_004_.wav,2,99.8123,7.69E+00,30.9735,1.89E+00,4.074
mixed_membo_2-membo_004_.wav,3,151.5487,1.41E+00,39.823,1.48E+00,0.9471
mixed_membo_2-membo_004_.wav,4,200.3249,2.99E+00,12.1681,2.51E+00,1.1923
mixed_membo_2-membo_004_.wav,5,246.1946,3.74E+00,35.3982,3.38E+00,1.105
mixed_membo_2-membo_004_.wav,6,296.9572,4.93E+00,3.3186,2.64E+00,1.871
mixed_membo_2-membo_004_.wav,7,349.5371,3.78E+00,39.823,2.54E+00,1.4878
mixed_membo_2-membo_004_.wav,8,394.9115,6.51E+00,27.6549,2.83E+00,2.2984
mixed_membo_2-membo_004_.wav,9,445.58,3.80E+00,38.7168,3.12E+00,1.2196
mixed_membo_2-membo_004_.wav,10,496.6935,6.46E+00,34.292,2.98E+00,2.1631
mixed_membo_20-membo_000_.wav,1,49.6783,8.58E+01,0.9766,2.84E+00,30.2563
mixed_membo_20-membo_000_.wav,2,100.8924,4.62E+00,38.0859,2.03E+00,2.273
mixed_membo_20-membo_000_.wav,3,147.8332,1.33E+00,37.1094,8.25E-01,1.6146
mixed_membo_20-membo_000_.wav,4,200.1302,5.45E+00,1.9531,5.69E-01,9.5701
mixed_membo_20-membo_000_.wav,5,249.3676,6.87E-01,30.2734,4.12E-01,1.666
mixed_membo_20-membo_000_.wav,6,296.4661,2.42E+00,21.4844,4.12E-01,5.8844
mixed_membo_20-membo_000_.wav,7,345.7031,2.24E+00,0.9766,4.27E-01,5.2342
mixed_membo_20-membo_000_.wav,8,395.5078,2.24E+00,2.9297,4.76E-01,4.7043
mixed_membo_20-membo_000_.wav,9,451.1719,1.23E+00,38.0859,6.24E-01,1.9709
mixed_membo_20-membo_000_.wav,10,499.022,1.30E+00,37.1094,8.79E-01,1.4745
mixed_membo_20-membo_001_.wav,1,49.2333,1.15E+02,0.9766,5.40E+00,21.3378
mixed_membo_20-membo_001_.wav,2,98.3435,8.38E+00,32.2266,4.39E+00,1.9103
mixed_membo_20-membo_001_.wav,3,144.8257,3.01E+00,20.5078,1.78E+00,1.6924
mixed_membo_20-membo_001_.wav,4,197.2472,1.78E+00,8.7891,7.48E-01,2.3759
mixed_membo_20-membo_001_.wav,5,247.0703,7.13E-01,36.1328,4.64E-01,1.5363
mixed_membo_20-membo_001_.wav,6,295.8984,2.97E+00,18.5547,4.20E-01,7.0712
mixed_membo_20-membo_001_.wav,7,344.7266,7.50E-01,16.6016,3.72E-01,2.0172
mixed_membo_20-membo_001_.wav,8,387.6953,6.57E-01,0.9766,3.89E-01,1.6912
mixed_membo_20-membo_001_.wav,9,439.1393,9.81E-01,30.2734,4.99E-01,1.9651
mixed_membo_20-membo_001_.wav,10,491.2109,9.90E-01,26.3672,6.65E-01,1.4895
mixed_membo_20-membo_002_.wav,1,49.4764,1.00E+02,0.9766,9.02E+00,11.1309
mixed_membo_20-membo_002_.wav,2,97.9703,1.51E+01,20.5078,8.77E+00,1.7179
mixed_membo_20-membo_002_.wav,3,152.3438,2.96E+00,30.2734,2.86E+00,1.0336
mixed_membo_20-membo_002_.wav,4,200.1582,5.90E+00,18.5547,1.59E+00,3.71
mixed_membo_20-membo_002_.wav,5,248.287,1.14E+00,39.0625,7.23E-01,1.574
mixed_membo_20-membo_002_.wav,6,296.4613,2.71E+00,19.5312,5.84E-01,4.6386
mixed_membo_20-membo_002_.wav,7,345.7031,2.16E+00,0.9766,5.12E-01,4.2114
mixed_membo_20-membo_002_.wav,8,395.5078,1.75E+00,0.9766,4.75E-01,3.69
mixed_membo_20-membo_002_.wav,9,451.1719,1.56E+00,28.3203,5.87E-01,2.6646
mixed_membo_20-membo_002_.wav,10,495.1172,9.74E-01,35.1562,7.83E-01,1.2444
mixed_membo_20-membo_003_.wav,1,49.5868,1.26E+02,0.9766,1.12E+01,11.2766
mixed_membo_20-membo_003_.wav,2,96.6797,1.15E+01,28.3203,1.07E+01,1.0679
mixed_membo_20-membo_003_.wav,3,152.3438,5.41E+00,34.1797,5.11E+00,1.0589
mixed_membo_20-membo_003_.wav,4,200.128,1.03E+01,12.6953,3.59E+00,2.8679
mixed_membo_20-membo_003_.wav,5,247.0782,2.80E+00,39.0625,2.03E+00,1.3787
mixed_membo_20-membo_003_.wav,6,295.8984,4.04E+00,35.1562,1.50E+00,2.698
mixed_membo_20-membo_003_.wav,7,345.7031,2.87E+00,25.3906,9.48E-01,3.0233
mixed_membo_20-membo_003_.wav,8,395.5078,1.82E+00,21.4844,5.60E-01,3.2426
mixed_membo_20-membo_003_.wav,9,445.3125,1.75E+00,29.2969,6.11E-01,2.8553
mixed_membo_20-membo_003_.wav,10,500.9766,2.45E+00,37.1094,9.53E-01,2.5699
mixed_membo_20-membo_004_.wav,1,49.7994,7.28E+01,0,1.52E+00,47.9474
mixed_membo_20-membo_004_.wav,2,98.4188,5.08E+00,19.9115,1.32E+00,3.8553
mixed_membo_20-membo_004_.wav,3,148.2208,1.53E+00,38.7168,6.17E-01,2.4867
mixed_membo_20-membo_004_.wav,4,200.0861,5.80E+00,1.1062,5.54E-01,10.4846
mixed_membo_20-membo_004_.wav,5,249.9286,6.37E-01,38.7168,4.08E-01,1.5621
mixed_membo_20-membo_004_.wav,6,296.6879,2.33E+00,25.4425,4.57E-01,5.0977
mixed_membo_20-membo_004_.wav,7,346.1447,2.39E+00,15.4867,5.64E-01,4.2386
mixed_membo_20-membo_004_.wav,8,395.594,2.00E+00,19.9115,5.59E-01,3.5777
mixed_membo_20-membo_004_.wav,9,445.8916,2.70E+00,32.0796,8.04E-01,3.363
mixed_membo_20-membo_004_.wav,10,494.469,1.17E+00,38.7168,9.96E-01,1.1702
mixed_membo_21-membo_000_.wav,1,49.75,9.68E+01,0,5.97E+00,16.2064
mixed_membo_21-membo_000_.wav,2,99.7882,2.47E+01,13.6719,1.17E+01,2.1081
mixed_membo_21-membo_000_.wav,3,148.1392,4.42E+01,37.1094,1.82E+01,2.426
mixed_membo_21-membo_000_.wav,4,202.1484,3.19E+01,38.0859,2.05E+01,1.5531
mixed_membo_21-membo_000_.wav,5,251.9531,2.91E+01,35.1562,1.79E+01,1.6218
mixed_membo_21-membo_000_.wav,6,301.7578,2.36E+01,39.0625,1.51E+01,1.5609
mixed_membo_21-membo_000_.wav,7,345.7031,2.56E+01,33.2031,1.67E+01,1.5346
mixed_membo_21-membo_000_.wav,8,398.4939,3.00E+01,26.3672,1.91E+01,1.5747
mixed_membo_21-membo_000_.wav,9,449.47,2.23E+01,33.2031,2.21E+01,1.0096
mixed_membo_21-membo_000_.wav,10,498.4322,5.08E+01,27.3438,2.09E+01,2.4249
mixed_membo_21-membo_001_.wav,1,49.9656,6.71E+01,28.3203,7.85E+00,8.5461
mixed_membo_21-membo_001_.wav,2,99.4384,1.88E+01,31.25,1.41E+01,1.336
mixed_membo_21-membo_001_.wav,3,148.3153,5.78E+01,8.7891,1.36E+01,4.2614
mixed_membo_21-membo_001_.wav,4,197.014,2.22E+01,32.2266,1.39E+01,1.6006
mixed_membo_21-membo_001_.wav,5,246.0938,1.75E+01,36.1328,1.16E+01,1.511
mixed_membo_21-membo_001_.wav,6,299.4968,4.33E+01,37.1094,1.81E+01,2.3895
mixed_membo_21-membo_001_.wav,7,349.1451,7.17E+01,32.2266,3.47E+01,2.0666
mixed_membo_21-membo_001_.wav,8,397.5038,2.65E+01,1.9531,2.22E+01,1.1913
mixed_membo_21-membo_001_.wav,9,449.9836,3.52E+01,32.2266,1.56E+01,2.2511
mixed_membo_21-membo_001_.wav,10,497.8162,1.68E+01,23.4375,1.37E+01,1.2242
mixed_membo_21-membo_002_.wav,1,49.4885,1.04E+02,0.9766,8.30E+00,12.4865
mixed_membo_21-membo_002_.wav,2,100.4776,2.81E+01,33.2031,1.38E+01,2.0308
mixed_membo_21-membo_002_.wav,3,148.4867,9.13E+01,19.5312,2.07E+01,4.4069
mixed_membo_21-membo_002_.wav,4,198.7481,5.25E+01,38.0859,2.57E+01,2.047
mixed_membo_21-membo_002_.wav,5,248.3286,3.70E+01,16.6016,2.25E+01,1.6443
mixed_membo_21-membo_002_.wav,6,297.6625,3.18E+01,27.3438,2.30E+01,1.3852
mixed_membo_21-membo_002_.wav,7,349.0866,1.83E+01,32.2266,2.57E+01,0.7097
mixed_membo_21-membo_002_.wav,8,401.3672,5.72E+01,33.2031,2.76E+01,2.0749
mixed_membo_21-membo_002_.wav,9,447.357,5.51E+01,29.2969,2.84E+01,1.9357
mixed_membo_21-membo_002_.wav,10,498.8866,7.03E+01,33.2031,2.58E+01,2.722
mixed_membo_21-membo_003_.wav,1,189.2913,1.27E+02,12.6953,3.20E+01,3.9868
mixed_membo_21-membo_003_.wav,2,381.8359,5.08E+01,21.4844,2.45E+01,2.0696
mixed_membo_21-membo_003_.wav,3,567.1086,2.27E+01,35.1562,1.96E+01,1.1611
mixed_membo_21-membo_003_.wav,4,756.6142,4.58E+01,38.0859,2.16E+01,2.1179
mixed_membo_21-membo_003_.wav,5,945.1752,3.17E+01,37.1094,1.51E+01,2.1083
mixed_membo_21-membo_003_.wav,6,1138.683,1.33E+01,35.1562,1.26E+01,1.0562
mixed_membo_21-membo_003_.wav,7,1328.514,1.73E+01,39.0625,1.15E+01,1.5052
mixed_membo_21-membo_003_.wav,8,1515.6052,1.55E+01,39.0625,8.05E+00,1.9295
mixed_membo_21-membo_003_.wav,9,1708.0078,4.98E+00,33.2031,6.07E+00,0.8206
mixed_membo_21-membo_003_.wav,10,1896.716,9.92E+00,35.1562,4.84E+00,2.0482
mixed_membo_21-membo_004_.wav,1,49.9829,9.51E+01,25.4425,1.68E+01,5.6637
mixed_membo_21-membo_004_.wav,2,99.2177,3.59E+01,9.9558,3.35E+01,1.0735
mixed_membo_21-membo_004_.wav,3,151.5487,3.93E+01,37.6106,3.31E+01,1.1863
mixed_membo_21-membo_004_.wav,4,198.9073,4.89E+01,37.6106,3.65E+01,1.3403
mixed_membo_21-membo_004_.wav,5,248.0996,5.62E+01,38.7168,3.21E+01,1.7512
mixed_membo_21-membo_004_.wav,6,295.354,5.07E+01,39.823,2.20E+01,2.3102
mixed_membo_21-membo_004_.wav,7,347.071,4.65E+01,34.292,2.07E+01,2.2472
mixed_membo_21-membo_004_.wav,8,399.8396,3.51E+01,12.1681,2.01E+01,1.7455
mixed_membo_21-membo_004_.wav,9,449.1125,3.42E+01,22.1239,1.68E+01,2.0366
mixed_membo_21-membo_004_.wav,10,497.8775,2.65E+01,38.7168,1.69E+01,1.5709
mixed_membo_22-membo_000_.wav,1,49.4993,9.23E+01,0.9766,1.81E+00,50.9366
mixed_membo_22-membo_000_.wav,2,99.7052,5.61E+00,12.6953,1.77E+00,3.1689
mixed_membo_22-membo_000_.wav,3,152.3438,4.01E+00,16.6016,1.13E+00,3.556
mixed_membo_22-membo_000_.wav,4,200.1015,6.55E+00,4.8828,1.22E+00,5.3906
mixed_membo_22-membo_000_.wav,5,247.3306,1.62E+00,33.2031,1.23E+00,1.3135
mixed_membo_22-membo_000_.wav,6,295.8984,6.14E+00,16.6016,1.35E+00,4.5525
mixed_membo_22-membo_000_.wav,7,349.8712,3.07E+00,38.0859,1.38E+00,2.2313
mixed_membo_22-membo_000_.wav,8,399.0675,3.94E+00,38.0859,1.81E+00,2.1708
mixed_membo_22-membo_000_.wav,9,448.5365,6.53E+00,36.1328,2.71E+00,2.408
mixed_membo_22-membo_000_.wav,10,500.9766,9.41E+00,33.2031,3.33E+00,2.8225
mixed_membo_22-membo_001_.wav,1,49.3897,1.41E+02,9.7656,1.45E+01,9.7144
mixed_membo_22-membo_001_.wav,2,97.8278,2.64E+01,1.9531,1.35E+01,1.9533
mixed_membo_22-membo_001_.wav,3,152.3438,1.08E+01,31.25,5.61E+00,1.9159
mixed_membo_22-membo_001_.wav,4,200.0236,6.15E+00,12.6953,2.55E+00,2.4063
mixed_membo_22-membo_001_.wav,5,246.6293,3.08E+00,39.0625,1.57E+00,1.9665
mixed_membo_22-membo_001_.wav,6,296.5647,6.12E+00,19.5312,1.53E+00,4.0036
mixed_membo_22-membo_001_.wav,7,350.1766,3.06E+00,38.0859,1.83E+00,1.6727
mixed_membo_22-membo_001_.wav,8,400.0628,5.81E+00,33.2031,2.40E+00,2.4246
mixed_membo_22-membo_001_.wav,9,449.4769,8.84E+00,38.0859,3.73E+00,2.3698
mixed_membo_22-membo_001_.wav,10,499.2817,9.57E+00,37.1094,4.31E+00,2.2202
mixed_membo_22-membo_002_.wav,1,49.2175,1.21E+02,0.9766,5.43E+00,22.2296
mixed_membo_22-membo_002_.wav,2,95.3897,1.43E+01,31.25,7.45E+00,1.9149
mixed_membo_22-membo_002_.wav,3,144.9426,3.71E+00,35.1562,4.77E+00,0.7775
mixed_membo_22-membo_002_.wav,4,192.3828,3.92E+00,31.25,3.31E+00,1.1834
mixed_membo_22-membo_002_.wav,5,244.6102,7.32E+00,10.7422,2.51E+00,2.9148
mixed_membo_22-membo_002_.wav,6,290.0391,2.51E+00,37.1094,2.39E+00,1.0514
mixed_membo_22-membo_002_.wav,7,341.9822,2.76E+00,18.5547,1.58E+00,1.7498
mixed_membo_22-membo_002_.wav,8,391.61,2.69E+00,31.25,1.74E+00,1.5485
mixed_membo_22-membo_002_.wav,9,436.5234,5.66E+00,36.1328,2.87E+00,1.9705
mixed_membo_22-membo_002_.wav,10,489.4056,5.40E+00,29.2969,3.22E+00,1.6775
mixed_membo_22-membo_003_.wav,1,49.5676,8.36E+01,0.9766,2.08E+00,40.1576
mixed_membo_22-membo_003_.wav,2,100.483,3.61E+00,21.4844,1.44E+00,2.5052
mixed_membo_22-membo_003_.wav,3,150.283,5.80E-01,39.0625,5.76E-01,1.0056
mixed_membo_22-membo_003_.wav,4,200.0646,6.35E+00,0.9766,5.04E-01,12.5835
mixed_membo_22-membo_003_.wav,5,251.0982,7.16E-01,27.3438,4.19E-01,1.7112
mixed_membo_22-membo_003_.wav,6,296.5355,3.27E+00,7.8125,5.33E-01,6.1412
mixed_membo_22-membo_003_.wav,7,345.7031,1.34E+00,19.5312,5.19E-01,2.5796
mixed_membo_22-membo_003_.wav,8,395.5078,2.80E+00,0.9766,2.75E-01,10.1798
mixed_membo_22-membo_003_.wav,9,445.3125,7.34E-01,31.25,2.90E-01,2.5282
mixed_membo_22-membo_003_.wav,10,499.9607,5.36E-01,0.9766,2.64E-01,2.0264
mixed_membo_22-membo_004_.wav,1,49.5841,6.23E+01,1.1062,1.89E+00,32.9475
mixed_membo_22-membo_004_.wav,2,99.2424,6.10E+00,3.3186,1.20E+00,5.0783
mixed_membo_22-membo_004_.wav,3,147.3174,1.20E+00,38.7168,6.25E-01,1.9217
mixed_membo_22-membo_004_.wav,4,200.1945,4.54E+00,1.1062,5.38E-01,8.4451
mixed_membo_22-membo_004_.wav,5,246.7914,7.29E-01,35.3982,4.16E-01,1.7527
mixed_membo_22-membo_004_.wav,6,296.4178,3.04E+00,18.8053,4.04E-01,7.5197
mixed_membo_22-membo_004_.wav,7,345.9734,1.19E+00,1.1062,3.56E-01,3.3437
mixed_membo_22-membo_004_.wav,8,394.9115,2.06E+00,1.1062,2.39E-01,8.6109
mixed_membo_22-membo_004_.wav,9,444.6903,6.03E-01,9.9558,2.18E-01,2.771
mixed_membo_22-membo_004_.wav,10,494.469,1.15E+00,1.1062,2.23E-01,5.1728
mixed_membo_23-membo_000_.wav,1,54.996,8.86E+02,0.9766,2.23E+01,39.8201
mixed_membo_23-membo_000_.wav,2,110.3867,1.35E+02,0.9766,2.26E+01,5.9893
mixed_membo_23-membo_000_.wav,3,165.9227,5.93E+02,2.9297,2.05E+01,28.8781
mixed_membo_23-membo_000_.wav,4,221.1752,5.02E+01,1.9531,2.13E+01,2.3536
mixed_membo_23-membo_000_.wav,5,276.3672,4.68E+01,20.5078,1.87E+01,2.4985
mixed_membo_23-membo_000_.wav,6,329.6211,2.89E+01,15.625,1.82E+01,1.5845
mixed_membo_23-membo_000_.wav,7,383.9149,4.44E+01,38.0859,1.71E+01,2.6007
mixed_membo_23-membo_000_.wav,8,438.1856,3.21E+01,21.4844,1.48E+01,2.1732
mixed_membo_23-membo_000_.wav,9,495.1172,3.48E+01,32.2266,1.25E+01,2.7753
mixed_membo_23-membo_000_.wav,10,543.9453,1.54E+01,39.0625,8.45E+00,1.8184
mixed_membo_23-membo_001_.wav,1,52.6216,1.19E+03,0.9766,1.88E+01,63.3193
mixed_membo_23-membo_001_.wav,2,107.5433,7.51E+01,35.1562,2.64E+01,2.8406
mixed_membo_23-membo_001_.wav,3,157.2096,2.85E+02,2.9297,2.14E+01,13.2929
mixed_membo_23-membo_001_.wav,4,213.8672,5.45E+01,36.1328,2.44E+01,2.2345
mixed_membo_23-membo_001_.wav,5,260.7422,4.33E+01,22.4609,1.87E+01,2.3131
mixed_membo_23-membo_001_.wav,6,317.5257,4.13E+01,35.1562,2.00E+01,2.067
mixed_membo_23-membo_001_.wav,7,369.3612,3.07E+01,15.625,1.79E+01,1.7197
mixed_membo_23-membo_001_.wav,8,424.8047,2.22E+01,39.0625,1.85E+01,1.2006
mixed_membo_23-membo_001_.wav,9,477.5391,6.32E+01,19.5312,1.78E+01,3.5548
mixed_membo_23-membo_001_.wav,10,528.2046,1.04E+01,34.1797,1.16E+01,0.8904
mixed_membo_23-membo_002_.wav,1,49.9524,8.66E+02,0.9766,2.07E+01,41.8702
mixed_membo_23-membo_002_.wav,2,100.5485,1.07E+02,34.1797,2.81E+01,3.7944
mixed_membo_23-membo_002_.wav,3,151.2969,6.46E+02,3.9062,2.05E+01,31.5499
mixed_membo_23-membo_002_.wav,4,202.1484,4.52E+01,1.9531,1.98E+01,2.2852
mixed_membo_23-membo_002_.wav,5,248.9971,2.05E+01,19.5312,1.30E+01,1.5751
mixed_membo_23-membo_002_.wav,6,301.7578,4.01E+01,35.1562,1.39E+01,2.8856
mixed_membo_23-membo_002_.wav,7,351.5625,4.76E+01,22.4609,1.72E+01,2.7581
mixed_membo_23-membo_002_.wav,8,400.87,3.33E+01,28.3203,1.52E+01,2.1927
mixed_membo_23-membo_002_.wav,9,451.1719,5.47E+01,11.7188,1.41E+01,3.8637
mixed_membo_23-membo_002_.wav,10,499.897,1.06E+01,28.3203,7.81E+00,1.3547
mixed_membo_23-membo_003_.wav,1,79.3881,5.96E+02,1.9531,1.46E+01,40.941
mixed_membo_23-membo_003_.wav,2,158.9629,7.64E+01,34.1797,2.00E+01,3.8268
mixed_membo_23-membo_003_.wav,3,237.641,2.92E+01,21.4844,1.61E+01,1.8089
mixed_membo_23-membo_003_.wav,4,318.0191,4.46E+01,34.1797,1.77E+01,2.5218
mixed_membo_23-membo_003_.wav,5,398.4375,1.90E+01,36.1328,1.11E+01,1.714
mixed_membo_23-membo_003_.wav,6,471.6797,2.06E+01,12.6953,9.63E+00,2.1341
mixed_membo_23-membo_003_.wav,7,552.6693,4.78E+00,38.0859,4.76E+00,1.0058
mixed_membo_23-membo_003_.wav,8,634.7522,8.12E+00,37.1094,5.21E+00,1.5574
mixed_membo_23-membo_003_.wav,9,713.6021,1.21E+01,28.3203,4.60E+00,2.6282
mixed_membo_23-membo_003_.wav,10,791.1011,1.64E+01,32.2266,4.70E+00,3.4945
mixed_membo_23-membo_004_.wav,1,75.6264,6.93E+02,1.1062,1.24E+01,55.8919
mixed_membo_23-membo_004_.wav,2,152.6549,7.53E+01,3.3186,2.49E+01,3.0237
mixed_membo_23-membo_004_.wav,3,223.4513,1.96E+01,17.6991,1.20E+01,1.631
mixed_membo_23-membo_004_.wav,4,301.7723,3.12E+01,35.3982,1.14E+01,2.737
mixed_membo_23-membo_004_.wav,5,379.4248,1.73E+01,37.6106,1.02E+01,1.6886
mixed_membo_23-membo_004_.wav,6,452.6109,5.67E+01,19.9115,1.65E+01,3.4411
mixed_membo_23-membo_004_.wav,7,525.4492,5.18E+00,29.8673,5.62E+00,0.9218
mixed_membo_23-membo_004_.wav,8,600.0311,7.15E+00,26.5487,5.31E+00,1.3465
mixed_membo_23-membo_004_.wav,9,680.3097,8.38E+00,39.823,6.12E+00,1.3685
mixed_membo_23-membo_004_.wav,10,748.8938,6.63E+00,24.3363,4.40E+00,1.5071
mixed_membo_24-membo_000_.wav,1,54.8653,2.89E+02,0.9766,1.33E+01,21.793
mixed_membo_24-membo_000_.wav,2,106.4453,1.98E+01,11.7188,1.10E+01,1.8001
mixed_membo_24-membo_000_.wav,3,164.8053,1.15E+01,1.9531,6.04E+00,1.8974
mixed_membo_24-membo_000_.wav,4,217.1424,1.40E+01,30.2734,6.68E+00,2.1026
mixed_membo_24-membo_000_.wav,5,274.2946,8.58E+00,6.8359,5.71E+00,1.5048
mixed_membo_24-membo_000_.wav,6,327.7648,1.30E+01,24.4141,6.02E+00,2.1549
mixed_membo_24-membo_000_.wav,7,379.8828,1.12E+01,39.0625,9.47E+00,1.1847
mixed_membo_24-membo_000_.wav,8,439.5102,1.86E+01,28.3203,1.03E+01,1.8106
mixed_membo_24-membo_000_.wav,9,493.7043,2.34E+01,20.5078,7.97E+00,2.9385
mixed_membo_24-membo_000_.wav,10,549.8047,1.65E+01,18.5547,6.51E+00,2.538
mixed_membo_24-membo_001_.wav,1,49.1978,1.60E+02,0.9766,1.17E+01,13.6573
mixed_membo_24-membo_001_.wav,2,100.5859,7.94E+01,0.9766,1.16E+01,6.8635
mixed_membo_24-membo_001_.wav,3,147.6939,1.01E+01,29.2969,5.74E+00,1.7686
mixed_membo_24-membo_001_.wav,4,196.1739,8.10E+00,0,5.96E+00,1.3577
mixed_membo_24-membo_001_.wav,5,241.8806,7.23E+00,34.1797,6.51E+00,1.1099
mixed_membo_24-membo_001_.wav,6,294.3842,5.99E+00,0.9766,5.72E+00,1.0476
mixed_membo_24-membo_001_.wav,7,341.5875,2.11E+01,29.2969,6.29E+00,3.3521
mixed_membo_24-membo_001_.wav,8,393.5547,2.58E+01,36.1328,9.09E+00,2.8424
mixed_membo_24-membo_001_.wav,9,438.1623,2.80E+01,29.2969,9.49E+00,2.9496
mixed_membo_24-membo_001_.wav,10,489.3891,6.95E+00,39.0625,7.61E+00,0.9134
mixed_membo_24-membo_002_.wav,1,49.5097,1.04E+02,16.6016,7.88E+00,13.2185
mixed_membo_24-membo_002_.wav,2,100.3664,8.11E+01,19.5312,9.72E+00,8.3376
mixed_membo_24-membo_002_.wav,3,148.8019,8.25E+00,38.0859,5.20E+00,1.587
mixed_membo_24-membo_002_.wav,4,200.3179,4.78E+01,0.9766,6.54E+00,7.3153
mixed_membo_24-membo_002_.wav,5,249.3946,2.05E+01,39.0625,7.00E+00,2.9216
mixed_membo_24-membo_002_.wav,6,300.7043,6.20E+01,0.9766,5.89E+00,10.5258
mixed_membo_24-membo_002_.wav,7,349.8994,1.36E+01,37.1094,5.41E+00,2.523
mixed_membo_24-membo_002_.wav,8,400.5615,2.88E+01,13.6719,5.45E+00,5.2795
mixed_membo_24-membo_002_.wav,9,448.4983,1.54E+01,37.1094,6.47E+00,2.3795
mixed_membo_24-membo_002_.wav,10,496.0878,1.15E+01,25.3906,3.46E+00,3.3149
mixed_membo_24-membo_003_.wav,1,49.6829,7.00E+01,8.7891,8.26E+00,8.4752
mixed_membo_24-membo_003_.wav,2,99.5889,5.26E+01,20.5078,1.06E+01,4.9517
mixed_membo_24-membo_003_.wav,3,146.4844,1.25E+01,36.1328,6.08E+00,2.0502
mixed_membo_24-membo_003_.wav,4,200.284,4.61E+01,1.9531,4.97E+00,9.2737
mixed_membo_24-membo_003_.wav,5,249.7285,1.61E+01,38.0859,6.50E+00,2.4777
mixed_membo_24-membo_003_.wav,6,300.8135,2.20E+01,0,4.58E+00,4.7938
mixed_membo_24-membo_003_.wav,7,350.5058,7.24E+00,39.0625,3.92E+00,1.8471
mixed_membo_24-membo_003_.wav,8,400.5514,2.64E+01,0.9766,4.70E+00,5.6218
mixed_membo_24-membo_003_.wav,9,447.6245,1.17E+01,37.1094,5.30E+00,2.1971
mixed_membo_24-membo_003_.wav,10,495.9371,1.28E+01,22.4609,3.21E+00,3.9915
mixed_membo_24-membo_004_.wav,1,49.4003,9.68E+01,1.1062,5.55E+00,17.4378
mixed_membo_24-membo_004_.wav,2,100.3755,5.33E+01,19.9115,6.42E+00,8.2997
mixed_membo_24-membo_004_.wav,3,150.2286,9.42E+00,11.0619,3.29E+00,2.8659
mixed_membo_24-membo_004_.wav,4,200.3105,4.57E+01,1.1062,3.40E+00,13.4282
mixed_membo_24-membo_004_.wav,5,249.8313,1.71E+01,17.6991,5.24E+00,3.2664
mixed_membo_24-membo_004_.wav,6,300.6388,1.96E+01,1.1062,4.57E+00,4.2846
mixed_membo_24-membo_004_.wav,7,350.5334,9.61E+00,32.0796,4.09E+00,2.3508
mixed_membo_24-membo_004_.wav,8,400.6507,1.76E+01,18.8053,5.19E+00,3.3839
mixed_membo_24-membo_004_.wav,9,447.0981,1.17E+01,37.6106,5.31E+00,2.2032
mixed_membo_24-membo_004_.wav,10,494.469,1.49E+01,23.2301,3.27E+00,4.5422
mixed_membo_25-membo_000_.wav,1,63.9838,5.79E+02,2.9297,1.95E+01,29.6141
mixed_membo_25-membo_000_.wav,2,128.6146,4.66E+01,28.3203,4.27E+01,1.0909
mixed_membo_25-membo_000_.wav,3,190.4297,6.83E+01,21.4844,2.80E+01,2.4387
mixed_membo_25-membo_000_.wav,4,255.5856,2.23E+01,37.1094,1.09E+01,2.0428
mixed_membo_25-membo_000_.wav,5,325.1953,2.49E+01,24.4141,8.51E+00,2.9289
mixed_membo_25-membo_000_.wav,6,384.969,7.94E+00,24.4141,1.23E+01,0.6458
mixed_membo_25-membo_000_.wav,7,451.8693,6.09E+01,20.5078,1.82E+01,3.3484
mixed_membo_25-membo_000_.wav,8,515.1746,1.50E+01,28.3203,5.32E+00,2.81
mixed_membo_25-membo_000_.wav,9,583.0078,2.77E+00,11.7188,3.05E+00,0.908
mixed_membo_25-membo_000_.wav,10,643.0865,1.56E+01,33.2031,5.83E+00,2.6824
mixed_membo_25-membo_001_.wav,1,62.8686,5.36E+02,12.6953,7.06E+01,7.5998
mixed_membo_25-membo_001_.wav,2,123.2597,1.00E+02,38.0859,7.06E+01,1.4187
mixed_membo_25-membo_001_.wav,3,186.7418,1.34E+02,34.1797,5.24E+01,2.5645
mixed_membo_25-membo_001_.wav,4,247.0703,5.09E+01,39.0625,2.88E+01,1.768
mixed_membo_25-membo_001_.wav,5,315.4297,4.61E+01,29.2969,2.46E+01,1.8721
mixed_membo_25-membo_001_.wav,6,376.3834,3.71E+01,32.2266,2.16E+01,1.7162
mixed_membo_25-membo_001_.wav,7,440.4297,6.42E+01,25.3906,1.87E+01,3.4353
mixed_membo_25-membo_001_.wav,8,501.4565,1.55E+01,35.1562,8.12E+00,1.9125
mixed_membo_25-membo_001_.wav,9,561.6151,1.18E+01,32.2266,5.60E+00,2.1121
mixed_membo_25-membo_001_.wav,10,623.0088,1.52E+01,39.0625,5.66E+00,2.6924
mixed_membo_25-membo_002_.wav,1,60.7367,4.51E+02,0.9766,5.55E+01,8.1305
mixed_membo_25-membo_002_.wav,2,120.8269,1.36E+02,28.3203,5.17E+01,2.6257
mixed_membo_25-membo_002_.wav,3,181.855,2.01E+02,18.5547,3.66E+01,5.5044
mixed_membo_25-membo_002_.wav,4,245.1172,7.24E+01,26.3672,2.58E+01,2.8115
mixed_membo_25-membo_002_.wav,5,300.6778,6.23E+01,16.6016,1.86E+01,3.352
mixed_membo_25-membo_002_.wav,6,366.2109,2.25E+01,1.9531,1.42E+01,1.5871
mixed_membo_25-membo_002_.wav,7,422.5587,9.34E+01,0.9766,1.54E+01,6.0832
mixed_membo_25-membo_002_.wav,8,481.4453,2.71E+01,0.9766,1.32E+01,2.0507
mixed_membo_25-membo_002_.wav,9,544.7761,7.12E+00,36.1328,5.76E+00,1.2348
mixed_membo_25-membo_002_.wav,10,602.5391,1.29E+01,22.4609,6.59E+00,1.9496
mixed_membo_25-membo_003_.wav,1,61.6112,5.65E+02,0.9766,3.48E+01,16.2369
mixed_membo_25-membo_003_.wav,2,120.1172,4.21E+01,0.9766,2.76E+01,1.527
mixed_membo_25-membo_003_.wav,3,184.8123,2.08E+02,18.5547,1.59E+01,13.0999
mixed_membo_25-membo_003_.wav,4,245.3828,4.70E+01,33.2031,9.49E+00,4.9537
mixed_membo_25-membo_003_.wav,5,308.9591,1.21E+01,0,1.00E+01,1.2029
mixed_membo_25-membo_003_.wav,6,370.0822,2.52E+01,1.9531,1.04E+01,2.4266
mixed_membo_25-membo_003_.wav,7,430.5311,1.30E+02,0.9766,1.19E+01,10.9222
mixed_membo_25-membo_003_.wav,8,493.0073,8.69E+00,0.9766,6.43E+00,1.3513
mixed_membo_25-membo_003_.wav,9,554.6132,6.50E+00,29.2969,2.32E+00,2.7963
mixed_membo_25-membo_003_.wav,10,618.1641,2.40E+01,10.7422,4.02E+00,5.9624
mixed_membo_25-membo_004_.wav,1,61.7858,6.03E+02,1.1062,2.74E+01,21.9812
mixed_membo_25-membo_004_.wav,2,123.5273,6.53E+01,25.4425,2.06E+01,3.1771
mixed_membo_25-membo_004_.wav,3,184.8996,1.80E+02,18.8053,1.51E+01,11.928
mixed_membo_25-membo_004_.wav,4,245.4626,4.32E+01,33.1858,8.22E+00,5.2569
mixed_membo_25-membo_004_.wav,5,311.4308,1.74E+01,21.0177,6.56E+00,2.6476
mixed_membo_25-membo_004_.wav,6,370.1379,1.91E+01,1.1062,1.03E+01,1.8597
mixed_membo_25-membo_004_.wav,7,430.3097,1.12E+02,1.1062,1.26E+01,8.8675
mixed_membo_25-membo_004_.wav,8,492.2566,1.14E+01,1.1062,5.76E+00,1.983
mixed_membo_25-membo_004_.wav,9,556.2999,4.43E+00,35.3982,2.53E+00,1.7513
mixed_membo_25-membo_004_.wav,10,617.417,6.05E+00,32.0796,3.00E+00,2.0204
mixed_membo_26-membo_000_.wav,1,78.5895,4.89E+02,16.6016,3.59E+01,13.636
mixed_membo_26-membo_000_.wav,2,153.3203,8.62E+01,2.9297,3.15E+01,2.7402
mixed_membo_26-membo_000_.wav,3,236.3056,3.86E+01,20.5078,1.80E+01,2.1486
mixed_membo_26-membo_000_.wav,4,312.2292,3.21E+01,31.25,2.19E+01,1.4689
mixed_membo_26-membo_000_.wav,5,393.5547,2.20E+01,38.0859,1.71E+01,1.2829
mixed_membo_26-membo_000_.wav,6,467.9797,4.53E+01,15.625,1.52E+01,2.9886
mixed_membo_26-membo_000_.wav,7,548.9361,5.50E+00,30.2734,6.09E+00,0.9033
mixed_membo_26-membo_000_.wav,8,627.2318,2.02E+01,17.5781,7.98E+00,2.5326
mixed_membo_26-membo_000_.wav,9,706.0547,6.90E+00,39.0625,5.16E+00,1.3361
mixed_membo_26-membo_000_.wav,10,779.583,1.24E+01,32.2266,4.27E+00,2.9126
mixed_membo_26-membo_001_.wav,1,49.7179,7.77E+02,0.9766,7.18E+01,10.8221
mixed_membo_26-membo_001_.wav,2,99.3018,1.74E+02,34.1797,8.43E+01,2.0624
mixed_membo_26-membo_001_.wav,3,149.3671,5.13E+02,1.9531,5.31E+01,9.6699
mixed_membo_26-membo_001_.wav,4,197.6659,3.49E+01,2.9297,3.72E+01,0.9372
mixed_membo_26-membo_001_.wav,5,251.1359,1.98E+01,10.7422,2.12E+01,0.932
mixed_membo_26-membo_001_.wav,6,297.9935,6.23E+01,30.2734,1.86E+01,3.3515
mixed_membo_26-membo_001_.wav,7,348.9337,4.71E+01,1.9531,1.68E+01,2.8092
mixed_membo_26-membo_001_.wav,8,401.3672,1.50E+01,35.1562,1.40E+01,1.0756
mixed_membo_26-membo_001_.wav,9,445.3125,5.39E+01,19.5312,1.22E+01,4.4227
mixed_membo_26-membo_001_.wav,10,500.9766,1.55E+01,24.4141,7.19E+00,2.1511
mixed_membo_26-membo_002_.wav,1,51.7471,8.63E+02,1.9531,6.05E+01,14.2672
mixed_membo_26-membo_002_.wav,2,100.5859,1.57E+02,0.9766,9.55E+01,1.6428
mixed_membo_26-membo_002_.wav,3,154.0315,6.70E+02,1.9531,7.20E+01,9.3078
mixed_membo_26-membo_002_.wav,4,206.1566,1.63E+02,18.5547,5.09E+01,3.1971
mixed_membo_26-membo_002_.wav,5,255.8594,8.70E+01,39.0625,5.90E+01,1.4745
mixed_membo_26-membo_002_.wav,6,311.3815,4.55E+01,36.1328,4.59E+01,0.9912
mixed_membo_26-membo_002_.wav,7,360.8792,8.71E+01,38.0859,3.11E+01,2.7978
mixed_membo_26-membo_002_.wav,8,415.6462,2.67E+01,34.1797,2.34E+01,1.1394
mixed_membo_26-membo_002_.wav,9,466.1024,6.92E+01,20.5078,1.62E+01,4.2665
mixed_membo_26-membo_002_.wav,10,515.8784,2.03E+01,34.1797,9.33E+00,2.1756
mixed_membo_26-membo_003_.wav,1,53.0104,1.04E+03,18.5547,6.85E+01,15.2115
mixed_membo_26-membo_003_.wav,2,107.4658,9.37E+01,36.1328,6.90E+01,1.3585
mixed_membo_26-membo_003_.wav,3,159.3709,3.50E+02,18.5547,4.93E+01,7.0888
mixed_membo_26-membo_003_.wav,4,209.0891,4.69E+01,22.4609,3.38E+01,1.3891
mixed_membo_26-membo_003_.wav,5,262.6877,4.46E+01,32.2266,2.53E+01,1.7609
mixed_membo_26-membo_003_.wav,6,313.4766,4.29E+01,29.2969,2.48E+01,1.7255
mixed_membo_26-membo_003_.wav,7,371.348,8.80E+01,21.4844,1.89E+01,4.6576
mixed_membo_26-membo_003_.wav,8,424.8047,2.88E+01,39.0625,1.67E+01,1.7185
mixed_membo_26-membo_003_.wav,9,477.5391,5.71E+01,4.8828,1.40E+01,4.0715
mixed_membo_26-membo_003_.wav,10,527.3745,1.62E+01,36.1328,8.15E+00,1.9896
mixed_membo_26-membo_004_.wav,1,54.1505,1.03E+03,17.6991,5.32E+01,19.3067
mixed_membo_26-membo_004_.wav,2,108.3535,4.61E+02,19.9115,5.40E+01,8.5282
mixed_membo_26-membo_004_.wav,3,162.8489,4.14E+02,1.1062,3.32E+01,12.4723
mixed_membo_26-membo_004_.wav,4,216.8512,1.12E+02,17.6991,2.33E+01,4.8028
mixed_membo_26-membo_004_.wav,5,270.3033,6.02E+01,17.6991,1.79E+01,3.3681
mixed_membo_26-membo_004_.wav,6,324.5927,4.03E+01,12.1681,1.68E+01,2.4011
mixed_membo_26-membo_004_.wav,7,378.357,2.68E+01,1.1062,1.53E+01,1.75
mixed_membo_26-membo_004_.wav,8,432.4355,5.18E+01,37.6106,1.78E+01,2.9026
mixed_membo_26-membo_004_.wav,9,491.1504,3.82E+01,23.2301,1.19E+01,3.2087
mixed_membo_26-membo_004_.wav,10,539.823,1.56E+01,39.823,8.18E+00,1.9036
mixed_membo_27-membo_000_.wav,1,52.7415,4.27E+02,24.4141,1.03E+02,4.1459
mixed_membo_27-membo_000_.wav,2,102.5391,1.68E+02,34.1797,1.09E+02,1.5443
mixed_membo_27-membo_000_.wav,3,157.8771,1.58E+02,37.1094,7.63E+01,2.0741
mixed_membo_27-membo_000_.wav,4,210.0654,5.72E+01,2.9297,4.38E+01,1.306
mixed_membo_27-membo_000_.wav,5,262.6253,8.12E+01,25.3906,3.38E+01,2.3986
mixed_membo_27-membo_000_.wav,6,313.4766,7.50E+01,39.0625,3.03E+01,2.4749
mixed_membo_27-membo_000_.wav,7,369.2141,7.93E+01,16.6016,2.54E+01,3.1274
mixed_membo_27-membo_000_.wav,8,422.8039,3.38E+01,39.0625,1.89E+01,1.7881
mixed_membo_27-membo_000_.wav,9,476.9217,2.71E+01,31.25,1.23E+01,2.2057
mixed_membo_27-membo_000_.wav,10,526.216,2.52E+01,35.1562,1.31E+01,1.9221
mixed_membo_27-membo_001_.wav,1,56.7731,3.19E+02,28.3203,5.60E+01,5.6985
mixed_membo_27-membo_001_.wav,2,114.97,1.10E+02,36.1328,6.11E+01,1.807
mixed_membo_27-membo_001_.wav,3,167.7574,8.96E+01,34.1797,4.60E+01,1.947
mixed_membo_27-membo_001_.wav,4,227.639,8.74E+01,35.1562,3.72E+01,2.3511
mixed_membo_27-membo_001_.wav,5,286.1328,3.72E+01,35.1562,2.70E+01,1.3794
mixed_membo_27-membo_001_.wav,6,336.9141,3.34E+01,25.3906,1.90E+01,1.7623
mixed_membo_27-membo_001_.wav,7,393.5547,3.43E+01,35.1562,1.57E+01,2.187
mixed_membo_27-membo_001_.wav,8,456.0547,3.29E+01,33.2031,1.52E+01,2.1686
mixed_membo_27-membo_001_.wav,9,509.6144,2.12E+01,2.9297,9.68E+00,2.1862
mixed_membo_27-membo_001_.wav,10,563.4766,2.08E+01,38.0859,7.97E+00,2.6121
mixed_membo_27-membo_002_.wav,1,53.3323,2.98E+02,20.5078,7.16E+01,4.1667
mixed_membo_27-membo_002_.wav,2,110.3516,7.96E+01,25.3906,7.15E+01,1.1123
mixed_membo_27-membo_002_.wav,3,160.8153,9.07E+01,34.1797,5.30E+01,1.7113
mixed_membo_27-membo_002_.wav,4,217.7734,8.10E+01,1.9531,3.28E+01,2.4682
mixed_membo_27-membo_002_.wav,5,268.4279,3.77E+01,31.25,2.12E+01,1.7794
mixed_membo_27-membo_002_.wav,6,325.1953,4.04E+01,37.1094,2.13E+01,1.891
mixed_membo_27-membo_002_.wav,7,374.3305,3.38E+01,37.1094,1.79E+01,1.8905
mixed_membo_27-membo_002_.wav,8,428.1617,3.05E+01,34.1797,1.44E+01,2.119
mixed_membo_27-membo_002_.wav,9,486.3281,2.12E+01,37.1094,1.33E+01,1.5885
mixed_membo_27-membo_002_.wav,10,535.4303,1.47E+01,33.2031,1.11E+01,1.3262
mixed_membo_27-membo_003_.wav,1,57.5632,4.63E+02,32.2266,1.03E+02,4.4852
mixed_membo_27-membo_003_.wav,2,112.3047,1.45E+02,34.1797,8.74E+01,1.6603
mixed_membo_27-membo_003_.wav,3,171.6817,8.97E+01,32.2266,6.03E+01,1.4886
mixed_membo_27-membo_003_.wav,4,227.5391,7.53E+01,39.0625,4.05E+01,1.8603
mixed_membo_27-membo_003_.wav,5,289.7663,6.77E+01,33.2031,2.86E+01,2.3678
mixed_membo_27-membo_003_.wav,6,344.0106,5.62E+01,38.0859,2.52E+01,2.2302
mixed_membo_27-membo_003_.wav,7,402.4785,5.09E+01,31.25,2.26E+01,2.2528
mixed_membo_27-membo_003_.wav,8,459.2132,1.76E+01,38.0859,1.78E+01,0.9854
mixed_membo_27-membo_003_.wav,9,518.3649,2.22E+01,39.0625,1.45E+01,1.5286
mixed_membo_27-membo_003_.wav,10,576.8553,2.24E+01,36.1328,1.09E+01,2.0593
mixed_membo_27-membo_004_.wav,1,57.4703,2.99E+02,22.1239,7.84E+01,3.8078
mixed_membo_27-membo_004_.wav,2,111.7257,1.25E+02,35.3982,7.46E+01,1.6705
mixed_membo_27-membo_004_.wav,3,170.5716,5.74E+01,38.7168,4.90E+01,1.1714
mixed_membo_27-membo_004_.wav,4,231.0387,7.14E+01,34.292,3.35E+01,2.1345
mixed_membo_27-membo_004_.wav,5,286.767,5.40E+01,29.8673,2.41E+01,2.2399
mixed_membo_27-membo_004_.wav,6,348.4513,3.79E+01,28.7611,1.61E+01,2.3592
mixed_membo_27-membo_004_.wav,7,400.5416,2.69E+01,32.0796,1.39E+01,1.9403
mixed_membo_27-membo_004_.wav,8,463.4956,2.80E+01,38.7168,1.27E+01,2.1923
mixed_membo_27-membo_004_.wav,9,514.3805,1.57E+01,4.4248,9.71E+00,1.6198
mixed_membo_27-membo_004_.wav,10,571.9027,7.25E+00,39.823,8.47E+00,0.8563
mixed_membo_28-membo_000_.wav,1,100.2947,1.25E+03,0.9766,1.00E+02,12.4063
mixed_membo_28-membo_000_.wav,2,200.0614,3.64E+02,1.9531,5.64E+01,6.4479
mixed_membo_28-membo_000_.wav,3,302.4289,5.01E+01,35.1562,2.92E+01,1.7137
mixed_membo_28-membo_000_.wav,4,400.3179,3.04E+01,37.1094,2.08E+01,1.4624
mixed_membo_28-membo_000_.wav,5,501.7686,2.62E+01,31.25,1.66E+01,1.5783
mixed_membo_28-membo_000_.wav,6,606.4453,1.99E+01,38.0859,1.39E+01,1.4317
mixed_membo_28-membo_000_.wav,7,704.1982,1.98E+01,37.1094,1.03E+01,1.9291
mixed_membo_28-membo_000_.wav,8,802.3579,1.35E+01,39.0625,9.51E+00,1.4241
mixed_membo_28-membo_000_.wav,9,904.3805,1.23E+01,23.4375,6.18E+00,1.9873
mixed_membo_28-membo_000_.wav,10,1005.018,2.09E+01,20.5078,5.98E+00,3.4917
mixed_membo_28-membo_001_.wav,1,100.195,1.26E+03,0.9766,1.00E+02,12.5702
mixed_membo_28-membo_001_.wav,2,200.202,3.68E+02,1.9531,6.91E+01,5.3287
mixed_membo_28-membo_001_.wav,3,300.1581,5.13E+01,36.1328,4.06E+01,1.2636
mixed_membo_28-membo_001_.wav,4,399.4141,3.15E+01,38.0859,3.36E+01,0.9358
mixed_membo_28-membo_001_.wav,5,500,2.42E+01,39.0625,2.26E+01,1.0682
mixed_membo_28-membo_001_.wav,6,605.0026,1.38E+01,34.1797,1.30E+01,1.0582
mixed_membo_28-membo_001_.wav,7,702.9365,3.02E+01,38.0859,1.30E+01,2.3168
mixed_membo_28-membo_001_.wav,8,802.64,2.28E+01,35.1562,1.27E+01,1.7945
mixed_membo_28-membo_001_.wav,9,906.0047,1.22E+01,25.3906,6.25E+00,1.9531
mixed_membo_28-membo_001_.wav,10,1002.9297,1.13E+01,30.2734,4.87E+00,2.3229
mixed_membo_28-membo_002_.wav,1,99.9806,9.15E+02,0.9766,9.86E+01,9.2808
mixed_membo_28-membo_002_.wav,2,200.113,2.65E+02,20.5078,6.41E+01,4.1341
mixed_membo_28-membo_002_.wav,3,300.4366,6.25E+01,12.6953,3.85E+01,1.6223
mixed_membo_28-membo_002_.wav,4,398.6763,7.51E+01,39.0625,3.31E+01,2.2701
mixed_membo_28-membo_002_.wav,5,495.1172,4.11E+01,35.1562,2.08E+01,1.9728
mixed_membo_28-membo_002_.wav,6,595.3984,5.61E+01,18.5547,2.24E+01,2.5092
mixed_membo_28-membo_002_.wav,7,697.2587,2.74E+01,36.1328,1.67E+01,1.6342
mixed_membo_28-membo_002_.wav,8,795.1646,1.95E+01,36.1328,1.65E+01,1.1787
mixed_membo_28-membo_002_.wav,9,895.0897,1.18E+01,32.2266,1.02E+01,1.1598
mixed_membo_28-membo_002_.wav,10,993.1641,2.36E+01,25.3906,8.11E+00,2.9156
mixed_membo_28-membo_003_.wav,1,99.7473,1.11E+03,0.9766,8.27E+01,13.453
mixed_membo_28-membo_003_.wav,2,200.0406,2.35E+02,0.9766,3.14E+01,7.4898
mixed_membo_28-membo_003_.wav,3,299.6966,2.91E+01,39.0625,2.73E+01,1.0666
mixed_membo_28-membo_003_.wav,4,396.2038,3.31E+01,39.0625,1.92E+01,1.7228
mixed_membo_28-membo_003_.wav,5,495.1172,1.70E+01,32.2266,1.03E+01,1.649
mixed_membo_28-membo_003_.wav,6,598.9482,2.15E+01,29.2969,1.39E+01,1.5511
mixed_membo_28-membo_003_.wav,7,700.1953,6.59E+00,36.1328,6.39E+00,1.0307
mixed_membo_28-membo_003_.wav,8,799.8047,1.35E+01,29.2969,7.74E+00,1.7457
mixed_membo_28-membo_003_.wav,9,896.252,6.61E+00,36.1328,6.22E+00,1.0622
mixed_membo_28-membo_003_.wav,10,999.0234,1.78E+01,24.4141,4.53E+00,3.9363
mixed_membo_28-membo_004_.wav,1,99.7319,1.02E+03,1.1062,4.66E+01,21.9069
mixed_membo_28-membo_004_.wav,2,199.8559,2.22E+02,1.1062,2.13E+01,10.4497
mixed_membo_28-membo_004_.wav,3,300.0556,2.81E+01,35.3982,1.58E+01,1.7738
mixed_membo_28-membo_004_.wav,4,400.3888,1.74E+01,29.8673,9.88E+00,1.7566
mixed_membo_28-membo_004_.wav,5,498.6896,1.17E+01,37.6106,7.03E+00,1.6633
mixed_membo_28-membo_004_.wav,6,595.7507,1.91E+01,36.5044,1.04E+01,1.8314
mixed_membo_28-membo_004_.wav,7,699.0323,8.85E+00,19.9115,5.51E+00,1.6062
mixed_membo_28-membo_004_.wav,8,798.7311,1.19E+01,38.7168,6.76E+00,1.7525
mixed_membo_28-membo_004_.wav,9,897.4666,5.42E+00,37.6106,4.75E+00,1.1404
mixed_membo_28-membo_004_.wav,10,992.2566,1.16E+01,32.0796,6.03E+00,1.9248
mixed_membo_29-membo_000_.wav,1,150.5184,7.28E+02,34.1797,1.25E+02,5.8237
mixed_membo_29-membo_000_.wav,2,297.8516,9.26E+01,32.2266,5.23E+01,1.7713
mixed_membo_29-membo_000_.wav,3,449.6267,4.49E+01,31.25,2.62E+01,1.7118
mixed_membo_29-membo_000_.wav,4,604.4922,3.80E+01,34.1797,3.28E+01,1.1582
mixed_membo_29-membo_000_.wav,5,753.8453,4.00E+01,34.1797,3.56E+01,1.1245
mixed_membo_29-membo_000_.wav,6,903.4012,2.49E+01,39.0625,2.71E+01,0.9183
mixed_membo_29-membo_000_.wav,7,1049.8047,2.98E+01,37.1094,1.85E+01,1.6095
mixed_membo_29-membo_000_.wav,8,1206.0547,1.84E+01,35.1562,1.13E+01,1.628
mixed_membo_29-membo_000_.wav,9,1354.9542,1.55E+01,11.7188,1.60E+01,0.9724
mixed_membo_29-membo_000_.wav,10,1503.4296,1.19E+01,38.0859,1.11E+01,1.072
mixed_membo_29-membo_001_.wav,1,133.6513,1.66E+03,1.9531,1.45E+02,11.4489
mixed_membo_29-membo_001_.wav,2,266.3642,1.08E+02,39.0625,6.78E+01,1.5942
mixed_membo_29-membo_001_.wav,3,400.7145,7.73E+01,35.1562,4.61E+01,1.6744
mixed_membo_29-membo_001_.wav,4,535.4516,9.33E+01,22.4609,4.34E+01,2.1462
mixed_membo_29-membo_001_.wav,5,668.8829,1.68E+02,37.1094,7.44E+01,2.2549
mixed_membo_29-membo_001_.wav,6,801.9906,9.44E+01,37.1094,4.71E+01,2.0035
mixed_membo_29-membo_001_.wav,7,938.2387,4.94E+01,38.0859,3.76E+01,1.3135
mixed_membo_29-membo_001_.wav,8,1069.0682,4.04E+01,38.0859,2.61E+01,1.549
mixed_membo_29-membo_001_.wav,9,1207.0312,5.70E+01,25.3906,2.90E+01,1.9689
mixed_membo_29-membo_001_.wav,10,1336.834,2.12E+01,39.0625,2.30E+01,0.9232
mixed_membo_29-membo_002_.wav,1,133.6219,4.59E+02,30.2734,9.14E+01,5.0195
mixed_membo_29-membo_002_.wav,2,264.6484,5.77E+01,38.0859,5.99E+01,0.9635
mixed_membo_29-membo_002_.wav,3,400.1363,1.30E+02,37.1094,5.87E+01,2.2143
mixed_membo_29-membo_002_.wav,4,538.0859,8.01E+01,38.0859,4.31E+01,1.8569
mixed_membo_29-membo_002_.wav,5,666.0156,6.30E+01,33.2031,3.70E+01,1.7027
mixed_membo_29-membo_002_.wav,6,805.6641,6.74E+01,36.1328,2.63E+01,2.5636
mixed_membo_29-membo_002_.wav,7,934.7357,4.80E+01,37.1094,3.64E+01,1.3182
mixed_membo_29-membo_002_.wav,8,1067.3828,3.27E+01,26.3672,1.94E+01,1.6847
mixed_membo_29-membo_002_.wav,9,1206.0777,2.76E+01,22.4609,1.65E+01,1.6718
mixed_membo_29-membo_002_.wav,10,1340.8203,3.15E+01,37.1094,1.50E+01,2.0974
mixed_membo_29-membo_003_.wav,1,49.2296,1.73E+02,6.8359,3.08E+01,5.6233
mixed_membo_29-membo_003_.wav,2,94.7266,4.67E+01,26.3672,4.28E+01,1.0917
mixed_membo_29-membo_003_.wav,3,147.1988,9.82E+01,38.0859,3.98E+01,2.4689
mixed_membo_29-membo_003_.wav,4,192.3828,1.48E+02,39.0625,5.12E+01,2.8856
mixed_membo_29-membo_003_.wav,5,247.0703,1.04E+02,34.1797,5.13E+01,2.0209
mixed_membo_29-membo_003_.wav,6,292.1878,1.01E+02,20.5078,4.69E+01,2.1425
mixed_membo_29-membo_003_.wav,7,343.6239,6.77E+01,38.0859,5.11E+01,1.3253
mixed_membo_29-membo_003_.wav,8,388.2312,8.14E+01,37.1094,4.63E+01,1.7557
mixed_membo_29-membo_003_.wav,9,439.157,5.36E+01,37.1094,3.68E+01,1.4532
mixed_membo_29-membo_003_.wav,10,489.4782,5.39E+01,38.0859,3.23E+01,1.6681
mixed_membo_29-membo_004_.wav,1,49.5521,1.44E+02,23.2301,3.85E+01,3.7384
mixed_membo_29-membo_004_.wav,2,99.7772,1.20E+02,34.292,4.90E+01,2.4418
mixed_membo_29-membo_004_.wav,3,147.8211,5.35E+01,36.5044,3.53E+01,1.5161
mixed_membo_29-membo_004_.wav,4,197.8491,7.20E+01,34.292,3.91E+01,1.842
mixed_membo_29-membo_004_.wav,5,250.2289,7.17E+01,38.7168,4.65E+01,1.5437
mixed_membo_29-membo_004_.wav,6,299.9284,1.24E+02,30.9735,5.16E+01,2.4101
mixed_membo_29-membo_004_.wav,7,349.2444,7.57E+01,38.7168,4.01E+01,1.8891
mixed_membo_29-membo_004_.wav,8,394.9115,5.12E+01,32.0796,3.45E+01,1.4845
mixed_membo_29-membo_004_.wav,9,447.7264,6.74E+01,35.3982,3.16E+01,2.1356
mixed_membo_29-membo_004_.wav,10,496.8377,6.21E+01,36.5044,3.00E+01,2.0665
mixed_membo_3-membo_000_.wav,1,49.4754,1.25E+02,0.9766,8.24E+00,15.1642
mixed_membo_3-membo_000_.wav,2,98.5049,1.88E+01,14.6484,8.41E+00,2.238
mixed_membo_3-membo_000_.wav,3,146.4844,9.91E+00,32.2266,5.78E+00,1.7158
mixed_membo_3-membo_000_.wav,4,202.1484,8.58E+00,23.4375,5.02E+00,1.7095
mixed_membo_3-membo_000_.wav,5,250.0567,8.45E+00,5.8594,4.49E+00,1.8821
mixed_membo_3-membo_000_.wav,6,295.8984,6.13E+00,24.4141,4.56E+00,1.3435
mixed_membo_3-membo_000_.wav,7,349.7059,4.44E+00,37.1094,3.77E+00,1.1782
mixed_membo_3-membo_000_.wav,8,400.4473,1.25E+01,22.4609,3.56E+00,3.5204
mixed_membo_3-membo_000_.wav,9,445.3125,1.12E+01,38.0859,4.10E+00,2.7338
mixed_membo_3-membo_000_.wav,10,497.9551,1.39E+01,34.1797,5.15E+00,2.7007
mixed_membo_3-membo_001_.wav,1,49.5724,1.17E+02,0.9766,1.33E+00,88.1838
mixed_membo_3-membo_001_.wav,2,100.3763,5.28E+00,10.7422,1.31E+00,4.0193
mixed_membo_3-membo_001_.wav,3,148.3092,1.66E+00,19.5312,5.42E-01,3.0581
mixed_membo_3-membo_001_.wav,4,200.1365,3.29E+00,0.9766,3.94E-01,8.3546
mixed_membo_3-membo_001_.wav,5,251.9531,4.22E-01,37.1094,3.29E-01,1.2828
mixed_membo_3-membo_001_.wav,6,297.0649,2.64E+00,13.6719,3.80E-01,6.9499
mixed_membo_3-membo_001_.wav,7,345.7031,2.83E+00,0.9766,4.33E-01,6.5445
mixed_membo_3-membo_001_.wav,8,395.5078,9.35E-01,25.3906,2.66E-01,3.5093
mixed_membo_3-membo_001_.wav,9,451.1719,5.23E-01,12.6953,1.91E-01,2.7326
mixed_membo_3-membo_001_.wav,10,495.1172,6.31E-01,12.6953,2.00E-01,3.1616
mixed_membo_3-membo_002_.wav,1,49.6673,1.16E+02,0.9766,1.25E+00,92.9794
mixed_membo_3-membo_002_.wav,2,99.538,6.90E+00,1.9531,1.00E+00,6.8761
mixed_membo_3-membo_002_.wav,3,148.6848,1.09E+00,23.4375,4.69E-01,2.3309
mixed_membo_3-membo_002_.wav,4,200.0781,3.62E+00,0.9766,3.93E-01,9.2054
mixed_membo_3-membo_002_.wav,5,249.9036,4.19E-01,37.1094,3.75E-01,1.1171
mixed_membo_3-membo_002_.wav,6,300.1618,3.34E+00,20.5078,4.11E-01,8.125
mixed_membo_3-membo_002_.wav,7,345.7031,2.24E+00,0.9766,3.91E-01,5.7387
mixed_membo_3-membo_002_.wav,8,395.5078,1.10E+00,0.9766,2.37E-01,4.6411
mixed_membo_3-membo_002_.wav,9,445.3125,5.89E-01,31.25,2.41E-01,2.445
mixed_membo_3-membo_002_.wav,10,495.1172,3.38E-01,0.9766,2.13E-01,1.5923
mixed_membo_3-membo_003_.wav,1,49.5803,1.11E+02,0.9766,8.76E-01,126.3552
mixed_membo_3-membo_003_.wav,2,99.5036,7.11E+00,1.9531,1.02E+00,6.9392
mixed_membo_3-membo_003_.wav,3,148.3473,7.36E-01,25.3906,4.48E-01,1.6446
mixed_membo_3-membo_003_.wav,4,200.0847,4.21E+00,0.9766,3.71E-01,11.3389
mixed_membo_3-membo_003_.wav,5,250.0834,6.06E-01,35.1562,3.38E-01,1.7904
mixed_membo_3-membo_003_.wav,6,295.8984,3.40E+00,19.5312,2.53E-01,13.4438
mixed_membo_3-membo_003_.wav,7,345.7031,2.57E+00,0.9766,2.43E-01,10.5658
mixed_membo_3-membo_003_.wav,8,395.5078,9.27E-01,0.9766,2.31E-01,4.0075
mixed_membo_3-membo_003_.wav,9,448.3194,3.06E-01,24.4141,1.87E-01,1.6369
mixed_membo_3-membo_003_.wav,10,500.9766,6.42E-01,0.9766,1.67E-01,3.8428
mixed_membo_3-membo_004_.wav,1,49.5093,1.10E+02,1.1062,2.90E+00,38.0705
mixed_membo_3-membo_004_.wav,2,100.2754,5.32E+00,19.9115,1.76E+00,3.0315
mixed_membo_3-membo_004_.wav,3,147.6943,1.25E+00,19.9115,5.52E-01,2.2666
mixed_membo_3-membo_004_.wav,4,200.0952,4.15E+00,1.1062,3.66E-01,11.3544
mixed_membo_3-membo_004_.wav,5,249.7099,4.35E-01,37.6106,4.16E-01,1.045
mixed_membo_3-membo_004_.wav,6,300.6646,3.62E+00,12.1681,4.15E-01,8.7118
mixed_membo_3-membo_004_.wav,7,345.1327,1.71E+00,1.1062,3.23E-01,5.3013
mixed_membo_3-membo_004_.wav,8,394.9115,9.39E-01,19.9115,2.45E-01,3.8329
mixed_membo_3-membo_004_.wav,9,444.6903,5.31E-01,32.0796,2.14E-01,2.4832
mixed_membo_3-membo_004_.wav,10,494.469,1.12E+00,2.2124,1.90E-01,5.911
mixed_membo_30-membo_000_.wav,1,68.4132,2.29E+02,39.0625,6.98E+01,3.2798
mixed_membo_30-membo_000_.wav,2,134.9505,8.17E+01,33.2031,5.81E+01,1.4072
mixed_membo_30-membo_000_.wav,3,202.1484,1.39E+02,5.8594,4.58E+01,3.0412
mixed_membo_30-membo_000_.wav,4,272.1516,6.22E+01,33.2031,4.17E+01,1.4919
mixed_membo_30-membo_000_.wav,5,343.8449,4.76E+01,37.1094,3.64E+01,1.305
mixed_membo_30-membo_000_.wav,6,412.0667,3.97E+01,37.1094,3.04E+01,1.3074
mixed_membo_30-membo_000_.wav,7,481.4453,4.62E+01,27.3438,3.22E+01,1.4321
mixed_membo_30-membo_000_.wav,8,545.9419,6.07E+01,26.3672,3.47E+01,1.7518
mixed_membo_30-membo_000_.wav,9,614.2346,8.09E+01,30.2734,4.38E+01,1.8489
mixed_membo_30-membo_000_.wav,10,682.3911,4.70E+01,34.1797,3.74E+01,1.2582
mixed_membo_30-membo_001_.wav,1,48.7628,1.91E+02,21.4844,4.02E+01,4.7453
mixed_membo_30-membo_001_.wav,2,94.7266,1.43E+02,32.2266,6.56E+01,2.1829
mixed_membo_30-membo_001_.wav,3,149.4141,7.83E+01,23.4375,4.69E+01,1.6679
mixed_membo_30-membo_001_.wav,4,196.5065,9.63E+01,28.3203,3.98E+01,2.4188
mixed_membo_30-membo_001_.wav,5,246.3676,7.97E+01,35.1562,3.99E+01,1.9959
mixed_membo_30-membo_001_.wav,6,292.1047,8.37E+01,34.1797,4.43E+01,1.8907
mixed_membo_30-membo_001_.wav,7,341.0982,8.96E+01,30.2734,4.31E+01,2.0786
mixed_membo_30-membo_001_.wav,8,392.037,6.77E+01,32.2266,3.69E+01,1.8328
mixed_membo_30-membo_001_.wav,9,440.5177,1.32E+02,23.4375,3.47E+01,3.8097
mixed_membo_30-membo_001_.wav,10,487.962,5.60E+01,39.0625,3.13E+01,1.7877
mixed_membo_30-membo_002_.wav,1,69.2278,4.07E+02,16.6016,6.04E+01,6.7499
mixed_membo_30-membo_002_.wav,2,136.9993,6.84E+01,31.25,5.48E+01,1.2486
mixed_membo_30-membo_002_.wav,3,208.0036,1.00E+02,38.0859,5.31E+01,1.8838
mixed_membo_30-membo_002_.wav,4,275.9193,8.52E+01,34.1797,3.86E+01,2.2104
mixed_membo_30-membo_002_.wav,5,343.75,4.48E+01,30.2734,2.93E+01,1.5294
mixed_membo_30-membo_002_.wav,6,414.9407,7.00E+01,32.2266,3.05E+01,2.2936
mixed_membo_30-membo_002_.wav,7,484.5939,3.14E+01,36.1328,1.86E+01,1.688
mixed_membo_30-membo_002_.wav,8,552.765,2.38E+01,39.0625,1.84E+01,1.2925
mixed_membo_30-membo_002_.wav,9,621.0938,4.81E+01,34.1797,1.84E+01,2.6219
mixed_membo_30-membo_002_.wav,10,696.2891,2.68E+01,37.1094,1.50E+01,1.7863
mixed_membo_30-membo_003_.wav,1,49.6221,3.04E+02,4.8828,4.78E+01,6.3596
mixed_membo_30-membo_003_.wav,2,99.1592,1.36E+02,36.1328,6.47E+01,2.1002
mixed_membo_30-membo_003_.wav,3,148.2905,8.37E+01,36.1328,5.39E+01,1.5511
mixed_membo_30-membo_003_.wav,4,198.9058,1.23E+02,35.1562,5.22E+01,2.3542
mixed_membo_30-membo_003_.wav,5,248.1995,1.02E+02,34.1797,5.49E+01,1.8503
mixed_membo_30-membo_003_.wav,6,300.6696,9.09E+01,35.1562,6.38E+01,1.4238
mixed_membo_30-membo_003_.wav,7,351.5625,1.07E+02,39.0625,6.36E+01,1.6786
mixed_membo_30-membo_003_.wav,8,397.6265,7.07E+01,30.2734,4.80E+01,1.4719
mixed_membo_30-membo_003_.wav,9,445.3125,6.82E+01,37.1094,3.62E+01,1.8841
mixed_membo_30-membo_003_.wav,10,497.8989,7.65E+01,33.2031,3.76E+01,2.0343
mixed_membo_30-membo_004_.wav,1,49.4804,1.97E+02,17.5781,4.04E+01,4.881
mixed_membo_30-membo_004_.wav,2,99.6367,1.44E+02,38.0859,5.47E+01,2.6374
mixed_membo_30-membo_004_.wav,3,151.3672,5.58E+01,14.6484,4.15E+01,1.3452
mixed_membo_30-membo_004_.wav,4,199.0221,4.97E+01,24.4141,3.54E+01,1.405
mixed_membo_30-membo_004_.wav,5,249.7479,7.68E+01,34.1797,3.92E+01,1.958
mixed_membo_30-membo_004_.wav,6,301.7578,1.08E+02,31.25,4.68E+01,2.2974
mixed_membo_30-membo_004_.wav,7,351.0539,7.77E+01,37.1094,3.82E+01,2.0347
mixed_membo_30-membo_004_.wav,8,397.5718,2.57E+01,39.0625,2.63E+01,0.9781
mixed_membo_30-membo_004_.wav,9,448.6338,1.93E+01,33.2031,2.34E+01,0.8262
mixed_membo_30-membo_004_.wav,10,497.1328,7.42E+01,12.6953,2.16E+01,3.4372
mixed_membo_31-membo_000_.wav,1,90.9341,9.49E+02,0.9766,1.07E+02,8.8876
mixed_membo_31-membo_000_.wav,2,182.5174,1.74E+02,37.1094,6.54E+01,2.6601
mixed_membo_31-membo_000_.wav,3,270.5137,7.91E+01,33.2031,6.05E+01,1.308
mixed_membo_31-membo_000_.wav,4,361.4261,6.11E+01,37.1094,3.26E+01,1.8775
mixed_membo_31-membo_000_.wav,5,456.2527,3.54E+01,32.2266,3.09E+01,1.1439
mixed_membo_31-membo_000_.wav,6,545.1196,6.48E+01,36.1328,3.27E+01,1.985
mixed_membo_31-membo_000_.wav,7,634.5728,8.36E+01,19.5312,4.20E+01,1.9906
mixed_membo_31-membo_000_.wav,8,725.8205,1.29E+02,28.3203,4.78E+01,2.6924
mixed_membo_31-membo_000_.wav,9,817.9548,3.70E+01,39.0625,1.95E+01,1.8977
mixed_membo_31-membo_000_.wav,10,906.1214,3.19E+01,31.25,1.55E+01,2.051
mixed_membo_31-membo_001_.wav,1,49.2917,2.09E+02,16.6016,3.59E+01,5.8303
mixed_membo_31-membo_001_.wav,2,94.7266,1.07E+02,36.1328,6.70E+01,1.6017
mixed_membo_31-membo_001_.wav,3,145.6848,6.78E+01,39.0625,6.06E+01,1.1178
mixed_membo_31-membo_001_.wav,4,198.2422,6.74E+01,30.2734,4.89E+01,1.378
mixed_membo_31-membo_001_.wav,5,244.1043,8.25E+01,39.0625,5.93E+01,1.3912
mixed_membo_31-membo_001_.wav,6,293.7752,1.28E+02,32.2266,7.00E+01,1.8355
mixed_membo_31-membo_001_.wav,7,344.0941,6.91E+01,38.0859,4.43E+01,1.5608
mixed_membo_31-membo_001_.wav,8,393.5547,3.40E+01,32.2266,3.36E+01,1.0136
mixed_membo_31-membo_001_.wav,9,442.3828,4.84E+01,36.1328,4.38E+01,1.1047
mixed_membo_31-membo_001_.wav,10,490.5209,6.52E+01,38.0859,5.10E+01,1.2791
mixed_membo_31-membo_002_.wav,1,49.9552,1.88E+02,23.4375,4.90E+01,3.8287
mixed_membo_31-membo_002_.wav,2,101.9224,1.06E+02,37.1094,6.46E+01,1.6392
mixed_membo_31-membo_002_.wav,3,149.7175,8.07E+01,35.1562,4.33E+01,1.8611
mixed_membo_31-membo_002_.wav,4,200.4452,4.81E+01,38.0859,3.64E+01,1.3233
mixed_membo_31-membo_002_.wav,5,248.0903,4.39E+01,39.0625,3.51E+01,1.2495
mixed_membo_31-membo_002_.wav,6,295.8984,3.32E+01,22.4609,2.71E+01,1.2261
mixed_membo_31-membo_002_.wav,7,346.6994,4.89E+01,33.2031,2.85E+01,1.7157
mixed_membo_31-membo_002_.wav,8,395.5078,6.18E+01,38.0859,4.08E+01,1.5166
mixed_membo_31-membo_002_.wav,9,446.286,5.36E+01,37.1094,3.91E+01,1.371
mixed_membo_31-membo_002_.wav,10,500.4622,4.37E+01,39.0625,3.56E+01,1.2259
mixed_membo_31-membo_003_.wav,1,87.3163,1.31E+02,37.1094,4.99E+01,2.6166
mixed_membo_31-membo_003_.wav,2,175.6532,4.03E+01,38.0859,2.25E+01,1.7885
mixed_membo_31-membo_003_.wav,3,261.1227,3.96E+01,34.1797,2.51E+01,1.5761
mixed_membo_31-membo_003_.wav,4,344.7266,8.83E+01,15.625,2.86E+01,3.0917
mixed_membo_31-membo_003_.wav,5,433.8855,5.69E+01,39.0625,2.66E+01,2.1402
mixed_membo_31-membo_003_.wav,6,518.5547,1.59E+01,31.25,2.43E+01,0.6562
mixed_membo_31-membo_003_.wav,7,610.2838,4.75E+01,32.2266,2.61E+01,1.8181
mixed_membo_31-membo_003_.wav,8,696.9517,4.42E+01,38.0859,2.01E+01,2.1936
mixed_membo_31-membo_003_.wav,9,779.2969,4.58E+01,34.1797,1.48E+01,3.0999
mixed_membo_31-membo_003_.wav,10,867.5382,1.51E+01,27.3438,1.05E+01,1.4325
mixed_membo_31-membo_004_.wav,1,64.3853,2.32E+02,37.6106,7.14E+01,3.2549
mixed_membo_31-membo_004_.wav,2,125,1.79E+02,23.2301,7.26E+01,2.467
mixed_membo_31-membo_004_.wav,3,192.4342,7.46E+01,37.6106,6.29E+01,1.1865
mixed_membo_31-membo_004_.wav,4,253.3186,1.55E+02,39.823,8.40E+01,1.8488
mixed_membo_31-membo_004_.wav,5,323.3815,2.17E+02,22.1239,8.05E+01,2.7015
mixed_membo_31-membo_004_.wav,6,388.2743,7.57E+01,38.7168,5.83E+01,1.2968
mixed_membo_31-membo_004_.wav,7,447.276,1.98E+02,34.292,6.86E+01,2.882
mixed_membo_31-membo_004_.wav,8,513.6615,1.68E+02,37.6106,7.44E+01,2.2527
mixed_membo_31-membo_004_.wav,9,577.6419,2.28E+02,36.5044,1.05E+02,2.1676
mixed_membo_31-membo_004_.wav,10,643.256,1.68E+02,34.292,8.94E+01,1.8759
mixed_membo_32-membo_000_.wav,1,89.0225,1.59E+02,22.4609,3.51E+01,4.515
mixed_membo_32-membo_000_.wav,2,176.2931,4.09E+01,39.0625,4.02E+01,1.0171
mixed_membo_32-membo_000_.wav,3,263.6719,6.24E+01,33.2031,3.53E+01,1.7668
mixed_membo_32-membo_000_.wav,4,355.6053,5.96E+01,34.1797,4.57E+01,1.3024
mixed_membo_32-membo_000_.wav,5,443.3907,5.36E+01,39.0625,4.38E+01,1.2233
mixed_membo_32-membo_000_.wav,6,532.3146,4.35E+01,35.1562,4.35E+01,0.999
mixed_membo_32-membo_000_.wav,7,623.4778,6.51E+01,39.0625,4.51E+01,1.4453
mixed_membo_32-membo_000_.wav,8,713.8672,3.77E+01,32.2266,2.74E+01,1.377
mixed_membo_32-membo_000_.wav,9,798.5259,3.37E+01,37.1094,1.94E+01,1.7411
mixed_membo_32-membo_000_.wav,10,888.5391,4.42E+01,23.4375,1.92E+01,2.3065
mixed_membo_32-membo_001_.wav,1,105.3956,2.11E+02,20.5078,4.42E+01,4.7713
mixed_membo_32-membo_001_.wav,2,208.0078,8.17E+01,37.1094,4.52E+01,1.8055
mixed_membo_32-membo_001_.wav,3,319.3359,1.15E+02,37.1094,5.70E+01,2.0147
mixed_membo_32-membo_001_.wav,4,424.8047,9.54E+01,38.0859,5.28E+01,1.8064
mixed_membo_32-membo_001_.wav,5,524.4141,4.32E+01,33.2031,4.99E+01,0.8656
mixed_membo_32-membo_001_.wav,6,632.7129,8.15E+01,29.2969,3.64E+01,2.2422
mixed_membo_32-membo_001_.wav,7,735.3516,4.18E+01,31.25,4.80E+01,0.8708
mixed_membo_32-membo_001_.wav,8,842.0041,3.25E+01,32.2266,2.72E+01,1.1961
mixed_membo_32-membo_001_.wav,9,949.6068,4.87E+01,34.1797,2.69E+01,1.8109
mixed_membo_32-membo_001_.wav,10,1056.765,5.77E+01,31.25,2.45E+01,2.3519
mixed_membo_32-membo_002_.wav,1,49.6476,1.50E+02,24.4141,3.54E+01,4.2307
mixed_membo_32-membo_002_.wav,2,99.7755,6.34E+01,39.0625,4.69E+01,1.3524
mixed_membo_32-membo_002_.wav,3,147.6931,7.70E+01,37.1094,4.04E+01,1.9068
mixed_membo_32-membo_002_.wav,4,196.2891,6.57E+01,30.2734,3.82E+01,1.7202
mixed_membo_32-membo_002_.wav,5,248.0193,6.79E+01,30.2734,4.29E+01,1.582
mixed_membo_32-membo_002_.wav,6,301.7578,7.42E+01,31.25,6.47E+01,1.1478
mixed_membo_32-membo_002_.wav,7,351.5625,9.52E+01,39.0625,6.55E+01,1.4533
mixed_membo_32-membo_002_.wav,8,400.3983,9.74E+01,34.1797,7.35E+01,1.3255
mixed_membo_32-membo_002_.wav,9,445.3125,2.05E+02,35.1562,6.47E+01,3.1739
mixed_membo_32-membo_002_.wav,10,496.9495,1.04E+02,39.0625,5.43E+01,1.9189
mixed_membo_32-membo_003_.wav,1,49.8295,1.51E+02,15.625,2.42E+01,6.235
mixed_membo_32-membo_003_.wav,2,96.6797,6.02E+01,38.0859,4.40E+01,1.3678
mixed_membo_32-membo_003_.wav,3,149.8929,4.75E+01,36.1328,3.38E+01,1.4071
mixed_membo_32-membo_003_.wav,4,202.1484,4.57E+01,33.2031,2.86E+01,1.6018
mixed_membo_32-membo_003_.wav,5,248.4739,6.46E+01,35.1562,3.15E+01,2.0488
mixed_membo_32-membo_003_.wav,6,300.1246,6.12E+01,36.1328,3.67E+01,1.6684
mixed_membo_32-membo_003_.wav,7,348.0712,6.31E+01,37.1094,4.04E+01,1.5615
mixed_membo_32-membo_003_.wav,8,396.7742,9.37E+01,36.1328,4.73E+01,1.9789
mixed_membo_32-membo_003_.wav,9,447.1039,1.30E+02,33.2031,5.10E+01,2.5417
mixed_membo_32-membo_003_.wav,10,497.0622,5.84E+01,37.1094,4.64E+01,1.2599
mixed_membo_32-membo_004_.wav,1,43.8968,1.34E+02,17.6991,3.11E+01,4.3163
mixed_membo_32-membo_004_.wav,2,91.8142,8.19E+01,37.6106,5.07E+01,1.6175
mixed_membo_32-membo_004_.wav,3,130.531,4.94E+01,33.1858,3.95E+01,1.2519
mixed_membo_32-membo_004_.wav,4,173.6726,5.14E+01,32.0796,2.60E+01,1.975
mixed_membo_32-membo_004_.wav,5,223.4513,4.05E+01,35.3982,1.96E+01,2.0641
mixed_membo_32-membo_004_.wav,6,265.3593,4.07E+01,38.7168,2.07E+01,1.9698
mixed_membo_32-membo_004_.wav,7,306.4159,5.88E+01,15.4867,1.89E+01,3.1055
mixed_membo_32-membo_004_.wav,8,350.6637,5.92E+01,19.9115,2.38E+01,2.4902
mixed_membo_32-membo_004_.wav,9,394.9115,8.36E+01,38.7168,3.10E+01,2.6961
mixed_membo_32-membo_004_.wav,10,443.1218,8.01E+01,24.3363,3.22E+01,2.4846
mixed_membo_33-membo_000_.wav,1,52.8477,1.24E+02,35.1562,2.92E+01,4.252
mixed_membo_33-membo_000_.wav,2,108.3984,5.65E+01,38.0859,2.87E+01,1.9716
mixed_membo_33-membo_000_.wav,3,160.3109,4.07E+01,36.1328,2.14E+01,1.9053
mixed_membo_33-membo_000_.wav,4,209.4696,2.80E+01,10.7422,1.65E+01,1.6996
mixed_membo_33-membo_000_.wav,5,264.1082,2.49E+01,0,1.85E+01,1.3457
mixed_membo_33-membo_000_.wav,6,313.4766,3.20E+01,8.7891,1.83E+01,1.7514
mixed_membo_33-membo_000_.wav,7,369.6413,3.64E+01,34.1797,1.41E+01,2.5762
mixed_membo_33-membo_000_.wav,8,420.091,4.46E+01,38.0859,1.64E+01,2.7138
mixed_membo_33-membo_000_.wav,9,476.5699,4.77E+01,31.25,2.07E+01,2.3036
mixed_membo_33-membo_000_.wav,10,530.2734,3.97E+01,25.3906,2.07E+01,1.9147
mixed_membo_33-membo_001_.wav,1,44.0872,2.06E+02,18.5547,2.66E+01,7.7435
mixed_membo_33-membo_001_.wav,2,86.0262,1.17E+02,29.2969,4.77E+01,2.4547
mixed_membo_33-membo_001_.wav,3,133.6182,5.55E+01,39.0625,2.87E+01,1.9321
mixed_membo_33-membo_001_.wav,4,176.7018,2.66E+01,32.2266,2.07E+01,1.2871
mixed_membo_33-membo_001_.wav,5,216.7969,2.45E+01,32.2266,1.72E+01,1.4254
mixed_membo_33-membo_001_.wav,6,260.7422,3.29E+01,30.2734,1.92E+01,1.7125
mixed_membo_33-membo_001_.wav,7,304.6875,4.39E+01,2.9297,2.37E+01,1.8497
mixed_membo_33-membo_001_.wav,8,354.4922,4.06E+01,0.9766,1.71E+01,2.3763
mixed_membo_33-membo_001_.wav,9,398.4375,1.78E+01,37.1094,1.80E+01,0.9853
mixed_membo_33-membo_001_.wav,10,439.5061,4.55E+01,34.1797,1.95E+01,2.3365
mixed_membo_33-membo_002_.wav,1,66.1119,7.56E+01,31.25,2.13E+01,3.5442
mixed_membo_33-membo_002_.wav,2,134.9946,3.13E+01,27.3438,1.76E+01,1.7797
mixed_membo_33-membo_002_.wav,3,202.1484,3.22E+01,32.2266,1.75E+01,1.8398
mixed_membo_33-membo_002_.wav,4,264.5235,2.92E+01,36.1328,2.02E+01,1.4432
mixed_membo_33-membo_002_.wav,5,330.4092,3.37E+01,0.9766,2.22E+01,1.5184
mixed_membo_33-membo_002_.wav,6,400.8622,3.17E+01,24.4141,1.54E+01,2.0602
mixed_membo_33-membo_002_.wav,7,467.7734,3.03E+01,39.0625,2.24E+01,1.3536
mixed_membo_33-membo_002_.wav,8,530.3055,3.34E+01,37.1094,3.02E+01,1.1062
mixed_membo_33-membo_002_.wav,9,595.7956,5.42E+01,37.1094,2.63E+01,2.0605
mixed_membo_33-membo_002_.wav,10,664.1357,3.75E+01,34.1797,2.18E+01,1.7165
mixed_membo_33-membo_003_.wav,1,52.4458,1.26E+02,17.5781,2.65E+01,4.7702
mixed_membo_33-membo_003_.wav,2,106.4808,5.13E+01,39.0625,2.14E+01,2.3944
mixed_membo_33-membo_003_.wav,3,158.9422,5.99E+01,30.2734,1.86E+01,3.2185
mixed_membo_33-membo_003_.wav,4,209.9366,4.75E+01,9.7656,1.76E+01,2.7037
mixed_membo_33-membo_003_.wav,5,263.5243,1.92E+01,35.1562,1.89E+01,1.0141
mixed_membo_33-membo_003_.wav,6,315.3082,2.58E+01,38.0859,2.10E+01,1.2282
mixed_membo_33-membo_003_.wav,7,366.2109,3.75E+01,36.1328,1.99E+01,1.8885
mixed_membo_33-membo_003_.wav,8,424.8047,2.93E+01,39.0625,2.07E+01,1.4127
mixed_membo_33-membo_003_.wav,9,476.5792,5.07E+01,27.3438,2.05E+01,2.4729
mixed_membo_33-membo_003_.wav,10,528.3105,3.94E+01,37.1094,2.64E+01,1.4892
mixed_membo_33-membo_004_.wav,1,54.317,1.11E+02,17.6991,2.46E+01,4.5137
mixed_membo_33-membo_004_.wav,2,106.6638,4.89E+01,24.3363,2.27E+01,2.1533
mixed_membo_33-membo_004_.wav,3,165.9292,4.48E+01,36.5044,1.65E+01,2.7159
mixed_membo_33-membo_004_.wav,4,220.1327,1.78E+01,29.8673,1.33E+01,1.3342
mixed_membo_33-membo_004_.wav,5,272.1083,2.17E+01,3.3186,1.42E+01,1.526
mixed_membo_33-membo_004_.wav,6,327.5155,2.79E+01,1.1062,1.76E+01,1.5866
mixed_membo_33-membo_004_.wav,7,382.7434,3.48E+01,13.2743,1.62E+01,2.1504
mixed_membo_33-membo_004_.wav,8,436.9469,2.40E+01,24.3363,1.71E+01,1.401
mixed_membo_33-membo_004_.wav,9,484.5133,3.69E+01,15.4867,2.11E+01,1.7478
mixed_membo_33-membo_004_.wav,10,542.347,2.62E+01,28.7611,2.31E+01,1.135
mixed_membo_34-membo_000_.wav,1,49.7475,1.84E+02,17.5781,2.51E+01,7.3253
mixed_membo_34-membo_000_.wav,2,99.9617,1.09E+02,20.5078,2.22E+01,4.8863
mixed_membo_34-membo_000_.wav,3,151.0196,2.35E+01,35.1562,1.43E+01,1.6471
mixed_membo_34-membo_000_.wav,4,201.2129,2.76E+01,38.0859,1.31E+01,2.1057
mixed_membo_34-membo_000_.wav,5,249.4599,1.45E+01,37.1094,8.10E+00,1.7933
mixed_membo_34-membo_000_.wav,6,297.3768,8.14E+00,37.1094,6.92E+00,1.1758
mixed_membo_34-membo_000_.wav,7,348.8732,1.39E+01,24.4141,8.38E+00,1.6638
mixed_membo_34-membo_000_.wav,8,398.0401,2.18E+01,37.1094,7.46E+00,2.917
mixed_membo_34-membo_000_.wav,9,451.1719,8.70E+00,34.1797,6.60E+00,1.3178
mixed_membo_34-membo_000_.wav,10,499.6779,2.25E+01,33.2031,8.10E+00,2.7778
mixed_membo_34-membo_001_.wav,1,53.4506,1.87E+02,35.1562,4.25E+01,4.3943
mixed_membo_34-membo_001_.wav,2,104.4922,5.03E+01,18.5547,2.90E+01,1.7366
mixed_membo_34-membo_001_.wav,3,159.0964,1.57E+01,30.2734,1.26E+01,1.2426
mixed_membo_34-membo_001_.wav,4,211.9141,1.97E+01,32.2266,8.28E+00,2.3761
mixed_membo_34-membo_001_.wav,5,268.1407,3.20E+01,20.5078,9.47E+00,3.3791
mixed_membo_34-membo_001_.wav,6,325.1953,1.18E+01,36.1328,1.16E+01,1.0251
mixed_membo_34-membo_001_.wav,7,377.9515,4.89E+01,17.5781,1.35E+01,3.6229
mixed_membo_34-membo_001_.wav,8,431.6532,1.89E+01,33.2031,1.09E+01,1.7319
mixed_membo_34-membo_001_.wav,9,484.3722,1.63E+01,37.1094,1.10E+01,1.4778
mixed_membo_34-membo_001_.wav,10,540.0391,1.74E+01,37.1094,1.13E+01,1.5444
mixed_membo_34-membo_002_.wav,1,53.0001,1.66E+02,13.6719,3.55E+01,4.6927
mixed_membo_34-membo_002_.wav,2,105.5047,8.27E+01,22.4609,3.98E+01,2.0797
mixed_membo_34-membo_002_.wav,3,160.5704,3.19E+01,33.2031,2.15E+01,1.4829
mixed_membo_34-membo_002_.wav,4,209.8023,2.03E+01,15.625,1.27E+01,1.5953
mixed_membo_34-membo_002_.wav,5,260.7422,1.56E+01,15.625,1.17E+01,1.3367
mixed_membo_34-membo_002_.wav,6,318.5767,2.22E+01,39.0625,1.38E+01,1.6001
mixed_membo_34-membo_002_.wav,7,367.3581,3.40E+01,4.8828,1.62E+01,2.0983
mixed_membo_34-membo_002_.wav,8,421.8575,2.09E+01,39.0625,1.39E+01,1.5011
mixed_membo_34-membo_002_.wav,9,473.9648,2.77E+01,35.1562,1.48E+01,1.8682
mixed_membo_34-membo_002_.wav,10,524.4141,3.75E+01,30.2734,1.65E+01,2.2699
mixed_membo_34-membo_003_.wav,1,66.49,2.38E+02,23.4375,5.53E+01,4.3071
mixed_membo_34-membo_003_.wav,2,132.1912,6.84E+01,12.6953,3.99E+01,1.7151
mixed_membo_34-membo_003_.wav,3,196.2891,6.69E+01,33.2031,2.57E+01,2.6063
mixed_membo_34-membo_003_.wav,4,266.3174,5.70E+01,15.625,2.48E+01,2.2945
mixed_membo_34-membo_003_.wav,5,330.5432,6.04E+01,37.1094,3.15E+01,1.9142
mixed_membo_34-membo_003_.wav,6,396.7584,5.06E+01,38.0859,2.83E+01,1.7867
mixed_membo_34-membo_003_.wav,7,467.7734,4.05E+01,31.25,2.45E+01,1.652
mixed_membo_34-membo_003_.wav,8,528.3203,3.69E+01,39.0625,2.65E+01,1.3931
mixed_membo_34-membo_003_.wav,9,597.5802,7.20E+01,34.1797,2.56E+01,2.816
mixed_membo_34-membo_003_.wav,10,662.5545,4.99E+01,31.25,2.51E+01,1.993
mixed_membo_34-membo_004_.wav,1,48.8705,1.22E+02,21.0177,2.46E+01,4.9542
mixed_membo_34-membo_004_.wav,2,99.7987,1.08E+02,22.1239,3.29E+01,3.2671
mixed_membo_34-membo_004_.wav,3,143.8053,4.27E+01,35.3982,2.40E+01,1.7826
mixed_membo_34-membo_004_.wav,4,196.7049,6.89E+01,33.1858,2.23E+01,3.0838
mixed_membo_34-membo_004_.wav,5,246.02,3.19E+01,34.292,2.90E+01,1.1027
mixed_membo_34-membo_004_.wav,6,291.6815,7.08E+01,14.3805,3.19E+01,2.2166
mixed_membo_34-membo_004_.wav,7,337.3894,7.18E+01,37.6106,3.91E+01,1.835
mixed_membo_34-membo_004_.wav,8,391.6138,7.48E+01,35.3982,3.32E+01,2.2517
mixed_membo_34-membo_004_.wav,9,437.9397,6.23E+01,35.3982,3.13E+01,1.9916
mixed_membo_34-membo_004_.wav,10,486.6238,4.35E+01,33.1858,3.41E+01,1.2764
mixed_membo_35-membo_000_.wav,1,131.9062,1.70E+02,0,2.75E+01,6.2041
mixed_membo_35-membo_000_.wav,2,265.5652,5.22E+01,35.1562,3.84E+01,1.3606
mixed_membo_35-membo_000_.wav,3,397.7636,7.47E+01,1.9531,6.79E+01,1.1002
mixed_membo_35-membo_000_.wav,4,527.2348,7.48E+01,36.1328,5.65E+01,1.325
mixed_membo_35-membo_000_.wav,5,661.363,1.18E+02,34.1797,4.99E+01,2.3663
mixed_membo_35-membo_000_.wav,6,793.9453,6.96E+01,37.1094,6.43E+01,1.0822
mixed_membo_35-membo_000_.wav,7,924.0608,7.43E+01,29.2969,5.45E+01,1.3615
mixed_membo_35-membo_000_.wav,8,1056.2505,6.30E+01,39.0625,3.67E+01,1.7156
mixed_membo_35-membo_000_.wav,9,1188.405,8.25E+01,37.1094,4.65E+01,1.7739
mixed_membo_35-membo_000_.wav,10,1316.7249,8.51E+01,21.4844,3.67E+01,2.3217
mixed_membo_35-membo_001_.wav,1,98.5676,1.27E+02,3.9062,2.97E+01,4.2803
mixed_membo_35-membo_001_.wav,2,198.3116,9.36E+01,31.25,3.01E+01,3.1057
mixed_membo_35-membo_001_.wav,3,298.1223,1.34E+02,28.3203,5.08E+01,2.6415
mixed_membo_35-membo_001_.wav,4,391.6016,8.09E+01,18.5547,7.37E+01,1.0973
mixed_membo_35-membo_001_.wav,5,494.4262,1.43E+02,28.3203,5.99E+01,2.3845
mixed_membo_35-membo_001_.wav,6,594.2161,8.94E+01,32.2266,5.33E+01,1.6764
mixed_membo_35-membo_001_.wav,7,689.522,1.63E+02,31.25,6.23E+01,2.6154
mixed_membo_35-membo_001_.wav,8,791.9922,8.77E+01,31.25,5.00E+01,1.7554
mixed_membo_35-membo_001_.wav,9,889.8282,6.82E+01,30.2734,4.28E+01,1.5951
mixed_membo_35-membo_001_.wav,10,987.3883,5.24E+01,38.0859,4.65E+01,1.1267
mixed_membo_35-membo_002_.wav,1,98.5398,2.79E+02,0.9766,2.66E+01,10.5088
mixed_membo_35-membo_002_.wav,2,199.2687,5.36E+01,36.1328,3.06E+01,1.7548
mixed_membo_35-membo_002_.wav,3,295.4736,8.45E+01,31.25,4.14E+01,2.0402
mixed_membo_35-membo_002_.wav,4,391.6016,9.97E+01,17.5781,5.38E+01,1.8543
mixed_membo_35-membo_002_.wav,5,493.3822,1.17E+02,32.2266,4.92E+01,2.3739
mixed_membo_35-membo_002_.wav,6,588.8672,1.80E+02,24.4141,5.46E+01,3.2965
mixed_membo_35-membo_002_.wav,7,687.5,1.33E+02,37.1094,5.54E+01,2.4042
mixed_membo_35-membo_002_.wav,8,788.3681,9.66E+01,38.0859,5.30E+01,1.8216
mixed_membo_35-membo_002_.wav,9,887.92,4.42E+01,37.1094,3.75E+01,1.1791
mixed_membo_35-membo_002_.wav,10,988.0198,1.03E+02,25.3906,3.21E+01,3.1981
mixed_membo_35-membo_003_.wav,1,98.4086,2.52E+02,0.9766,2.50E+01,10.0868
mixed_membo_35-membo_003_.wav,2,197.2793,1.74E+02,1.9531,2.35E+01,7.414
mixed_membo_35-membo_003_.wav,3,295.7267,7.68E+01,11.7188,2.57E+01,2.9938
mixed_membo_35-membo_003_.wav,4,392.5163,1.25E+02,38.0859,4.06E+01,3.0841
mixed_membo_35-membo_003_.wav,5,495.1321,1.27E+02,10.7422,3.32E+01,3.8345
mixed_membo_35-membo_003_.wav,6,594.7266,1.13E+02,19.5312,3.52E+01,3.2215
mixed_membo_35-membo_003_.wav,7,689.8085,5.78E+01,35.1562,3.81E+01,1.5149
mixed_membo_35-membo_003_.wav,8,786.1328,5.69E+01,39.0625,3.27E+01,1.7379
mixed_membo_35-membo_003_.wav,9,890.625,5.00E+01,34.1797,2.83E+01,1.7676
mixed_membo_35-membo_003_.wav,10,989.2578,4.36E+01,37.1094,2.34E+01,1.867
mixed_membo_35-membo_004_.wav,1,48.4599,1.04E+02,16.5929,1.31E+01,7.9481
mixed_membo_35-membo_004_.wav,2,98.3229,4.00E+01,33.1858,2.12E+01,1.89
mixed_membo_35-membo_004_.wav,3,145.8774,2.71E+01,34.292,1.23E+01,2.1918
mixed_membo_35-membo_004_.wav,4,196.7016,1.98E+01,36.5044,8.43E+00,2.353
mixed_membo_35-membo_004_.wav,5,241.1504,1.29E+01,30.9735,7.78E+00,1.653
mixed_membo_35-membo_004_.wav,6,294.0444,1.61E+01,38.7168,1.03E+01,1.5669
mixed_membo_35-membo_004_.wav,7,337.3894,3.19E+01,21.0177,1.11E+01,2.8824
mixed_membo_35-membo_004_.wav,8,392.6991,9.49E+00,30.9735,8.54E+00,1.1109
mixed_membo_35-membo_004_.wav,9,439.452,1.39E+01,34.292,7.14E+00,1.9422
mixed_membo_35-membo_004_.wav,10,490.0442,1.32E+01,38.7168,9.03E+00,1.4625
mixed_membo_36-membo_000_.wav,1,65.5712,9.87E+02,0.9766,5.40E+01,18.2667
mixed_membo_36-membo_000_.wav,2,130.8217,2.00E+02,21.4844,5.80E+01,3.4574
mixed_membo_36-membo_000_.wav,3,196.5686,2.21E+02,29.2969,5.01E+01,4.4145
mixed_membo_36-membo_000_.wav,4,262.0492,3.64E+02,2.9297,5.26E+01,6.9151
mixed_membo_36-membo_000_.wav,5,327.7392,5.05E+02,21.4844,1.28E+02,3.9422
mixed_membo_36-membo_000_.wav,6,393.8955,1.50E+02,16.6016,5.19E+01,2.8829
mixed_membo_36-membo_000_.wav,7,460.9375,7.46E+01,26.3672,3.17E+01,2.3497
mixed_membo_36-membo_000_.wav,8,522.678,1.51E+02,1.9531,3.30E+01,4.5926
mixed_membo_36-membo_000_.wav,9,591.7969,1.45E+02,4.8828,3.75E+01,3.8615
mixed_membo_36-membo_000_.wav,10,653.2757,2.76E+02,1.9531,5.28E+01,5.2293
mixed_membo_36-membo_001_.wav,1,65.4254,3.32E+02,1.9531,4.09E+01,8.1167
mixed_membo_36-membo_001_.wav,2,130.4031,2.78E+02,0.9766,3.76E+01,7.4003
mixed_membo_36-membo_001_.wav,3,195.7993,1.17E+02,2.9297,2.94E+01,3.9589
mixed_membo_36-membo_001_.wav,4,260.6091,1.63E+02,4.8828,3.82E+01,4.282
mixed_membo_36-membo_001_.wav,5,326.1283,2.84E+02,7.8125,5.30E+01,5.3585
mixed_membo_36-membo_001_.wav,6,391.5515,1.72E+02,0.9766,2.53E+01,6.8013
mixed_membo_36-membo_001_.wav,7,456.7611,6.80E+01,31.25,2.00E+01,3.4076
mixed_membo_36-membo_001_.wav,8,521.6584,9.46E+01,6.8359,2.21E+01,4.2916
mixed_membo_36-membo_001_.wav,9,585.9375,8.91E+01,6.8359,2.45E+01,3.6443
mixed_membo_36-membo_001_.wav,10,656.0751,6.22E+01,17.5781,2.30E+01,2.7092
mixed_membo_36-membo_002_.wav,1,98.6704,1.95E+02,16.6016,4.82E+01,4.0546
mixed_membo_36-membo_002_.wav,2,197.222,1.45E+02,2.9297,3.02E+01,4.8052
mixed_membo_36-membo_002_.wav,3,292.9688,1.39E+02,22.4609,3.70E+01,3.7654
mixed_membo_36-membo_002_.wav,4,393.4655,1.40E+02,0.9766,2.28E+01,6.1438
mixed_membo_36-membo_002_.wav,5,493.3594,1.86E+02,1.9531,1.76E+01,10.5691
mixed_membo_36-membo_002_.wav,6,591.6953,1.70E+02,1.9531,2.48E+01,6.8652
mixed_membo_36-membo_002_.wav,7,688.4482,9.92E+01,14.6484,2.86E+01,3.4669
mixed_membo_36-membo_002_.wav,8,791.9922,8.16E+01,4.8828,2.25E+01,3.6301
mixed_membo_36-membo_002_.wav,9,885.7587,5.79E+01,14.6484,1.73E+01,3.3515
mixed_membo_36-membo_002_.wav,10,989.2578,5.70E+01,1.9531,1.40E+01,4.0647
mixed_membo_36-membo_003_.wav,1,49.7377,1.61E+02,17.5781,3.00E+01,5.3437
mixed_membo_36-membo_003_.wav,2,96.6797,1.12E+02,19.5312,3.35E+01,3.343
mixed_membo_36-membo_003_.wav,3,152.3438,3.32E+01,13.6719,2.61E+01,1.2736
mixed_membo_36-membo_003_.wav,4,198.0854,3.75E+01,36.1328,3.22E+01,1.1654
mixed_membo_36-membo_003_.wav,5,249.1596,6.48E+01,28.3203,2.83E+01,2.2881
mixed_membo_36-membo_003_.wav,6,301.7578,4.55E+01,36.1328,2.70E+01,1.6834
mixed_membo_36-membo_003_.wav,7,345.7031,4.94E+01,37.1094,2.70E+01,1.8299
mixed_membo_36-membo_003_.wav,8,399.5105,2.34E+01,39.0625,1.92E+01,1.2203
mixed_membo_36-membo_003_.wav,9,446.0318,2.42E+01,36.1328,1.62E+01,1.4953
mixed_membo_36-membo_003_.wav,10,500.9766,1.47E+01,38.0859,1.73E+01,0.8496
mixed_membo_36-membo_004_.wav,1,105.0147,1.40E+02,12.1681,3.26E+01,4.2865
mixed_membo_36-membo_004_.wav,2,211.0103,6.19E+01,34.292,3.44E+01,1.8003
mixed_membo_36-membo_004_.wav,3,315.0887,5.44E+01,33.1858,2.19E+01,2.4837
mixed_membo_36-membo_004_.wav,4,418.3259,8.83E+01,1.1062,1.70E+01,5.2092
mixed_membo_36-membo_004_.wav,5,523.2301,7.37E+01,8.8496,2.22E+01,3.3266
mixed_membo_36-membo_004_.wav,6,628.3186,2.87E+01,28.7611,2.94E+01,0.9757
mixed_membo_36-membo_004_.wav,7,736.895,3.90E+01,34.292,2.55E+01,1.5288
mixed_membo_36-membo_004_.wav,8,842.4578,6.23E+01,26.5487,2.30E+01,2.7105
mixed_membo_36-membo_004_.wav,9,949.115,3.30E+01,37.6106,1.96E+01,1.6855
mixed_membo_36-membo_004_.wav,10,1051.2757,2.88E+01,34.292,1.51E+01,1.9142
mixed_membo_37-membo_000_.wav,1,49.264,1.90E+02,1.9531,1.92E+01,9.8839
mixed_membo_37-membo_000_.wav,2,99.752,4.78E+01,29.2969,1.76E+01,2.7185
mixed_membo_37-membo_000_.wav,3,148.012,1.77E+01,33.2031,6.57E+00,2.6931
mixed_membo_37-membo_000_.wav,4,195.437,7.19E+00,35.1562,4.01E+00,1.7919
mixed_membo_37-membo_000_.wav,5,244.3276,2.60E+00,25.3906,2.22E+00,1.174
mixed_membo_37-membo_000_.wav,6,292.934,4.16E+00,33.2031,1.60E+00,2.5983
mixed_membo_37-membo_000_.wav,7,338.8672,1.66E+00,26.3672,1.07E+00,1.559
mixed_membo_37-membo_000_.wav,8,390.9571,1.36E+00,27.3438,7.07E-01,1.9299
mixed_membo_37-membo_000_.wav,9,438.5246,1.19E+00,37.1094,6.92E-01,1.7171
mixed_membo_37-membo_000_.wav,10,487.6718,1.26E+00,37.1094,1.03E+00,1.2204
mixed_membo_37-membo_001_.wav,1,49.6469,7.89E+01,0.9766,4.33E+00,18.2226
mixed_membo_37-membo_001_.wav,2,99.6198,1.73E+01,23.4375,4.67E+00,3.7079
mixed_membo_37-membo_001_.wav,3,150.429,4.71E+00,34.1797,2.08E+00,2.2683
mixed_membo_37-membo_001_.wav,4,200.0837,5.43E+00,9.7656,1.63E+00,3.3282
mixed_membo_37-membo_001_.wav,5,246.0938,3.49E+00,34.1797,1.21E+00,2.8805
mixed_membo_37-membo_001_.wav,6,296.5136,3.64E+00,27.3438,9.01E-01,4.0425
mixed_membo_37-membo_001_.wav,7,346.2226,2.62E+00,11.7188,8.78E-01,2.9839
mixed_membo_37-membo_001_.wav,8,395.5078,2.55E+00,28.3203,7.84E-01,3.2579
mixed_membo_37-membo_001_.wav,9,446.2012,1.27E+00,33.2031,7.54E-01,1.6833
mixed_membo_37-membo_001_.wav,10,495.1172,2.03E+00,13.6719,8.70E-01,2.3345
mixed_membo_37-membo_002_.wav,1,49.6592,9.15E+01,0.9766,7.57E+00,12.0776
mixed_membo_37-membo_002_.wav,2,99.5547,1.79E+01,18.5547,5.06E+00,3.5314
mixed_membo_37-membo_002_.wav,3,147.4399,5.12E+00,35.1562,2.01E+00,2.5495
mixed_membo_37-membo_002_.wav,4,200.0441,7.67E+00,0.9766,1.38E+00,5.5676
mixed_membo_37-membo_002_.wav,5,250.7602,1.68E+00,37.1094,9.09E-01,1.8494
mixed_membo_37-membo_002_.wav,6,295.8984,2.45E+00,39.0625,7.29E-01,3.3658
mixed_membo_37-membo_002_.wav,7,345.7031,1.96E+00,19.5312,5.46E-01,3.5855
mixed_membo_37-membo_002_.wav,8,395.5078,2.61E+00,6.8359,5.25E-01,4.9756
mixed_membo_37-membo_002_.wav,9,445.3125,1.27E+00,26.3672,5.18E-01,2.4558
mixed_membo_37-membo_002_.wav,10,498.9258,1.13E+00,5.8594,3.82E-01,2.9595
mixed_membo_37-membo_003_.wav,1,49.1829,1.00E+02,5.8594,1.29E+01,7.7965
mixed_membo_37-membo_003_.wav,2,99.2309,3.14E+01,22.4609,1.18E+01,2.656
mixed_membo_37-membo_003_.wav,3,146.3142,7.92E+00,5.8594,5.02E+00,1.5778
mixed_membo_37-membo_003_.wav,4,197.257,2.62E+00,19.5312,1.70E+00,1.5454
mixed_membo_37-membo_003_.wav,5,244.4176,1.38E+00,32.2266,1.16E+00,1.1957
mixed_membo_37-membo_003_.wav,6,293.9024,2.62E+00,35.1562,1.25E+00,2.0944
mixed_membo_37-membo_003_.wav,7,342.3775,1.61E+00,37.1094,9.47E-01,1.6968
mixed_membo_37-membo_003_.wav,8,392.1625,9.37E-01,23.4375,6.15E-01,1.5236
mixed_membo_37-membo_003_.wav,9,440.9706,1.04E+00,36.1328,4.87E-01,2.1431
mixed_membo_37-membo_003_.wav,10,490.3138,1.21E+00,12.6953,3.66E-01,3.3132
mixed_membo_37-membo_004_.wav,1,49.4231,1.00E+02,3.3186,1.73E+01,5.7929
mixed_membo_37-membo_004_.wav,2,97.3445,1.73E+01,7.7434,1.33E+01,1.3007
mixed_membo_37-membo_004_.wav,3,146.0177,9.26E+00,34.292,4.79E+00,1.9322
mixed_membo_37-membo_004_.wav,4,200.52,6.93E+00,25.4425,3.75E+00,1.8505
mixed_membo_37-membo_004_.wav,5,251.1062,5.67E+00,36.5044,2.80E+00,2.0239
mixed_membo_37-membo_004_.wav,6,296.28,3.08E+00,38.7168,2.60E+00,1.1839
mixed_membo_37-membo_004_.wav,7,345.1327,3.44E+00,33.1858,2.65E+00,1.2948
mixed_membo_37-membo_004_.wav,8,395.8948,4.63E+00,38.7168,2.59E+00,1.7833
mixed_membo_37-membo_004_.wav,9,449.838,2.89E+00,32.0796,2.39E+00,1.2095
mixed_membo_37-membo_004_.wav,10,496.3725,5.63E+00,30.9735,4.94E+00,1.1393
mixed_membo_38-membo_000_.wav,1,49.5083,1.55E+02,5.8594,1.90E+01,8.1632
mixed_membo_38-membo_000_.wav,2,99.2868,3.33E+01,30.2734,1.77E+01,1.8879
mixed_membo_38-membo_000_.wav,3,150.6411,1.66E+01,15.625,7.30E+00,2.27
mixed_membo_38-membo_000_.wav,4,202.1484,1.19E+01,37.1094,4.84E+00,2.4601
mixed_membo_38-membo_000_.wav,5,248.1422,8.18E+00,23.4375,3.69E+00,2.2148
mixed_membo_38-membo_000_.wav,6,297.1072,4.94E+00,29.2969,2.11E+00,2.339
mixed_membo_38-membo_000_.wav,7,349.8668,2.04E+00,37.1094,1.61E+00,1.2704
mixed_membo_38-membo_000_.wav,8,400.4091,4.25E+00,35.1562,1.40E+00,3.0311
mixed_membo_38-membo_000_.wav,9,449.8127,2.11E+00,39.0625,1.21E+00,1.7408
mixed_membo_38-membo_000_.wav,10,498.1487,1.89E+00,34.1797,1.12E+00,1.695
mixed_membo_38-membo_001_.wav,1,51.5788,1.02E+02,31.25,2.16E+01,4.6935
mixed_membo_38-membo_001_.wav,2,103.4216,5.57E+01,35.1562,1.86E+01,2.9917
mixed_membo_38-membo_001_.wav,3,156.9769,2.56E+01,38.0859,9.36E+00,2.7348
mixed_membo_38-membo_001_.wav,4,204.1016,1.46E+01,36.1328,5.65E+00,2.5805
mixed_membo_38-membo_001_.wav,5,258.2514,5.94E+00,0.9766,3.56E+00,1.6692
mixed_membo_38-membo_001_.wav,6,312.5819,6.87E+00,23.4375,2.23E+00,3.0866
mixed_membo_38-membo_001_.wav,7,362.2641,4.15E+00,36.1328,2.01E+00,2.0683
mixed_membo_38-membo_001_.wav,8,412.8503,4.30E+00,34.1797,2.00E+00,2.1543
mixed_membo_38-membo_001_.wav,9,466.9742,2.53E+00,33.2031,1.76E+00,1.4409
mixed_membo_38-membo_001_.wav,10,516.7183,2.36E+00,25.3906,1.71E+00,1.3812
mixed_membo_38-membo_002_.wav,1,49.7499,1.08E+02,1.9531,9.75E+00,11.0554
mixed_membo_38-membo_002_.wav,2,97.4676,1.86E+01,23.4375,1.04E+01,1.7988
mixed_membo_38-membo_002_.wav,3,146.4844,1.33E+01,34.1797,6.63E+00,2.0125
mixed_membo_38-membo_002_.wav,4,201.554,9.18E+00,34.1797,5.05E+00,1.8171
mixed_membo_38-membo_002_.wav,5,246.0938,7.94E+00,23.4375,3.39E+00,2.3431
mixed_membo_38-membo_002_.wav,6,295.8984,3.30E+00,38.0859,1.98E+00,1.6639
mixed_membo_38-membo_002_.wav,7,349.4292,2.71E+00,34.1797,1.72E+00,1.5766
mixed_membo_38-membo_002_.wav,8,399.2227,3.58E+00,24.4141,1.48E+00,2.4248
mixed_membo_38-membo_002_.wav,9,450.522,1.64E+00,13.6719,1.42E+00,1.1582
mixed_membo_38-membo_002_.wav,10,500.0219,2.25E+00,31.25,1.40E+00,1.604
mixed_membo_38-membo_003_.wav,1,49.1172,1.55E+02,0.9766,9.78E+00,15.8837
mixed_membo_38-membo_003_.wav,2,100.5859,3.31E+01,29.2969,1.25E+01,2.6378
mixed_membo_38-membo_003_.wav,3,148.3035,1.12E+01,29.2969,8.44E+00,1.3224
mixed_membo_38-membo_003_.wav,4,195.6299,9.66E+00,29.2969,6.39E+00,1.5111
mixed_membo_38-membo_003_.wav,5,241.2109,1.04E+01,37.1094,4.04E+00,2.582
mixed_membo_38-membo_003_.wav,6,291.0015,3.53E+00,35.1562,2.40E+00,1.4721
mixed_membo_38-membo_003_.wav,7,342.5634,4.58E+00,37.1094,2.03E+00,2.2564
mixed_membo_38-membo_003_.wav,8,389.0648,4.58E+00,36.1328,1.80E+00,2.5487
mixed_membo_38-membo_003_.wav,9,439.3596,3.79E+00,31.25,1.77E+00,2.144
mixed_membo_38-membo_003_.wav,10,488.144,2.59E+00,36.1328,1.76E+00,1.4682
mixed_membo_38-membo_004_.wav,1,49.2481,1.31E+02,1.1062,5.72E+00,22.9116
mixed_membo_38-membo_004_.wav,2,102.8761,1.96E+01,22.1239,1.10E+01,1.7724
mixed_membo_38-membo_004_.wav,3,146.0177,1.68E+01,35.3982,7.19E+00,2.3358
mixed_membo_38-membo_004_.wav,4,199.4794,1.21E+01,33.1858,4.78E+00,2.5247
mixed_membo_38-membo_004_.wav,5,251.1062,1.07E+01,21.0177,2.62E+00,4.1035
mixed_membo_38-membo_004_.wav,6,295.354,2.49E+00,21.0177,1.95E+00,1.28
mixed_membo_38-membo_004_.wav,7,345.6932,1.68E+00,34.292,1.77E+00,0.9489
mixed_membo_38-membo_004_.wav,8,399.8342,5.48E+00,35.3982,1.83E+00,2.9853
mixed_membo_38-membo_004_.wav,9,451.3274,3.37E+00,36.5044,1.50E+00,2.2402
mixed_membo_38-membo_004_.wav,10,501.1062,2.39E+00,37.6106,1.32E+00,1.8114
mixed_membo_39-membo_000_.wav,1,49.4047,1.11E+02,0.9766,6.33E+00,17.4673
mixed_membo_39-membo_000_.wav,2,99.7017,3.77E+01,29.2969,1.31E+01,2.8764
mixed_membo_39-membo_000_.wav,3,147.2194,1.90E+01,34.1797,8.26E+00,2.2937
mixed_membo_39-membo_000_.wav,4,197.8685,9.88E+00,28.3203,6.16E+00,1.602
mixed_membo_39-membo_000_.wav,5,248.7588,1.45E+01,37.1094,5.08E+00,2.8588
mixed_membo_39-membo_000_.wav,6,297.2865,5.36E+00,37.1094,3.79E+00,1.4134
mixed_membo_39-membo_000_.wav,7,345.7031,5.27E+00,38.0859,3.07E+00,1.7152
mixed_membo_39-membo_000_.wav,8,400.0949,7.00E+00,33.2031,2.55E+00,2.7478
mixed_membo_39-membo_000_.wav,9,445.3125,5.77E+00,13.6719,2.75E+00,2.1004
mixed_membo_39-membo_000_.wav,10,495.1172,6.85E+00,32.2266,5.08E+00,1.3475
mixed_membo_39-membo_001_.wav,1,49.5654,1.00E+02,0.9766,7.65E+00,13.1376
mixed_membo_39-membo_001_.wav,2,100.5479,5.01E+01,23.4375,1.20E+01,4.1585
mixed_membo_39-membo_001_.wav,3,147.835,9.16E+00,34.1797,7.46E+00,1.2277
mixed_membo_39-membo_001_.wav,4,197.601,5.57E+00,39.0625,7.25E+00,0.7686
mixed_membo_39-membo_001_.wav,5,248.9832,9.15E+00,12.6953,5.88E+00,1.5564
mixed_membo_39-membo_001_.wav,6,299.3796,4.98E+00,39.0625,3.82E+00,1.3043
mixed_membo_39-membo_001_.wav,7,345.7031,5.26E+00,38.0859,3.08E+00,1.707
mixed_membo_39-membo_001_.wav,8,397.8161,5.35E+00,30.2734,2.80E+00,1.9114
mixed_membo_39-membo_001_.wav,9,451.1719,5.55E+00,26.3672,2.63E+00,2.1133
mixed_membo_39-membo_001_.wav,10,495.1172,5.67E+00,25.3906,3.30E+00,1.7171
mixed_membo_39-membo_002_.wav,1,48.9343,1.16E+02,0.9766,1.30E+01,8.9047
mixed_membo_39-membo_002_.wav,2,99.8534,3.52E+01,39.0625,1.67E+01,2.1092
mixed_membo_39-membo_002_.wav,3,146.5546,2.53E+01,37.1094,1.12E+01,2.2513
mixed_membo_39-membo_002_.wav,4,192.3828,1.41E+01,32.2266,9.26E+00,1.5195
mixed_membo_39-membo_002_.wav,5,241.2109,1.44E+01,30.2734,6.10E+00,2.3561
mixed_membo_39-membo_002_.wav,6,295.1411,6.33E+00,35.1562,3.25E+00,1.9494
mixed_membo_39-membo_002_.wav,7,340.8927,4.30E+00,39.0625,2.26E+00,1.9077
mixed_membo_39-membo_002_.wav,8,391.5185,4.76E+00,25.3906,2.31E+00,2.0588
mixed_membo_39-membo_002_.wav,9,440.3842,8.87E+00,30.2734,3.27E+00,2.7099
mixed_membo_39-membo_002_.wav,10,486.796,4.40E+00,32.2266,2.84E+00,1.5483
mixed_membo_39-membo_003_.wav,1,49.2504,1.31E+02,6.8359,2.51E+01,5.2101
mixed_membo_39-membo_003_.wav,2,95.3249,4.34E+01,35.1562,2.74E+01,1.5819
mixed_membo_39-membo_003_.wav,3,144.3797,2.02E+01,14.6484,1.22E+01,1.6536
mixed_membo_39-membo_003_.wav,4,198.2422,2.23E+01,35.1562,9.08E+00,2.4519
mixed_membo_39-membo_003_.wav,5,243.5463,1.32E+01,5.8594,6.94E+00,1.897
mixed_membo_39-membo_003_.wav,6,290.9796,7.83E+00,38.0859,4.68E+00,1.673
mixed_membo_39-membo_003_.wav,7,339.8108,6.60E+00,39.0625,3.50E+00,1.8869
mixed_membo_39-membo_003_.wav,8,389.8298,4.53E+00,39.0625,2.82E+00,1.6085
mixed_membo_39-membo_003_.wav,9,436.5234,4.17E+00,38.0859,2.04E+00,2.0439
mixed_membo_39-membo_003_.wav,10,491.2109,2.64E+00,28.3203,1.73E+00,1.5312
mixed_membo_39-membo_004_.wav,1,46.1339,2.07E+02,21.0177,2.92E+01,7.1048
mixed_membo_39-membo_004_.wav,2,96.2389,5.10E+01,39.823,3.27E+01,1.5607
mixed_membo_39-membo_004_.wav,3,141.3961,1.65E+01,35.3982,1.56E+01,1.059
mixed_membo_39-membo_004_.wav,4,184.812,1.71E+01,38.7168,1.14E+01,1.4925
mixed_membo_39-membo_004_.wav,5,233.5136,3.30E+01,35.3982,1.09E+01,3.0371
mixed_membo_39-membo_004_.wav,6,279.0995,1.44E+01,36.5044,9.26E+00,1.5575
mixed_membo_39-membo_004_.wav,7,325.4731,9.98E+00,26.5487,6.64E+00,1.5026
mixed_membo_39-membo_004_.wav,8,373.0891,6.68E+00,33.1858,6.42E+00,1.0402
mixed_membo_39-membo_004_.wav,9,418.3843,1.22E+01,19.9115,5.81E+00,2.1043
mixed_membo_39-membo_004_.wav,10,461.2832,5.38E+00,38.7168,5.76E+00,0.9349
mixed_membo_4-membo_000_.wav,1,49.3187,1.11E+02,0.9766,1.15E+01,9.6353
mixed_membo_4-membo_000_.wav,2,101.8176,4.09E+01,38.0859,2.11E+01,1.9445
mixed_membo_4-membo_000_.wav,3,146.4844,2.61E+01,28.3203,1.53E+01,1.7102
mixed_membo_4-membo_000_.wav,4,199.0854,1.59E+01,38.0859,8.75E+00,1.8135
mixed_membo_4-membo_000_.wav,5,250.1721,1.79E+01,32.2266,6.90E+00,2.5909
mixed_membo_4-membo_000_.wav,6,301.7578,1.02E+01,22.4609,6.30E+00,1.6141
mixed_membo_4-membo_000_.wav,7,346.306,8.35E+00,37.1094,4.82E+00,1.732
mixed_membo_4-membo_000_.wav,8,395.5078,1.10E+01,17.5781,4.72E+00,2.324
mixed_membo_4-membo_000_.wav,9,451.1719,4.70E+00,38.0859,4.62E+00,1.0183
mixed_membo_4-membo_000_.wav,10,498.2598,7.04E+00,33.2031,4.18E+00,1.683
mixed_membo_4-membo_001_.wav,1,49.5659,1.20E+02,0.9766,6.42E+00,18.6126
mixed_membo_4-membo_001_.wav,2,96.6797,2.10E+01,38.0859,1.21E+01,1.7328
mixed_membo_4-membo_001_.wav,3,152.3438,1.53E+01,39.0625,9.00E+00,1.7048
mixed_membo_4-membo_001_.wav,4,196.2891,1.05E+01,38.0859,5.97E+00,1.7618
mixed_membo_4-membo_001_.wav,5,249.9192,8.18E+00,38.0859,4.82E+00,1.698
mixed_membo_4-membo_001_.wav,6,296.9202,9.74E+00,39.0625,4.69E+00,2.0773
mixed_membo_4-membo_001_.wav,7,351.5625,6.87E+00,38.0859,4.99E+00,1.3771
mixed_membo_4-membo_001_.wav,8,396.5388,9.29E+00,39.0625,5.01E+00,1.8545
mixed_membo_4-membo_001_.wav,9,449.1219,8.72E+00,34.1797,4.87E+00,1.7891
mixed_membo_4-membo_001_.wav,10,495.1172,8.93E+00,30.2734,4.57E+00,1.9521
mixed_membo_4-membo_002_.wav,1,49.524,1.32E+02,0.9766,7.06E+00,18.6767
mixed_membo_4-membo_002_.wav,2,97.8758,1.60E+01,38.0859,1.19E+01,1.3438
mixed_membo_4-membo_002_.wav,3,147.6427,1.26E+01,39.0625,8.07E+00,1.5629
mixed_membo_4-membo_002_.wav,4,196.2891,6.96E+00,37.1094,7.01E+00,0.9919
mixed_membo_4-membo_002_.wav,5,246.9504,1.72E+01,27.3438,5.13E+00,3.3579
mixed_membo_4-membo_002_.wav,6,299.6807,6.41E+00,29.2969,4.25E+00,1.5064
mixed_membo_4-membo_002_.wav,7,345.7031,6.68E+00,38.0859,3.77E+00,1.7709
mixed_membo_4-membo_002_.wav,8,396.3933,6.77E+00,36.1328,3.52E+00,1.9234
mixed_membo_4-membo_002_.wav,9,450.593,9.05E+00,20.5078,3.77E+00,2.3992
mixed_membo_4-membo_002_.wav,10,495.1172,9.99E+00,38.0859,4.98E+00,2.0084
mixed_membo_4-membo_003_.wav,1,49.4518,1.44E+02,0.9766,6.89E+00,20.8851
mixed_membo_4-membo_003_.wav,2,97.8614,1.95E+01,30.2734,1.13E+01,1.7214
mixed_membo_4-membo_003_.wav,3,148.0582,1.82E+01,35.1562,9.62E+00,1.8904
mixed_membo_4-membo_003_.wav,4,199.5056,1.63E+01,26.3672,7.54E+00,2.1562
mixed_membo_4-membo_003_.wav,5,247.892,9.48E+00,37.1094,5.91E+00,1.6033
mixed_membo_4-membo_003_.wav,6,297.5327,6.66E+00,32.2266,4.80E+00,1.3895
mixed_membo_4-membo_003_.wav,7,345.7031,7.48E+00,35.1562,3.65E+00,2.0477
mixed_membo_4-membo_003_.wav,8,398.3327,4.79E+00,37.1094,3.49E+00,1.3757
mixed_membo_4-membo_003_.wav,9,448.6183,5.29E+00,36.1328,4.05E+00,1.3057
mixed_membo_4-membo_003_.wav,10,499.2387,6.96E+00,32.2266,4.88E+00,1.425
mixed_membo_4-membo_004_.wav,1,49.5348,1.09E+02,1.1062,4.28E+00,25.4888
mixed_membo_4-membo_004_.wav,2,99.7442,2.22E+01,34.292,1.03E+01,2.1531
mixed_membo_4-membo_004_.wav,3,146.0177,1.21E+01,35.3982,7.72E+00,1.5725
mixed_membo_4-membo_004_.wav,4,200.031,7.63E+00,35.3982,4.96E+00,1.5378
mixed_membo_4-membo_004_.wav,5,251.1062,6.45E+00,24.3363,4.33E+00,1.4875
mixed_membo_4-membo_004_.wav,6,301.9912,6.55E+00,26.5487,3.90E+00,1.6819
mixed_membo_4-membo_004_.wav,7,351.7699,5.85E+00,39.823,3.91E+00,1.4951
mixed_membo_4-membo_004_.wav,8,397.5322,3.90E+00,38.7168,3.75E+00,1.0407
mixed_membo_4-membo_004_.wav,9,451.3274,5.79E+00,33.1858,3.68E+00,1.5736
mixed_membo_4-membo_004_.wav,10,500.1681,5.70E+00,32.0796,3.72E+00,1.5304
mixed_membo_40-membo_000_.wav,1,176.8349,2.23E+02,14.6484,4.13E+01,5.3955
mixed_membo_40-membo_000_.wav,2,350.5859,7.64E+01,26.3672,2.92E+01,2.6128
mixed_membo_40-membo_000_.wav,3,533.2031,6.27E+01,38.0859,4.01E+01,1.5662
mixed_membo_40-membo_000_.wav,4,706.1721,6.82E+01,16.6016,3.25E+01,2.0986
mixed_membo_40-membo_000_.wav,5,886.7188,5.53E+01,39.0625,3.47E+01,1.5914
mixed_membo_40-membo_000_.wav,6,1058.9819,2.57E+01,7.8125,1.54E+01,1.6643
mixed_membo_40-membo_000_.wav,7,1237.1018,2.82E+01,0.9766,2.02E+01,1.3929
mixed_membo_40-membo_000_.wav,8,1416.9922,3.08E+01,32.2266,1.89E+01,1.6272
mixed_membo_40-membo_000_.wav,9,1592.7488,3.33E+01,35.1562,1.88E+01,1.7709
mixed_membo_40-membo_000_.wav,10,1764.6484,1.52E+01,39.0625,1.07E+01,1.4258
mixed_membo_40-membo_001_.wav,1,200.0297,5.63E+02,9.7656,8.38E+01,6.7152
mixed_membo_40-membo_001_.wav,2,401.3672,1.86E+02,23.4375,5.49E+01,3.3904
mixed_membo_40-membo_001_.wav,3,594.7266,7.24E+01,33.2031,3.47E+01,2.0879
mixed_membo_40-membo_001_.wav,4,795.5993,7.52E+01,37.1094,3.70E+01,2.0322
mixed_membo_40-membo_001_.wav,5,997.327,5.28E+01,37.1094,2.85E+01,1.8531
mixed_membo_40-membo_001_.wav,6,1196.3615,3.33E+01,18.5547,1.85E+01,1.8018
mixed_membo_40-membo_001_.wav,7,1397.4609,3.54E+01,19.5312,2.21E+01,1.6033
mixed_membo_40-membo_001_.wav,8,1596.6797,3.06E+01,36.1328,1.75E+01,1.7474
mixed_membo_40-membo_001_.wav,9,1794.002,2.13E+01,39.0625,1.31E+01,1.6298
mixed_membo_40-membo_001_.wav,10,1995.1172,3.39E+01,34.1797,1.27E+01,2.6632
mixed_membo_40-membo_002_.wav,1,173.7063,3.42E+02,7.8125,2.80E+01,12.1998
mixed_membo_40-membo_002_.wav,2,350.5859,2.78E+02,10.7422,2.97E+01,9.3869
mixed_membo_40-membo_002_.wav,3,518.5547,6.35E+01,7.8125,2.28E+01,2.7894
mixed_membo_40-membo_002_.wav,4,695.0946,8.51E+01,23.4375,2.10E+01,4.0488
mixed_membo_40-membo_002_.wav,5,871.3731,1.15E+02,29.2969,2.86E+01,4.032
mixed_membo_40-membo_002_.wav,6,1041.6153,6.15E+01,39.0625,2.62E+01,2.3471
mixed_membo_40-membo_002_.wav,7,1215.6673,6.00E+01,38.0859,1.92E+01,3.1248
mixed_membo_40-membo_002_.wav,8,1391.696,6.01E+01,39.0625,2.34E+01,2.5648
mixed_membo_40-membo_002_.wav,9,1566.3216,6.61E+01,34.1797,2.42E+01,2.7348
mixed_membo_40-membo_002_.wav,10,1740.4194,2.63E+01,36.1328,1.32E+01,1.9982
mixed_membo_40-membo_003_.wav,1,196.6879,4.93E+02,22.4609,2.39E+01,20.571
mixed_membo_40-membo_003_.wav,2,392.7717,2.79E+02,23.4375,3.78E+01,7.4006
mixed_membo_40-membo_003_.wav,3,590.0673,9.92E+01,13.6719,1.92E+01,5.1513
mixed_membo_40-membo_003_.wav,4,785.5839,9.24E+01,7.8125,2.39E+01,3.8747
mixed_membo_40-membo_003_.wav,5,983.5778,4.97E+01,36.1328,2.54E+01,1.9549
mixed_membo_40-membo_003_.wav,6,1177.6394,3.91E+01,37.1094,1.82E+01,2.1521
mixed_membo_40-membo_003_.wav,7,1376.0201,6.46E+01,22.4609,1.72E+01,3.7607
mixed_membo_40-membo_003_.wav,8,1568.8551,3.67E+01,38.0859,1.76E+01,2.09
mixed_membo_40-membo_003_.wav,9,1768.4046,3.80E+01,22.4609,1.39E+01,2.7335
mixed_membo_40-membo_003_.wav,10,1965.8203,1.75E+01,37.1094,8.79E+00,1.9949
mixed_membo_40-membo_004_.wav,1,164.9561,3.43E+02,6.6372,2.54E+01,13.5259
mixed_membo_40-membo_004_.wav,2,331.6898,1.20E+02,13.2743,7.00E+00,17.1879
mixed_membo_40-membo_004_.wav,3,497.7876,1.68E+02,16.5929,9.60E+00,17.5167
mixed_membo_40-membo_004_.wav,4,659.754,7.11E+01,4.4248,6.65E+00,10.6911
mixed_membo_40-membo_004_.wav,5,824.4444,6.76E+01,25.4425,1.68E+01,4.017
mixed_membo_40-membo_004_.wav,6,986.328,7.00E+01,36.5044,1.83E+01,3.8255
mixed_membo_40-membo_004_.wav,7,1153.1622,5.83E+01,26.5487,1.72E+01,3.3878
mixed_membo_40-membo_004_.wav,8,1315.2655,4.59E+01,26.5487,1.46E+01,3.1344
mixed_membo_40-membo_004_.wav,9,1484.0036,2.17E+01,35.3982,1.44E+01,1.5071
mixed_membo_40-membo_004_.wav,10,1644.9115,2.24E+01,38.7168,1.46E+01,1.535
mixed_membo_41-membo_000_.wav,1,74.2371,1.52E+02,33.2031,4.01E+01,3.7932
mixed_membo_41-membo_000_.wav,2,145.5078,2.48E+01,37.1094,2.42E+01,1.0272
mixed_membo_41-membo_000_.wav,3,219.7266,3.62E+01,39.0625,1.88E+01,1.9302
mixed_membo_41-membo_000_.wav,4,295.6535,1.85E+01,34.1797,9.16E+00,2.0205
mixed_membo_41-membo_000_.wav,5,373.4844,1.87E+01,17.5781,1.01E+01,1.859
mixed_membo_41-membo_000_.wav,6,445.5963,2.62E+01,36.1328,1.95E+01,1.3406
mixed_membo_41-membo_000_.wav,7,517.6336,2.33E+01,25.3906,9.95E+00,2.3426
mixed_membo_41-membo_000_.wav,8,594.0493,2.60E+01,29.2969,1.05E+01,2.4785
mixed_membo_41-membo_000_.wav,9,667.8034,3.07E+01,36.1328,1.25E+01,2.4606
mixed_membo_41-membo_000_.wav,10,745.1172,8.07E+00,33.2031,5.91E+00,1.3644
mixed_membo_41-membo_001_.wav,1,69.0759,1.24E+02,38.0859,4.84E+01,2.5668
mixed_membo_41-membo_001_.wav,2,141.6016,5.91E+01,34.1797,4.11E+01,1.4377
mixed_membo_41-membo_001_.wav,3,207.7843,4.65E+01,39.0625,2.64E+01,1.7631
mixed_membo_41-membo_001_.wav,4,276.351,2.82E+01,31.25,1.21E+01,2.338
mixed_membo_41-membo_001_.wav,5,349.6094,2.77E+01,38.0859,1.67E+01,1.6577
mixed_membo_41-membo_001_.wav,6,417.1271,3.58E+01,26.3672,2.23E+01,1.6061
mixed_membo_41-membo_001_.wav,7,488.2812,1.80E+01,33.2031,8.20E+00,2.1915
mixed_membo_41-membo_001_.wav,8,555.8986,3.78E+01,30.2734,9.27E+00,4.082
mixed_membo_41-membo_001_.wav,9,621.0938,3.59E+01,26.3672,1.59E+01,2.2578
mixed_membo_41-membo_001_.wav,10,693.0139,5.68E+00,25.3906,6.12E+00,0.9284
mixed_membo_41-membo_002_.wav,1,49.2558,2.17E+02,25.3906,6.25E+01,3.4685
mixed_membo_41-membo_002_.wav,2,94.7266,1.30E+02,38.0859,7.10E+01,1.8284
mixed_membo_41-membo_002_.wav,3,147.7028,5.73E+01,29.2969,4.20E+01,1.3654
mixed_membo_41-membo_002_.wav,4,192.3828,1.31E+02,32.2266,4.35E+01,3.014
mixed_membo_41-membo_002_.wav,5,241.9076,5.72E+01,19.5312,2.77E+01,2.0681
mixed_membo_41-membo_002_.wav,6,291.9363,2.96E+01,18.5547,2.56E+01,1.1561
mixed_membo_41-membo_002_.wav,7,344.7266,5.59E+01,19.5312,4.09E+01,1.3655
mixed_membo_41-membo_002_.wav,8,390.1017,1.60E+02,25.3906,4.94E+01,3.2491
mixed_membo_41-membo_002_.wav,9,441.5753,2.53E+01,12.6953,1.98E+01,1.2749
mixed_membo_41-membo_002_.wav,10,491.2109,2.45E+01,18.5547,1.54E+01,1.5898
mixed_membo_41-membo_003_.wav,1,46.8314,3.50E+02,22.4609,5.97E+01,5.862
mixed_membo_41-membo_003_.wav,2,90.8203,7.38E+01,29.2969,9.31E+01,0.7926
mixed_membo_41-membo_003_.wav,3,137.6953,1.01E+02,38.0859,6.67E+01,1.5226
mixed_membo_41-membo_003_.wav,4,185.7839,9.05E+01,38.0859,4.88E+01,1.8539
mixed_membo_41-membo_003_.wav,5,232.334,8.08E+01,18.5547,3.28E+01,2.4627
mixed_membo_41-membo_003_.wav,6,284.1797,3.22E+01,36.1328,2.33E+01,1.3831
mixed_membo_41-membo_003_.wav,7,330.1521,5.07E+01,25.3906,2.32E+01,2.1834
mixed_membo_41-membo_003_.wav,8,375.0243,1.02E+02,16.6016,2.39E+01,4.2491
mixed_membo_41-membo_003_.wav,9,422.9794,2.35E+01,19.5312,1.49E+01,1.5794
mixed_membo_41-membo_003_.wav,10,465.8203,1.66E+01,31.25,1.03E+01,1.6058
mixed_membo_41-membo_004_.wav,1,51.808,2.13E+02,26.5487,4.66E+01,4.5716
mixed_membo_41-membo_004_.wav,2,104.7848,1.01E+02,28.7611,4.91E+01,2.0485
mixed_membo_41-membo_004_.wav,3,157.6186,1.02E+02,27.6549,3.14E+01,3.234
mixed_membo_41-membo_004_.wav,4,208.5904,6.57E+01,27.6549,1.87E+01,3.5167
mixed_membo_41-membo_004_.wav,5,263.2743,2.40E+01,34.292,1.84E+01,1.3068
mixed_membo_41-membo_004_.wav,6,310.0444,3.13E+01,29.8673,1.93E+01,1.6223
mixed_membo_41-membo_004_.wav,7,361.7248,6.66E+01,16.5929,1.58E+01,4.202
mixed_membo_41-membo_004_.wav,8,416.6927,2.16E+01,36.5044,1.08E+01,1.9928
mixed_membo_41-membo_004_.wav,9,465.4525,1.28E+01,38.7168,8.50E+00,1.5022
mixed_membo_41-membo_004_.wav,10,520.3278,1.44E+01,33.1858,1.14E+01,1.2623
mixed_membo_42-membo_000_.wav,1,49.9404,1.98E+02,14.6484,4.18E+01,4.7364
mixed_membo_42-membo_000_.wav,2,102.5391,6.08E+01,34.1797,4.07E+01,1.4945
mixed_membo_42-membo_000_.wav,3,148.4837,4.40E+01,37.1094,2.65E+01,1.661
mixed_membo_42-membo_000_.wav,4,198.2427,3.59E+01,33.2031,1.95E+01,1.8435
mixed_membo_42-membo_000_.wav,5,251.9531,1.47E+01,31.25,1.11E+01,1.3281
mixed_membo_42-membo_000_.wav,6,299.9094,1.17E+01,24.4141,7.07E+00,1.6592
mixed_membo_42-membo_000_.wav,7,350.7106,9.78E+00,33.2031,6.85E+00,1.4283
mixed_membo_42-membo_000_.wav,8,398.3561,5.73E+00,38.0859,5.40E+00,1.0608
mixed_membo_42-membo_000_.wav,9,451.1719,6.45E+00,36.1328,3.26E+00,1.9755
mixed_membo_42-membo_000_.wav,10,499.3936,5.45E+00,38.0859,2.88E+00,1.8955
mixed_membo_42-membo_001_.wav,1,51.8875,1.52E+02,30.2734,2.47E+01,6.1292
mixed_membo_42-membo_001_.wav,2,103.5852,6.41E+01,37.1094,2.70E+01,2.3701
mixed_membo_42-membo_001_.wav,3,157.0224,3.32E+01,38.0859,1.61E+01,2.0625
mixed_membo_42-membo_001_.wav,4,205.1625,1.49E+01,33.2031,9.47E+00,1.5757
mixed_membo_42-membo_001_.wav,5,257.0749,7.04E+00,35.1562,6.58E+00,1.0685
mixed_membo_42-membo_001_.wav,6,309.5871,1.04E+01,37.1094,3.83E+00,2.7251
mixed_membo_42-membo_001_.wav,7,360.1641,5.56E+00,33.2031,2.71E+00,2.0506
mixed_membo_42-membo_001_.wav,8,413.9445,4.05E+00,33.2031,1.81E+00,2.2409
mixed_membo_42-membo_001_.wav,9,466.9131,2.37E+00,38.0859,1.31E+00,1.8187
mixed_membo_42-membo_001_.wav,10,520.5078,1.64E+00,39.0625,1.14E+00,1.4372
mixed_membo_42-membo_002_.wav,1,53.0261,8.88E+01,23.4375,1.75E+01,5.0627
mixed_membo_42-membo_002_.wav,2,102.5391,4.48E+01,33.2031,2.32E+01,1.9344
mixed_membo_42-membo_002_.wav,3,155.9445,1.81E+01,19.5312,1.11E+01,1.6287
mixed_membo_42-membo_002_.wav,4,213.8672,8.62E+00,35.1562,6.44E+00,1.3391
mixed_membo_42-membo_002_.wav,5,260.7422,3.69E+00,7.8125,3.35E+00,1.1018
mixed_membo_42-membo_002_.wav,6,316.4995,3.17E+00,36.1328,2.23E+00,1.4202
mixed_membo_42-membo_002_.wav,7,366.2109,3.03E+00,38.0859,3.12E+00,0.9723
mixed_membo_42-membo_002_.wav,8,424.8047,3.32E+00,39.0625,2.70E+00,1.2319
mixed_membo_42-membo_002_.wav,9,475.5982,1.33E+00,37.1094,1.02E+00,1.3039
mixed_membo_42-membo_002_.wav,10,528.2548,6.41E-01,38.0859,5.06E-01,1.2677
mixed_membo_42-membo_003_.wav,1,49.4336,1.50E+02,10.7422,1.76E+01,8.5018
mixed_membo_42-membo_003_.wav,2,97.8245,5.83E+01,36.1328,2.90E+01,2.0088
mixed_membo_42-membo_003_.wav,3,150.3932,3.89E+01,28.3203,2.04E+01,1.9044
mixed_membo_42-membo_003_.wav,4,199.9566,2.20E+01,24.4141,1.57E+01,1.3948
mixed_membo_42-membo_003_.wav,5,250.0878,2.50E+01,38.0859,1.36E+01,1.834
mixed_membo_42-membo_003_.wav,6,299.7915,6.92E+00,33.2031,1.10E+01,0.6316
mixed_membo_42-membo_003_.wav,7,345.7031,1.02E+01,35.1562,7.18E+00,1.4164
mixed_membo_42-membo_003_.wav,8,395.5078,4.47E+00,34.1797,4.34E+00,1.0303
mixed_membo_42-membo_003_.wav,9,450.6535,2.34E+00,39.0625,2.38E+00,0.9852
mixed_membo_42-membo_003_.wav,10,499.9804,2.01E+00,39.0625,1.84E+00,1.0922
mixed_membo_42-membo_004_.wav,1,49.3307,7.07E+01,2.2124,7.94E+00,8.9075
mixed_membo_42-membo_004_.wav,2,99.4625,1.77E+01,21.0177,5.49E+00,3.2234
mixed_membo_42-membo_004_.wav,3,151.5487,2.01E+00,35.3982,1.25E+00,1.6059
mixed_membo_42-membo_004_.wav,4,199.9377,8.15E+00,1.1062,8.92E-01,9.1372
mixed_membo_42-membo_004_.wav,5,249.9408,8.07E-01,29.8673,9.46E-01,0.8529
mixed_membo_42-membo_004_.wav,6,295.9786,2.98E+00,30.9735,8.84E-01,3.3691
mixed_membo_42-membo_004_.wav,7,345.1327,2.70E+00,5.531,8.38E-01,3.2191
mixed_membo_42-membo_004_.wav,8,394.9115,2.16E+00,32.0796,7.49E-01,2.8851
mixed_membo_42-membo_004_.wav,9,446.693,1.01E+00,34.292,7.00E-01,1.4377
mixed_membo_42-membo_004_.wav,10,499.0213,7.66E-01,35.3982,6.87E-01,1.1139
mixed_membo_43-membo_000_.wav,1,125.9386,1.25E+03,1.9531,5.23E+01,23.9264
mixed_membo_43-membo_000_.wav,2,252.2984,5.38E+02,1.9531,4.16E+01,12.9443
mixed_membo_43-membo_000_.wav,3,380.8594,1.37E+02,5.8594,3.05E+01,4.4782
mixed_membo_43-membo_000_.wav,4,505.5427,1.67E+02,1.9531,3.95E+01,4.2248
mixed_membo_43-membo_000_.wav,5,632.8125,5.62E+01,34.1797,3.38E+01,1.6605
mixed_membo_43-membo_000_.wav,6,756.6799,3.93E+01,24.4141,2.40E+01,1.6373
mixed_membo_43-membo_000_.wav,7,883.2105,5.08E+01,36.1328,2.39E+01,2.1242
mixed_membo_43-membo_000_.wav,8,1007.3137,5.27E+01,23.4375,2.63E+01,2.0013
mixed_membo_43-membo_000_.wav,9,1136.7188,4.67E+01,34.1797,2.39E+01,1.9534
mixed_membo_43-membo_000_.wav,10,1261.9452,3.82E+01,36.1328,1.65E+01,2.3233
mixed_membo_43-membo_001_.wav,1,120.3138,6.62E+02,1.9531,3.06E+01,21.6816
mixed_membo_43-membo_001_.wav,2,239.0371,2.19E+02,9.7656,4.23E+01,5.1831
mixed_membo_43-membo_001_.wav,3,357.4219,7.31E+01,32.2266,3.19E+01,2.2898
mixed_membo_43-membo_001_.wav,4,482.566,9.03E+01,21.4844,3.52E+01,2.5685
mixed_membo_43-membo_001_.wav,5,601.6237,8.93E+01,39.0625,4.07E+01,2.1947
mixed_membo_43-membo_001_.wav,6,719.1957,4.19E+01,28.3203,3.80E+01,1.1022
mixed_membo_43-membo_001_.wav,7,837.8906,5.41E+01,36.1328,2.44E+01,2.2208
mixed_membo_43-membo_001_.wav,8,958.0078,5.35E+01,26.3672,2.48E+01,2.1587
mixed_membo_43-membo_001_.wav,9,1081.4786,5.80E+01,35.1562,3.24E+01,1.7925
mixed_membo_43-membo_001_.wav,10,1199.6343,2.34E+01,39.0625,2.05E+01,1.1408
mixed_membo_43-membo_002_.wav,1,162.9422,1.32E+02,35.1562,6.59E+01,2.0021
mixed_membo_43-membo_002_.wav,2,326.116,8.65E+01,34.1797,3.98E+01,2.1731
mixed_membo_43-membo_002_.wav,3,488.0344,1.00E+02,24.4141,4.16E+01,2.4142
mixed_membo_43-membo_002_.wav,4,652.4461,6.37E+01,39.0625,3.62E+01,1.7628
mixed_membo_43-membo_002_.wav,5,814.6965,5.50E+01,33.2031,2.89E+01,1.9038
mixed_membo_43-membo_002_.wav,6,977.2714,4.77E+01,33.2031,3.03E+01,1.5729
mixed_membo_43-membo_002_.wav,7,1138.6719,3.03E+01,37.1094,2.51E+01,1.2075
mixed_membo_43-membo_002_.wav,8,1302.6813,5.79E+01,36.1328,2.00E+01,2.8912
mixed_membo_43-membo_002_.wav,9,1465.7504,1.79E+01,37.1094,1.67E+01,1.0718
mixed_membo_43-membo_002_.wav,10,1633.1857,2.43E+01,39.0625,1.46E+01,1.661
mixed_membo_43-membo_003_.wav,1,65.2436,1.33E+02,17.5781,1.33E+01,9.9995
mixed_membo_43-membo_003_.wav,2,130.8836,3.08E+01,36.1328,1.89E+01,1.6347
mixed_membo_43-membo_003_.wav,3,199.2188,4.24E+01,38.0859,2.20E+01,1.9261
mixed_membo_43-membo_003_.wav,4,258.7891,2.58E+01,38.0859,1.77E+01,1.4606
mixed_membo_43-membo_003_.wav,5,329.2857,3.00E+01,30.2734,3.00E+01,0.9994
mixed_membo_43-membo_003_.wav,6,389.6484,2.90E+01,30.2734,2.09E+01,1.3887
mixed_membo_43-membo_003_.wav,7,460.9375,3.19E+01,34.1797,1.61E+01,1.9766
mixed_membo_43-membo_003_.wav,8,521.6175,2.55E+01,27.3438,1.73E+01,1.4746
mixed_membo_43-membo_003_.wav,9,589.4882,1.34E+01,24.4141,1.25E+01,1.0669
mixed_membo_43-membo_003_.wav,10,651.3672,2.02E+01,37.1094,1.19E+01,1.7061
mixed_membo_43-membo_004_.wav,1,49.6453,7.61E+01,7.7434,8.02E+00,9.4843
mixed_membo_43-membo_004_.wav,2,98.216,2.67E+01,12.1681,6.89E+00,3.876
mixed_membo_43-membo_004_.wav,3,146.0177,9.61E+00,30.9735,4.39E+00,2.1878
mixed_membo_43-membo_004_.wav,4,197.5068,1.56E+01,18.8053,7.06E+00,2.2112
mixed_membo_43-membo_004_.wav,5,246.4254,1.47E+01,36.5044,7.02E+00,2.0925
mixed_membo_43-membo_004_.wav,6,301.1332,6.62E+00,35.3982,4.14E+00,1.6008
mixed_membo_43-membo_004_.wav,7,351.7699,1.25E+01,21.0177,5.35E+00,2.3356
mixed_membo_43-membo_004_.wav,8,394.9115,1.46E+01,39.823,8.50E+00,1.7137
mixed_membo_43-membo_004_.wav,9,449.3257,9.85E+00,36.5044,6.48E+00,1.5207
mixed_membo_43-membo_004_.wav,10,497.3596,4.67E+00,35.3982,2.94E+00,1.5911
mixed_membo_44-membo_000_.wav,1,49.4939,1.01E+02,0.9766,1.17E+00,86.3846
mixed_membo_44-membo_000_.wav,2,99.7573,8.01E+00,0.9766,1.33E+00,6.0245
mixed_membo_44-membo_000_.wav,3,150.4175,2.22E+00,32.2266,1.08E+00,2.0547
mixed_membo_44-membo_000_.wav,4,200.061,5.13E+00,15.625,1.39E+00,3.6937
mixed_membo_44-membo_000_.wav,5,246.0938,2.45E+00,36.1328,1.65E+00,1.4891
mixed_membo_44-membo_000_.wav,6,295.8984,4.31E+00,33.2031,2.23E+00,1.9385
mixed_membo_44-membo_000_.wav,7,345.7031,7.86E+00,37.1094,3.09E+00,2.541
mixed_membo_44-membo_000_.wav,8,398.7018,4.21E+00,38.0859,2.57E+00,1.64
mixed_membo_44-membo_000_.wav,9,451.1719,2.33E+00,39.0625,2.05E+00,1.1349
mixed_membo_44-membo_000_.wav,10,497.0458,2.82E+00,37.1094,2.18E+00,1.2965
mixed_membo_44-membo_001_.wav,1,49.2295,1.13E+02,0.9766,1.48E+00,76.5024
mixed_membo_44-membo_001_.wav,2,99.6863,8.84E+00,1.9531,1.55E+00,5.6903
mixed_membo_44-membo_001_.wav,3,148.6783,1.70E+00,30.2734,1.01E+00,1.6802
mixed_membo_44-membo_001_.wav,4,193.2916,2.38E+00,22.4609,1.11E+00,2.1477
mixed_membo_44-membo_001_.wav,5,247.0703,2.20E+00,38.0859,1.29E+00,1.7091
mixed_membo_44-membo_001_.wav,6,290.9102,3.12E+00,33.2031,1.32E+00,2.3615
mixed_membo_44-membo_001_.wav,7,341.5799,3.92E+00,31.25,1.41E+00,2.7769
mixed_membo_44-membo_001_.wav,8,391.237,2.18E+00,38.0859,1.63E+00,1.3339
mixed_membo_44-membo_001_.wav,9,442.3828,1.82E+00,38.0859,1.61E+00,1.129
mixed_membo_44-membo_001_.wav,10,490.3729,1.90E+00,37.1094,1.23E+00,1.549
mixed_membo_44-membo_002_.wav,1,49.2682,1.25E+02,0.9766,1.51E+00,82.9449
mixed_membo_44-membo_002_.wav,2,99.9984,6.71E+00,22.4609,1.56E+00,4.3108
mixed_membo_44-membo_002_.wav,3,143.5547,2.31E+00,28.3203,1.10E+00,2.1119
mixed_membo_44-membo_002_.wav,4,197.2198,2.37E+00,8.7891,1.30E+00,1.827
mixed_membo_44-membo_002_.wav,5,241.9811,3.12E+00,39.0625,1.76E+00,1.773
mixed_membo_44-membo_002_.wav,6,295.8984,3.45E+00,36.1328,2.43E+00,1.4221
mixed_membo_44-membo_002_.wav,7,340.6827,7.05E+00,39.0625,3.24E+00,2.1749
mixed_membo_44-membo_002_.wav,8,387.6953,4.18E+00,37.1094,3.63E+00,1.1517
mixed_membo_44-membo_002_.wav,9,442.3828,4.48E+00,32.2266,2.82E+00,1.5883
mixed_membo_44-membo_002_.wav,10,489.3589,5.87E+00,36.1328,2.79E+00,2.1056
mixed_membo_44-membo_003_.wav,1,49.3826,1.12E+02,0.9766,1.39E+00,81.1625
mixed_membo_44-membo_003_.wav,2,100.0615,5.87E+00,19.5312,1.47E+00,3.9934
mixed_membo_44-membo_003_.wav,3,148.8558,1.51E+00,25.3906,8.79E-01,1.7135
mixed_membo_44-membo_003_.wav,4,199.9807,6.92E+00,0.9766,8.98E-01,7.7049
mixed_membo_44-membo_003_.wav,5,249.9094,2.44E+00,31.25,1.09E+00,2.232
mixed_membo_44-membo_003_.wav,6,296.8784,4.24E+00,31.25,1.93E+00,2.1908
mixed_membo_44-membo_003_.wav,7,349.6055,6.79E+00,38.0859,3.10E+00,2.1891
mixed_membo_44-membo_003_.wav,8,395.5078,7.20E+00,37.1094,2.92E+00,2.4692
mixed_membo_44-membo_003_.wav,9,448.0242,2.69E+00,34.1797,2.53E+00,1.0641
mixed_membo_44-membo_003_.wav,10,496.999,3.84E+00,38.0859,2.26E+00,1.697
mixed_membo_44-membo_004_.wav,1,49.5596,7.32E+01,1.1062,3.10E+00,23.626
mixed_membo_44-membo_004_.wav,2,99.348,1.04E+01,2.2124,2.03E+00,5.1133
mixed_membo_44-membo_004_.wav,3,146.8473,1.02E+00,25.4425,6.85E-01,1.4954
mixed_membo_44-membo_004_.wav,4,200.0515,5.80E+00,1.1062,6.17E-01,9.3998
mixed_membo_44-membo_004_.wav,5,245.5752,9.27E-01,39.823,6.91E-01,1.3416
mixed_membo_44-membo_004_.wav,6,301.9912,2.28E+00,30.9735,1.08E+00,2.1206
mixed_membo_44-membo_004_.wav,7,345.1327,1.82E+00,38.7168,1.64E+00,1.108
mixed_membo_44-membo_004_.wav,8,397.1758,3.22E+00,36.5044,1.41E+00,2.2833
mixed_membo_44-membo_004_.wav,9,450.3989,2.36E+00,28.7611,1.25E+00,1.8901
mixed_membo_44-membo_004_.wav,10,495.2767,2.94E+00,28.7611,1.07E+00,2.7381
mixed_membo_45-membo_000_.wav,1,49.3774,8.59E+01,0.9766,1.13E+00,75.9535
mixed_membo_45-membo_000_.wav,2,99.9519,7.83E+00,0.9766,1.23E+00,6.3411
mixed_membo_45-membo_000_.wav,3,151.7796,1.05E+00,38.0859,6.75E-01,1.5621
mixed_membo_45-membo_000_.wav,4,200.0372,7.19E+00,0.9766,7.51E-01,9.5783
mixed_membo_45-membo_000_.wav,5,247.2964,1.62E+00,39.0625,1.04E+00,1.5584
mixed_membo_45-membo_000_.wav,6,296.8072,3.07E+00,32.2266,1.22E+00,2.5259
mixed_membo_45-membo_000_.wav,7,345.7031,2.05E+00,32.2266,1.14E+00,1.8074
mixed_membo_45-membo_000_.wav,8,395.5078,2.66E+00,26.3672,9.52E-01,2.7902
mixed_membo_45-membo_000_.wav,9,450.1388,2.07E+00,38.0859,1.24E+00,1.67
mixed_membo_45-membo_000_.wav,10,497.0239,1.89E+00,37.1094,1.28E+00,1.4708
